xmin,ymin,xmax,ymax,score,label
497.531982421875,299.4900817871094,610.0231323242188,385.3643798828125,0.8825036883354187,3
497.9209899902344,300.135498046875,605.4695434570312,384.2677917480469,0.4167087972164154,8
