xmin,ymin,xmax,ymax,score,label
235.17404174804688,198.1667022705078,247.5996551513672,212.43490600585938,0.0937119647860527,3
