xmin,ymin,xmax,ymax,score,label
234.51492309570312,199.10337829589844,247.52398681640625,213.1265869140625,0.13639836013317108,3
