xmin,ymin,xmax,ymax,score,label
234.5924530029297,199.0473175048828,247.57325744628906,213.18258666992188,0.10716547071933746,3
