xmin,ymin,xmax,ymax,score,label
462.3194580078125,286.270263671875,565.7734375,360.28631591796875,0.9675425887107849,3
458.2648620605469,287.1737976074219,561.7593383789062,358.3602294921875,0.13216441869735718,8
