xmin,ymin,xmax,ymax,score,label
528.7406616210938,314.2527160644531,640.0,411.7599792480469,0.8310518264770508,3
528.700439453125,310.6326904296875,640.0,410.95465087890625,0.2840788960456848,8
568.2537841796875,326.8846435546875,590.9138793945312,351.0218505859375,0.13506828248500824,1
