xmin,ymin,xmax,ymax,score,label
632.600341796875,374.3504333496094,640.0,405.9255065917969,0.06430703401565552,1
