xmin,ymin,xmax,ymax,score,label
567.4756469726562,341.3166198730469,639.9227294921875,421.90765380859375,0.7104189395904541,3
572.3775634765625,338.3612060546875,639.000732421875,428.2632751464844,0.5204916000366211,8
