xmin,ymin,xmax,ymax,score,label
444.5494384765625,276.1445617675781,531.0718383789062,343.88433837890625,0.9811186790466309,3
478.1321716308594,292.9492492675781,483.8824462890625,298.233154296875,0.11281029880046844,1
482.9707336425781,288.7872619628906,488.76422119140625,297.6991882324219,0.08523106575012207,1
481.6107177734375,291.68670654296875,487.757080078125,297.9368896484375,0.06835450232028961,1
