xmin,ymin,xmax,ymax,score,label
283.5239562988281,214.28269958496094,295.9654541015625,224.12147521972656,0.9221133589744568,3
285.4288330078125,217.41981506347656,294.8188171386719,224.67723083496094,0.187828928232193,3
284.8118896484375,220.5952606201172,295.1668701171875,225.4980926513672,0.09693122655153275,3
283.1728820800781,213.53884887695312,295.9228210449219,224.15914916992188,0.08070741593837738,8
239.4808349609375,201.4185333251953,290.17510986328125,224.7860565185547,0.05775719881057739,8
