xmin,ymin,xmax,ymax,score,label
234.01393127441406,198.39712524414062,247.50027465820312,212.6511993408203,0.07650935649871826,3
