xmin,ymin,xmax,ymax,score,label
281.25152587890625,213.7100372314453,293.9215087890625,223.21519470214844,0.9508405327796936,3
279.79022216796875,212.95556640625,289.5809631347656,221.9929962158203,0.137023463845253,3
282.83074951171875,217.7603302001953,292.82904052734375,223.9829559326172,0.1236376017332077,3
280.271484375,212.0706024169922,294.2850341796875,223.11599731445312,0.11697924137115479,8
285.5737609863281,214.519287109375,294.97119140625,222.21507263183594,0.09817738831043243,3
238.5808868408203,201.33047485351562,290.00030517578125,223.78890991210938,0.07750464975833893,8
282.9727783203125,212.59962463378906,293.2361755371094,219.49343872070312,0.06754384189844131,3
