xmin,ymin,xmax,ymax,score,label
235.42491149902344,197.96788024902344,247.56410217285156,212.51527404785156,0.06743833422660828,3
