xmin,ymin,xmax,ymax,score,label
237.09359741210938,198.81045532226562,248.2168426513672,212.50450134277344,0.0597345270216465,3
