xmin,ymin,xmax,ymax,score,label
279.8948059082031,213.86944580078125,291.4701232910156,222.6789093017578,0.955387532711029,3
280.64019775390625,217.42079162597656,291.5047912597656,224.13246154785156,0.1790567934513092,3
278.3565979003906,212.35646057128906,291.9937744140625,222.4560089111328,0.12299355119466782,8
280.4832763671875,212.02838134765625,291.7304992675781,219.40650939941406,0.09801121056079865,3
237.43206787109375,201.49818420410156,290.5953063964844,223.0310516357422,0.09614694118499756,8
277.58203125,212.49546813964844,287.9298400878906,221.14437866210938,0.0751180425286293,3
284.24566650390625,213.70106506347656,293.9671630859375,221.6161346435547,0.06259657442569733,3
