xmin,ymin,xmax,ymax,score,label
236.0999298095703,198.31483459472656,248.0315399169922,212.53173828125,0.06135053187608719,3
