xmin,ymin,xmax,ymax,score,label
279.5557556152344,213.49684143066406,290.36981201171875,221.8414764404297,0.9212738871574402,3
277.7032165527344,211.58168029785156,290.81689453125,221.59622192382812,0.18193523585796356,8
278.4553527832031,212.803466796875,286.9410095214844,220.10186767578125,0.17239540815353394,3
281.94671630859375,212.21205139160156,290.9203796386719,219.1041717529297,0.15207484364509583,3
235.39492797851562,200.80734252929688,289.3047790527344,222.53211975097656,0.10624824464321136,8
280.1481628417969,218.50181579589844,289.8002014160156,223.55604553222656,0.07288046926259995,3
276.6105041503906,212.5359649658203,285.0606689453125,220.2479705810547,0.06797315925359726,8
