xmin,ymin,xmax,ymax,score,label
237.2427978515625,199.42279052734375,247.13063049316406,210.79913330078125,0.05176318436861038,3
