xmin,ymin,xmax,ymax,score,label
278.54058837890625,212.45176696777344,288.78424072265625,220.84202575683594,0.9044573903083801,3
275.9599304199219,212.311279296875,283.8741455078125,219.77296447753906,0.3664211928844452,3
275.44659423828125,210.71432495117188,289.5576171875,220.310546875,0.26542437076568604,8
279.9190673828125,215.5164794921875,288.8249816894531,221.8607177734375,0.16071857511997223,3
275.97705078125,212.09451293945312,283.9563903808594,219.6754150390625,0.11983346939086914,8
282.5010681152344,212.62501525878906,290.4925231933594,220.18829345703125,0.06800516694784164,3
