xmin,ymin,xmax,ymax,score,label
271.7312316894531,209.8640899658203,282.2274169921875,217.63427734375,0.8838987350463867,3
272.9952087402344,213.30714416503906,281.26239013671875,218.75523376464844,0.27142253518104553,3
275.1300048828125,211.3270263671875,282.8382873535156,218.25123596191406,0.16846570372581482,3
235.3217315673828,199.25827026367188,248.57044982910156,212.55572509765625,0.1543186753988266,3
271.3079833984375,210.5258331298828,277.5355529785156,217.27601623535156,0.14140795171260834,3
275.37506103515625,209.81759643554688,281.964111328125,215.3731231689453,0.11457622796297073,3
270.9139709472656,208.87677001953125,282.4476623535156,217.99908447265625,0.11336906254291534,8
271.0213317871094,209.5575408935547,277.0942077636719,217.22024536132812,0.05296266824007034,1
