xmin,ymin,xmax,ymax,score,label
270.5113220214844,209.7588348388672,281.43218994140625,217.33285522460938,0.9017396569252014,3
269.2781066894531,208.79437255859375,281.5615234375,217.4346466064453,0.1613103151321411,8
