xmin,ymin,xmax,ymax,score,label
269.6517028808594,209.4097442626953,279.0599365234375,217.0690155029297,0.8156249523162842,3
269.1029052734375,208.98045349121094,279.2902526855469,216.7726593017578,0.061254099011421204,8
