xmin,ymin,xmax,ymax,score,label
268.4029541015625,208.85118103027344,276.6415710449219,216.31031799316406,0.5242598652839661,3
267.012451171875,207.47576904296875,276.7403564453125,216.13665771484375,0.09560642391443253,8
271.5037841796875,210.0667266845703,277.1676940917969,216.0606231689453,0.06819187849760056,3
235.46609497070312,198.3656005859375,247.40957641601562,212.13502502441406,0.06088857352733612,3
