xmin,ymin,xmax,ymax,score,label
266.97515869140625,207.5906219482422,275.2820129394531,214.01718139648438,0.8074991703033447,3
265.80810546875,208.0625457763672,271.9151916503906,213.96261596679688,0.18027447164058685,3
263.8060607910156,205.8583221435547,275.7337646484375,215.0972442626953,0.10894008725881577,3
264.94091796875,207.22250366210938,269.9561462402344,213.24703979492188,0.10020427405834198,3
270.2242736816406,208.1707000732422,276.327880859375,212.9999542236328,0.08668997883796692,3
263.9885559082031,208.10191345214844,268.5707092285156,213.94224548339844,0.050987906754016876,3
265.3603515625,206.6456756591797,276.1298522949219,214.98031616210938,0.050753507763147354,8
