xmin,ymin,xmax,ymax,score,label
265.80755615234375,207.3374786376953,274.6138916015625,213.87379455566406,0.8034167885780334,3
264.8070983886719,206.5169219970703,274.89324951171875,214.48812866210938,0.11922480165958405,8
234.87962341308594,198.8109130859375,247.45936584472656,212.57955932617188,0.0686369240283966,3
267.22894287109375,209.60084533691406,274.3319091796875,214.76026916503906,0.05205993726849556,3
