xmin,ymin,xmax,ymax,score,label
234.74346923828125,198.40977478027344,247.53208923339844,212.54164123535156,0.06351351737976074,3
