xmin,ymin,xmax,ymax,score,label
266.03961181640625,207.71839904785156,273.3238525390625,213.7787628173828,0.7396981716156006,3
263.4002380371094,206.220947265625,274.0824279785156,214.76231384277344,0.23887698352336884,3
265.4850158691406,207.31336975097656,276.1637878417969,217.02342224121094,0.15930059552192688,3
234.5714874267578,199.06912231445312,247.36280822753906,212.607177734375,0.15018977224826813,3
268.7317199707031,208.1627960205078,274.67431640625,213.6200714111328,0.14917849004268646,3
264.6355285644531,207.39683532714844,269.4461364746094,213.3216552734375,0.12211141735315323,3
262.77587890625,207.63694763183594,266.6457214355469,213.57318115234375,0.05343039706349373,1
265.06817626953125,207.38426208496094,272.7703857421875,213.6708221435547,0.05306697636842728,8
