xmin,ymin,xmax,ymax,score,label
234.42132568359375,198.70289611816406,247.7391815185547,212.93589782714844,0.06456191092729568,3
