xmin,ymin,xmax,ymax,score,label
234.59347534179688,198.89239501953125,247.85101318359375,212.8869171142578,0.05599389970302582,3
