xmin,ymin,xmax,ymax,score,label
234.85089111328125,199.26885986328125,247.90142822265625,213.12818908691406,0.06451351940631866,3
