xmin,ymin,xmax,ymax,score,label
263.33367919921875,206.86949157714844,271.7545166015625,212.69313049316406,0.6520709991455078,3
264.7719421386719,208.782470703125,271.3476257324219,213.3073272705078,0.11570148169994354,3
263.1924133300781,206.76358032226562,271.6873474121094,212.6865692138672,0.08408201485872269,8
