xmin,ymin,xmax,ymax,score,label
234.84092712402344,199.25686645507812,247.91946411132812,213.08663940429688,0.0671050101518631,3
