xmin,ymin,xmax,ymax,score,label
235.34707641601562,198.3866424560547,248.13333129882812,212.65940856933594,0.06297721713781357,3
