xmin,ymin,xmax,ymax,score,label
262.5498046875,206.27120971679688,270.6623840332031,212.14285278320312,0.7901923060417175,3
262.0415954589844,205.90000915527344,270.390380859375,211.64321899414062,0.0771421492099762,8
