xmin,ymin,xmax,ymax,score,label
235.95619201660156,197.8822021484375,247.25543212890625,211.85765075683594,0.08879737555980682,3
