xmin,ymin,xmax,ymax,score,label
260.8275451660156,205.34971618652344,269.9815979003906,211.88694763183594,0.2611478567123413,3
