xmin,ymin,xmax,ymax,score,label
237.75343322753906,198.84996032714844,246.81930541992188,211.11846923828125,0.05494304373860359,3
