xmin,ymin,xmax,ymax,score,label
236.11427307128906,198.69061279296875,246.79525756835938,210.52182006835938,0.2633798122406006,3
236.15536499023438,195.53968811035156,245.35946655273438,205.65968322753906,0.1303109973669052,3
230.54112243652344,195.08665466308594,243.28561401367188,206.37869262695312,0.08700460940599442,3
