xmin,ymin,xmax,ymax,score,label
237.2794952392578,198.6790313720703,247.37220764160156,210.8064422607422,0.21798254549503326,3
230.34967041015625,194.70777893066406,243.72462463378906,206.49977111816406,0.12058678269386292,3
235.6747589111328,195.2196807861328,245.2240447998047,205.8068389892578,0.0794806256890297,3
