xmin,ymin,xmax,ymax,score,label
235.5018768310547,197.43922424316406,247.46221923828125,211.2136688232422,0.2263166457414627,3
236.68783569335938,195.73597717285156,245.03402709960938,204.38299560546875,0.13592036068439484,3
232.0439453125,195.40565490722656,243.834228515625,206.50979614257812,0.09361112862825394,3
239.0383758544922,200.91273498535156,246.7565460205078,210.86767578125,0.06189446523785591,3
