xmin,ymin,xmax,ymax,score,label
235.8546905517578,198.0804443359375,248.0924530029297,211.94285583496094,0.08648774027824402,3
