xmin,ymin,xmax,ymax,score,label
237.48948669433594,197.70001220703125,246.99600219726562,210.91004943847656,0.10582804679870605,3
