xmin,ymin,xmax,ymax,score,label
237.72792053222656,198.38272094726562,247.0334930419922,210.5422821044922,0.18656310439109802,3
237.21397399902344,195.813232421875,245.2578887939453,206.2043914794922,0.05337494984269142,3
