xmin,ymin,xmax,ymax,score,label
260.5022888183594,205.03085327148438,267.9963073730469,211.7572021484375,0.17289236187934875,3
260.1162414550781,203.91868591308594,266.2991943359375,212.0221405029297,0.06202719733119011,1
260.1077575683594,204.25364685058594,268.07989501953125,211.66128540039062,0.05127432942390442,8
