xmin,ymin,xmax,ymax,score,label
236.3310089111328,197.8977813720703,247.93153381347656,211.54342651367188,0.23197799921035767,3
239.3904571533203,200.58274841308594,246.93780517578125,210.8998565673828,0.07497663050889969,3
239.40811157226562,197.10614013671875,247.41943359375,205.40562438964844,0.05547134205698967,3
