xmin,ymin,xmax,ymax,score,label
236.67880249023438,197.787109375,247.9569549560547,211.7452392578125,0.1909668892621994,3
238.23553466796875,196.85098266601562,246.60780334472656,204.81365966796875,0.0891730934381485,3
238.31094360351562,202.3046417236328,246.88766479492188,211.40391540527344,0.08527126908302307,3
