xmin,ymin,xmax,ymax,score,label
236.3385009765625,198.7608184814453,247.9057159423828,212.45619201660156,0.1400700956583023,3
238.5131378173828,197.09991455078125,245.6935272216797,203.3871307373047,0.10768527537584305,3
238.8898162841797,198.6195068359375,246.44375610351562,208.64398193359375,0.0918850526213646,3
237.04757690429688,197.31459045410156,244.29393005371094,205.64515686035156,0.06643099337816238,3
