xmin,ymin,xmax,ymax,score,label
235.53367614746094,197.9422607421875,247.5612030029297,212.02757263183594,0.0652458593249321,3
