xmin,ymin,xmax,ymax,score,label
236.8354949951172,199.0513153076172,247.9067840576172,211.894287109375,0.12663224339485168,3
