xmin,ymin,xmax,ymax,score,label
259.16058349609375,203.99110412597656,267.0375671386719,211.23487854003906,0.052060555666685104,3
