xmin,ymin,xmax,ymax,score,label
236.55056762695312,198.0218048095703,248.04026794433594,211.75160217285156,0.14825628697872162,3
