xmin,ymin,xmax,ymax,score,label
235.33004760742188,198.58700561523438,248.37631225585938,212.7837677001953,0.052912697196006775,3
