xmin,ymin,xmax,ymax,score,label
235.05906677246094,198.4952850341797,248.07534790039062,212.0375213623047,0.09330373257398605,3
