xmin,ymin,xmax,ymax,score,label
235.4951934814453,198.6116485595703,248.28636169433594,211.9534912109375,0.10108712315559387,3
