xmin,ymin,xmax,ymax,score,label
235.98451232910156,198.91256713867188,248.25332641601562,212.04347229003906,0.34057044982910156,3
238.88504028320312,202.2722930908203,247.1649932861328,211.1159210205078,0.13984797894954681,3
239.60044860839844,199.5731201171875,248.16961669921875,208.9159698486328,0.07521959394216537,3
