xmin,ymin,xmax,ymax,score,label
237.031494140625,200.5054931640625,247.65322875976562,212.27980041503906,0.13713499903678894,3
