xmin,ymin,xmax,ymax,score,label
259.1871643066406,205.21824645996094,266.1237487792969,211.26889038085938,0.3852933943271637,3
258.4810485839844,204.98110961914062,266.3934020996094,210.81356811523438,0.07996873557567596,8
258.863037109375,205.2385711669922,265.0205993652344,211.51637268066406,0.050186410546302795,1
