xmin,ymin,xmax,ymax,score,label
253.6811981201172,198.9098358154297,260.8355407714844,205.41075134277344,0.1204182580113411,3
