xmin,ymin,xmax,ymax,score,label
254.58206176757812,199.31219482421875,260.9310302734375,205.6706085205078,0.2263401299715042,3
238.54318237304688,198.97154235839844,247.13623046875,209.67970275878906,0.07620614022016525,3
253.7362518310547,199.3252716064453,260.53192138671875,205.2928924560547,0.05117879807949066,8
