xmin,ymin,xmax,ymax,score,label
257.7841796875,204.19529724121094,265.23223876953125,210.39476013183594,0.11414393037557602,3
258.22784423828125,203.64710998535156,264.8878479003906,210.72109985351562,0.09100542217493057,1
