xmin,ymin,xmax,ymax,score,label
257.0860290527344,200.2980194091797,264.257080078125,207.37672424316406,0.21229225397109985,3
