xmin,ymin,xmax,ymax,score,label
261.8270568847656,201.42491149902344,269.9075622558594,208.44358825683594,0.6035897135734558,3
237.44654846191406,198.9684295654297,247.13778686523438,211.2713623046875,0.27121278643608093,3
261.190673828125,201.04942321777344,270.12371826171875,208.72593688964844,0.07801669090986252,8
