xmin,ymin,xmax,ymax,score,label
259.98846435546875,201.97825622558594,268.203857421875,209.1902618408203,0.2740771174430847,3
236.94862365722656,199.4215545654297,247.5511932373047,212.57778930664062,0.12422142177820206,3
