xmin,ymin,xmax,ymax,score,label
260.3200378417969,201.4408416748047,269.21759033203125,208.4763641357422,0.671764075756073,3
235.1339569091797,197.87115478515625,248.42347717285156,212.30459594726562,0.23292122781276703,3
260.10516357421875,201.37451171875,269.3008728027344,208.456298828125,0.09590505808591843,8
242.72068786621094,186.93637084960938,296.365966796875,210.53207397460938,0.06671062856912613,8
