xmin,ymin,xmax,ymax,score,label
256.6804504394531,199.71046447753906,265.25579833984375,207.15048217773438,0.22179394960403442,3
256.4739074707031,199.41986083984375,265.2900085449219,207.2122039794922,0.061027783900499344,8
