xmin,ymin,xmax,ymax,score,label
258.77996826171875,201.3395233154297,267.16326904296875,208.84527587890625,0.5987188816070557,3
236.580810546875,199.5675048828125,247.4967498779297,212.7371063232422,0.34175026416778564,3
258.5538635253906,201.0609588623047,267.23944091796875,208.82972717285156,0.12164673954248428,8
234.90821838378906,199.14144897460938,247.5900115966797,213.4438934326172,0.05351093411445618,8
237.19898986816406,198.65306091308594,245.5363006591797,207.82620239257812,0.050903644412755966,3
