xmin,ymin,xmax,ymax,score,label
254.373291015625,200.00997924804688,262.4715576171875,206.91177368164062,0.11062972247600555,3
