xmin,ymin,xmax,ymax,score,label
256.2094421386719,203.89024353027344,264.2734375,209.45118713378906,0.14971554279327393,3
258.96746826171875,205.1410675048828,264.4446716308594,210.3006134033203,0.05062650889158249,3
