xmin,ymin,xmax,ymax,score,label
270.712646484375,205.98544311523438,280.4346618652344,213.8836212158203,0.8145782947540283,3
269.9530334472656,205.447021484375,280.6982116699219,214.2104034423828,0.18856161832809448,8
