xmin,ymin,xmax,ymax,score,label
266.20880126953125,203.6869659423828,274.40643310546875,211.14910888671875,0.6247069239616394,3
266.020263671875,203.4462432861328,274.41412353515625,211.0297393798828,0.06064954400062561,8
