xmin,ymin,xmax,ymax,score,label
265.0713195800781,203.0770721435547,273.6438903808594,211.09214782714844,0.18863968551158905,3
