xmin,ymin,xmax,ymax,score,label
267.42578125,204.42144775390625,275.7154235839844,211.86570739746094,0.7799145579338074,3
266.0909729003906,203.0253448486328,276.2882385253906,211.97389221191406,0.17241695523262024,8
