xmin,ymin,xmax,ymax,score,label
273.4369201660156,205.5442352294922,283.1380920410156,213.56761169433594,0.7844430208206177,3
270.8523864746094,204.52581787109375,283.44110107421875,213.4245147705078,0.30649334192276,8
239.968994140625,197.57505798339844,283.5238342285156,214.4202880859375,0.06776975840330124,8
