xmin,ymin,xmax,ymax,score,label
256.12420654296875,203.65858459472656,262.39385986328125,209.78262329101562,0.07324180006980896,3
