xmin,ymin,xmax,ymax,score,label
268.10687255859375,204.07339477539062,277.4185485839844,211.67169189453125,0.7087470889091492,3
267.9530029296875,203.93240356445312,277.41497802734375,211.57164001464844,0.05651397630572319,8
