xmin,ymin,xmax,ymax,score,label
269.0536804199219,205.37405395507812,278.3308410644531,212.21458435058594,0.8772319555282593,3
268.8651428222656,204.95985412597656,278.4054260253906,212.15025329589844,0.08410929143428802,8
