xmin,ymin,xmax,ymax,score,label
262.5060729980469,201.74282836914062,271.63995361328125,209.52711486816406,0.3436983525753021,3
