xmin,ymin,xmax,ymax,score,label
271.81280517578125,205.7664337158203,281.6121826171875,214.326171875,0.7964482307434082,3
269.50445556640625,205.27760314941406,281.86053466796875,214.237548828125,0.24350397288799286,8
238.5929412841797,199.71754455566406,283.3507385253906,216.46502685546875,0.07644418627023697,8
