xmin,ymin,xmax,ymax,score,label
263.1169128417969,203.35760498046875,272.42572021484375,210.4582061767578,0.22720780968666077,3
