xmin,ymin,xmax,ymax,score,label
284.5509338378906,209.40016174316406,295.4698791503906,217.8392333984375,0.6695592403411865,3
283.8177490234375,208.46206665039062,296.0565490722656,218.26234436035156,0.43097057938575745,8
284.36676025390625,212.91848754882812,293.98822021484375,218.6878204345703,0.07362573593854904,3
