xmin,ymin,xmax,ymax,score,label
278.58233642578125,208.1956329345703,288.5261535644531,216.94606018066406,0.9295098781585693,3
276.884033203125,207.51026916503906,288.7739562988281,217.10089111328125,0.15828457474708557,8
278.4896545410156,212.12799072265625,288.00775146484375,218.1293487548828,0.12554931640625,3
