xmin,ymin,xmax,ymax,score,label
277.0205993652344,207.28302001953125,286.916748046875,215.56268310546875,0.9110000729560852,3
276.3417663574219,206.87962341308594,287.3608703613281,215.78652954101562,0.14005182683467865,8
