xmin,ymin,xmax,ymax,score,label
285.5172424316406,209.7999267578125,297.324462890625,219.2493438720703,0.8062609434127808,3
284.9209289550781,209.13101196289062,297.15362548828125,219.47702026367188,0.2582235038280487,8
