xmin,ymin,xmax,ymax,score,label
289.6201477050781,211.7748260498047,303.4051818847656,222.16221618652344,0.8167935013771057,3
289.6370544433594,211.5715789794922,303.3066711425781,222.46046447753906,0.26430854201316833,8
291.15118408203125,216.7871551513672,302.4651184082031,223.2884979248047,0.05079299956560135,3
285.4059143066406,191.68902587890625,295.0951843261719,198.0177001953125,0.0500526949763298,3
