xmin,ymin,xmax,ymax,score,label
274.6324768066406,206.114990234375,284.9675598144531,214.36575317382812,0.8756600022315979,3
273.7629089355469,205.05612182617188,285.0099792480469,214.41929626464844,0.18720737099647522,8
274.4449768066406,210.33680725097656,284.3847961425781,215.5957794189453,0.09866131842136383,3
