xmin,ymin,xmax,ymax,score,label
255.25360107421875,202.8584747314453,262.19073486328125,208.9020233154297,0.21626605093479156,3
255.45777893066406,202.84947204589844,261.4368591308594,209.67808532714844,0.08728847652673721,1
255.14163208007812,202.739013671875,262.17529296875,208.9081268310547,0.05262128263711929,8
