xmin,ymin,xmax,ymax,score,label
281.36456298828125,209.963134765625,291.9236755371094,217.65359497070312,0.8317756652832031,3
281.26007080078125,208.47523498535156,292.4126281738281,218.02037048339844,0.34669017791748047,8
280.5852355957031,212.5679473876953,290.5418701171875,218.5115966796875,0.13839292526245117,3
276.98858642578125,211.8506317138672,283.843505859375,216.96543884277344,0.05628233030438423,3
236.51446533203125,198.84507751464844,248.80291748046875,211.88650512695312,0.05206883326172829,3
