xmin,ymin,xmax,ymax,score,label
280.3358154296875,208.79393005371094,290.7757263183594,217.03524780273438,0.8803457617759705,3
280.64007568359375,212.5430908203125,290.74530029296875,217.81546020507812,0.23703055083751678,3
279.5043029785156,207.91664123535156,291.0128479003906,217.20132446289062,0.20238937437534332,8
