xmin,ymin,xmax,ymax,score,label
293.7373046875,212.0901641845703,305.314453125,222.9840850830078,0.8535102009773254,3
292.6131286621094,211.4683074951172,305.5608215332031,222.76031494140625,0.27025339007377625,8
285.3846740722656,190.92735290527344,295.2142639160156,197.5823974609375,0.10870403051376343,3
