xmin,ymin,xmax,ymax,score,label
287.3741760253906,211.2026824951172,300.7007751464844,221.33815002441406,0.8204284906387329,3
287.10546875,210.6337432861328,300.623779296875,221.4435577392578,0.2408219426870346,8
290.3409423828125,215.5027618408203,300.0558776855469,222.04702758789062,0.06790989637374878,3
