xmin,ymin,xmax,ymax,score,label
297.6278381347656,213.59054565429688,311.3188171386719,226.14755249023438,0.9375426173210144,3
235.6990203857422,198.32472229003906,247.63551330566406,212.1632537841797,0.140960693359375,3
284.66522216796875,191.01791381835938,294.92230224609375,197.60324096679688,0.07380790263414383,3
295.8852233886719,213.25173950195312,311.07086181640625,225.90916442871094,0.06763705611228943,8
