xmin,ymin,xmax,ymax,score,label
309.43060302734375,217.15509033203125,328.089111328125,233.33355712890625,0.8611631393432617,3
309.352294921875,217.1543426513672,327.80914306640625,233.03599548339844,0.20185919106006622,8
