xmin,ymin,xmax,ymax,score,label
306.65087890625,215.4962158203125,323.58447265625,231.19131469726562,0.736854612827301,3
306.6341857910156,216.12867736816406,323.4267272949219,231.03419494628906,0.4140552580356598,8
307.5059509277344,221.60592651367188,321.89361572265625,230.64833068847656,0.10004537552595139,3
305.5771179199219,215.3563690185547,314.67431640625,227.0089111328125,0.05395083129405975,3
