xmin,ymin,xmax,ymax,score,label
299.9709167480469,214.87652587890625,317.2760314941406,228.20950317382812,0.8682976365089417,3
301.8213195800781,214.9637908935547,317.12628173828125,228.27330017089844,0.17904408276081085,8
282.43505859375,191.67745971679688,295.91619873046875,197.83189392089844,0.07805900275707245,3
301.7081298828125,220.2047882080078,315.8491516113281,228.30618286132812,0.07171280682086945,3
