xmin,ymin,xmax,ymax,score,label
294.5269775390625,212.2055206298828,308.5222473144531,223.83868408203125,0.9230198860168457,3
293.495849609375,211.88162231445312,308.5480651855469,223.8751678466797,0.11275677382946014,8
292.531982421875,212.13558959960938,303.2184753417969,221.69749450683594,0.055814024060964584,3
