xmin,ymin,xmax,ymax,score,label
299.4798889160156,214.65512084960938,314.22711181640625,227.66944885253906,0.8380296230316162,3
299.2547607421875,214.58355712890625,314.5889892578125,227.70274353027344,0.19961285591125488,8
282.4778747558594,191.7852783203125,295.8501892089844,197.7965545654297,0.05241900309920311,3
