xmin,ymin,xmax,ymax,score,label
303.2083435058594,215.5002899169922,320.2296142578125,230.1422576904297,0.8516780138015747,3
302.2055358886719,215.23574829101562,320.0799560546875,229.8313751220703,0.191726952791214,8
235.935302734375,198.5604705810547,247.3852996826172,212.38230895996094,0.07589521259069443,3
