xmin,ymin,xmax,ymax,score,label
318.92059326171875,221.70570373535156,340.99505615234375,239.2889862060547,0.80277419090271,3
318.4403076171875,221.1864013671875,340.9716796875,239.40162658691406,0.26627910137176514,8
238.1597137451172,199.37840270996094,247.38656616210938,211.1046600341797,0.052611421793699265,3
