xmin,ymin,xmax,ymax,score,label
316.42681884765625,221.60455322265625,336.22503662109375,238.30923461914062,0.8300206661224365,3
315.5459899902344,221.21047973632812,336.045166015625,238.0867156982422,0.2321232557296753,8
238.2190704345703,200.220947265625,247.24026489257812,211.4346923828125,0.062680184841156,3
