xmin,ymin,xmax,ymax,score,label
311.4319152832031,219.23731994628906,332.21820068359375,235.46829223632812,0.8150442242622375,3
311.5020751953125,218.91592407226562,332.00152587890625,235.59994506835938,0.22237221896648407,8
318.17449951171875,218.26498413085938,331.5891418457031,229.04055786132812,0.06630299985408783,3
306.8531494140625,214.545654296875,316.1501159667969,222.8395233154297,0.06606131792068481,3
