xmin,ymin,xmax,ymax,score,label
342.6137390136719,230.6541748046875,372.5100402832031,253.46762084960938,0.9904578924179077,3
