xmin,ymin,xmax,ymax,score,label
326.8321228027344,224.3380584716797,351.5158996582031,244.4280242919922,0.9444105625152588,3
326.5847473144531,223.856201171875,352.1557922363281,244.3011016845703,0.1018858253955841,8
