xmin,ymin,xmax,ymax,score,label
323.6319580078125,221.70687866210938,346.4813232421875,241.1552734375,0.8285151124000549,3
322.89556884765625,221.17596435546875,346.9193115234375,240.6471405029297,0.24733372032642365,8
331.49127197265625,197.83773803710938,352.06732177734375,207.54627990722656,0.05628787726163864,3
