xmin,ymin,xmax,ymax,score,label
361.638671875,239.51544189453125,401.3576354980469,267.91876220703125,0.9883633255958557,3
