xmin,ymin,xmax,ymax,score,label
355.3948974609375,236.04771423339844,389.3972473144531,262.51513671875,0.9694314002990723,3
354.1675720214844,236.31141662597656,390.17132568359375,261.62371826171875,0.09145388007164001,8
