xmin,ymin,xmax,ymax,score,label
382.9201354980469,246.69674682617188,428.07037353515625,281.5114440917969,0.9935019612312317,3
