xmin,ymin,xmax,ymax,score,label
368.93951416015625,242.7268829345703,412.8768615722656,274.6394348144531,0.9855260848999023,3
364.030517578125,259.3101806640625,407.6895446777344,274.4130859375,0.1256737858057022,3
