xmin,ymin,xmax,ymax,score,label
337.2182922363281,228.43051147460938,365.5386657714844,250.8123016357422,0.9749596118927002,3
