xmin,ymin,xmax,ymax,score,label
348.51708984375,232.14407348632812,380.1478271484375,257.7401428222656,0.9827989935874939,3
