xmin,ymin,xmax,ymax,score,label
331.9554748535156,227.0498046875,358.7784423828125,247.37069702148438,0.9886907339096069,3
