xmin,ymin,xmax,ymax,score,label
495.3748779296875,295.5757751464844,607.2150268554688,375.0111083984375,0.6886911392211914,8
496.8679504394531,296.8638916015625,606.0618896484375,374.03741455078125,0.6015752553939819,3
503.84918212890625,298.25103759765625,512.5698852539062,310.7490234375,0.2552933096885681,1
519.785888671875,295.672607421875,542.2584228515625,310.0063171386719,0.16317887604236603,1
500.6149597167969,294.2772216796875,556.0971069335938,313.7113037109375,0.11487767845392227,3
498.0742492675781,298.1444396972656,511.7323303222656,312.4920959472656,0.07945262640714645,1
526.30322265625,294.3696594238281,535.3858032226562,307.44488525390625,0.062400899827480316,1
