xmin,ymin,xmax,ymax,score,label
393.8228454589844,250.73434448242188,445.7270202636719,288.9581298828125,0.9776976704597473,3
390.73291015625,250.15892028808594,445.8860778808594,289.5732116699219,0.07238155603408813,8
