xmin,ymin,xmax,ymax,score,label
539.2899780273438,309.7099609375,635.5421752929688,394.4756164550781,0.8827136754989624,8
543.2191162109375,307.6996765136719,639.3756103515625,399.6091613769531,0.54084312915802,3
541.3545532226562,310.7127685546875,571.537353515625,346.119384765625,0.054623305797576904,8
