xmin,ymin,xmax,ymax,score,label
463.7615661621094,282.9293212890625,556.0103759765625,350.2642822265625,0.8792121410369873,3
459.748779296875,283.2521057128906,557.281005859375,350.09442138671875,0.3432990312576294,8
472.6266784667969,285.89434814453125,481.565673828125,299.548828125,0.06300777941942215,1
468.94305419921875,286.1661071777344,482.1104736328125,298.7769470214844,0.06142391636967659,3
