xmin,ymin,xmax,ymax,score,label
427.2162170410156,264.99334716796875,490.1059875488281,313.3758544921875,0.9876468181610107,3
421.24273681640625,264.93365478515625,491.9320983886719,311.2436828613281,0.0640164166688919,8
426.65966796875,264.32318115234375,446.14776611328125,278.631103515625,0.05471861734986305,3
