xmin,ymin,xmax,ymax,score,label
443.0247802734375,272.6941223144531,520.3944091796875,328.1326904296875,0.74295574426651,8
441.1051025390625,270.5603942871094,520.2650146484375,329.18316650390625,0.5991078615188599,3
