xmin,ymin,xmax,ymax,score,label
410.38922119140625,255.5418243408203,466.233154296875,300.74554443359375,0.9850694537162781,3
