xmin,ymin,xmax,ymax,score,label
579.0015869140625,331.5532531738281,638.0829467773438,420.0299072265625,0.8001432418823242,8
588.522705078125,336.8084716796875,638.572509765625,408.2216491699219,0.28251156210899353,3
