xmin,ymin,xmax,ymax,score,label
253.92210388183594,202.1990203857422,259.8227233886719,208.2114715576172,0.10354506224393845,3
