xmin,ymin,xmax,ymax,score,label
236.37823486328125,199.82240295410156,247.79672241210938,213.12059020996094,0.07168043404817581,3
