xmin,ymin,xmax,ymax,score,label
237.10726928710938,199.21588134765625,247.3258056640625,210.7660675048828,0.05858796834945679,3
