xmin,ymin,xmax,ymax,score,label
236.1785430908203,197.973876953125,247.57347106933594,211.79441833496094,0.07020501047372818,3
