xmin,ymin,xmax,ymax,score,label
236.66470336914062,198.40733337402344,249.35862731933594,213.1669464111328,0.0634111762046814,3
