xmin,ymin,xmax,ymax,score,label
235.96212768554688,197.9632568359375,247.41209411621094,211.5577850341797,0.08557897806167603,3
