xmin,ymin,xmax,ymax,score,label
237.31207275390625,198.51063537597656,246.4887237548828,210.5675048828125,0.09482597559690475,3
