xmin,ymin,xmax,ymax,score,label
237.90447998046875,198.4301300048828,247.4583740234375,211.40171813964844,0.060176242142915726,3
