xmin,ymin,xmax,ymax,score,label
238.87939453125,200.07662963867188,247.4079132080078,211.56956481933594,0.09965921193361282,3
