xmin,ymin,xmax,ymax,score,label
235.5683135986328,198.5029296875,247.3697967529297,212.0676727294922,0.15470372140407562,3
