xmin,ymin,xmax,ymax,score,label
238.086669921875,200.09800720214844,247.39453125,211.74432373046875,0.10060155391693115,3
