xmin,ymin,xmax,ymax,score,label
236.72702026367188,199.8638458251953,247.49151611328125,212.3335418701172,0.18201172351837158,3
