xmin,ymin,xmax,ymax,score,label
238.39405822753906,198.84510803222656,247.297119140625,210.70811462402344,0.055644769221544266,3
