xmin,ymin,xmax,ymax,score,label
236.6211700439453,199.9529266357422,247.43894958496094,212.32693481445312,0.1545344740152359,3
