xmin,ymin,xmax,ymax,score,label
237.158203125,199.42416381835938,247.16168212890625,211.22088623046875,0.09245944023132324,3
