xmin,ymin,xmax,ymax,score,label
236.28741455078125,199.0767059326172,247.382080078125,211.06605529785156,0.09878287464380264,3
