xmin,ymin,xmax,ymax,score,label
231.70640563964844,198.6510772705078,247.22447204589844,212.75396728515625,0.09129554778337479,3
