xmin,ymin,xmax,ymax,score,label
234.7676544189453,198.5055694580078,247.69320678710938,212.31094360351562,0.09424788504838943,3
