xmin,ymin,xmax,ymax,score,label
249.5604248046875,198.99131774902344,254.94119262695312,206.9783172607422,0.09033282101154327,1
