xmin,ymin,xmax,ymax,score,label
234.27159118652344,199.75567626953125,247.59909057617188,213.54476928710938,0.07227025926113129,3
