xmin,ymin,xmax,ymax,score,label
236.96405029296875,199.32244873046875,247.26368713378906,211.61570739746094,0.15004311501979828,3
