xmin,ymin,xmax,ymax,score,label
238.4257049560547,199.6686553955078,247.39483642578125,212.20262145996094,0.05474751442670822,3
