xmin,ymin,xmax,ymax,score,label
236.1383819580078,199.1903533935547,247.96328735351562,212.7443084716797,0.143632709980011,3
