xmin,ymin,xmax,ymax,score,label
234.2586669921875,198.98193359375,247.564697265625,213.0661163330078,0.10023582726716995,3
