xmin,ymin,xmax,ymax,score,label
238.1940155029297,200.01455688476562,247.1990966796875,211.60890197753906,0.16990214586257935,3
