xmin,ymin,xmax,ymax,score,label
234.23497009277344,198.83200073242188,247.79518127441406,212.7605438232422,0.11119689047336578,3
