xmin,ymin,xmax,ymax,score,label
237.65151977539062,199.93431091308594,247.5132293701172,212.66795349121094,0.10763374716043472,3
