xmin,ymin,xmax,ymax,score,label
237.4253692626953,199.54489135742188,247.3549041748047,211.8740692138672,0.22733455896377563,3
237.6957550048828,197.91139221191406,245.6160888671875,207.51954650878906,0.05027303099632263,3
