xmin,ymin,xmax,ymax,score,label
236.17617797851562,198.22665405273438,247.7036895751953,211.6970672607422,0.05093397945165634,3
