xmin,ymin,xmax,ymax,score,label
237.93072509765625,199.13917541503906,247.4903106689453,211.74954223632812,0.1668415516614914,3
