xmin,ymin,xmax,ymax,score,label
236.47140502929688,198.5421905517578,247.11154174804688,212.0147247314453,0.13732203841209412,3
