xmin,ymin,xmax,ymax,score,label
238.2578125,199.94638061523438,247.32383728027344,212.33131408691406,0.05039247125387192,3
