xmin,ymin,xmax,ymax,score,label
235.35885620117188,198.28396606445312,248.6280517578125,211.8154296875,0.15103869140148163,3
