xmin,ymin,xmax,ymax,score,label
235.34906005859375,198.20751953125,248.68130493164062,211.93736267089844,0.07909587770700455,3
