xmin,ymin,xmax,ymax,score,label
236.781982421875,198.45555114746094,249.1860809326172,211.3596649169922,0.06187969446182251,3
