xmin,ymin,xmax,ymax,score,label
236.08197021484375,199.11322021484375,247.47535705566406,211.99061584472656,0.09371040761470795,3
