xmin,ymin,xmax,ymax,score,label
231.79165649414062,197.8957977294922,247.4765625,212.2502899169922,0.19356289505958557,3
237.8444366455078,199.1798553466797,246.83563232421875,210.5477752685547,0.0809745118021965,3
