xmin,ymin,xmax,ymax,score,label
232.65106201171875,197.8985137939453,247.875,212.05120849609375,0.05164539813995361,3
