xmin,ymin,xmax,ymax,score,label
233.32688903808594,197.83457946777344,247.9047088623047,212.411376953125,0.05689729005098343,3
