xmin,ymin,xmax,ymax,score,label
233.3350372314453,197.76844787597656,247.11146545410156,211.2693328857422,0.06096145883202553,3
