xmin,ymin,xmax,ymax,score,label
237.5802001953125,200.0554962158203,247.12081909179688,211.45169067382812,0.18056780099868774,3
