xmin,ymin,xmax,ymax,score,label
237.77801513671875,201.7875213623047,248.45758056640625,213.50645446777344,0.0707312747836113,3
