xmin,ymin,xmax,ymax,score,label
236.48562622070312,198.32589721679688,247.59153747558594,211.3686065673828,0.06940844655036926,3
