xmin,ymin,xmax,ymax,score,label
238.37808227539062,199.30604553222656,247.27993774414062,210.99960327148438,0.07512625306844711,3
