xmin,ymin,xmax,ymax,score,label
237.3197784423828,198.91847229003906,247.48175048828125,211.42921447753906,0.08944175392389297,3
