xmin,ymin,xmax,ymax,score,label
238.7566375732422,199.66357421875,247.18153381347656,210.91995239257812,0.06816714257001877,3
