xmin,ymin,xmax,ymax,score,label
237.7350311279297,200.1088104248047,247.24624633789062,212.2008056640625,0.05007496848702431,3
