xmin,ymin,xmax,ymax,score,label
238.4552001953125,200.34939575195312,247.67706298828125,212.30450439453125,0.06679949164390564,3
