xmin,ymin,xmax,ymax,score,label
235.52854919433594,200.28225708007812,248.06336975097656,213.9568634033203,0.07416428625583649,3
