xmin,ymin,xmax,ymax,score,label
231.3544464111328,197.86996459960938,247.3416748046875,211.7842559814453,0.4411715865135193,3
237.80821228027344,197.39471435546875,246.3727569580078,208.4549102783203,0.14048263430595398,3
236.5593719482422,196.56336975097656,244.55087280273438,204.54727172851562,0.09011803567409515,3
