xmin,ymin,xmax,ymax,score,label
233.35475158691406,198.37771606445312,247.57284545898438,211.99537658691406,0.15660181641578674,3
