xmin,ymin,xmax,ymax,score,label
631.6048583984375,286.29608154296875,640.0,296.7425231933594,0.05146711319684982,3
