xmin,ymin,xmax,ymax,score,label
233.48841857910156,199.09255981445312,246.58816528320312,211.36740112304688,0.2280181348323822,3
236.48284912109375,197.09414672851562,245.6756591796875,208.11354064941406,0.07179904729127884,3
