xmin,ymin,xmax,ymax,score,label
633.6590576171875,286.6673583984375,640.0,295.7427978515625,0.05286785215139389,3
