xmin,ymin,xmax,ymax,score,label
235.31307983398438,198.92178344726562,247.17137145996094,211.2230682373047,0.2599996328353882,3
