xmin,ymin,xmax,ymax,score,label
236.27011108398438,199.79563903808594,248.24148559570312,214.132568359375,0.09279172122478485,3
