xmin,ymin,xmax,ymax,score,label
239.5114288330078,202.2021942138672,246.7415771484375,212.417236328125,0.05373822897672653,3
236.07223510742188,199.73605346679688,247.5519561767578,213.7514190673828,0.051939092576503754,3
