xmin,ymin,xmax,ymax,score,label
632.0791625976562,286.8826599121094,640.0,297.1640625,0.060279496014118195,3
