xmin,ymin,xmax,ymax,score,label
626.2947998046875,286.0636901855469,637.4573974609375,295.78692626953125,0.4189152419567108,3
