xmin,ymin,xmax,ymax,score,label
622.8680419921875,286.7857971191406,634.4874267578125,297.8436584472656,0.7498975992202759,3
622.1326904296875,286.322998046875,635.0804443359375,297.8625183105469,0.19040940701961517,8
