xmin,ymin,xmax,ymax,score,label
628.5665893554688,286.50164794921875,638.8585205078125,296.674072265625,0.2515884339809418,3
