xmin,ymin,xmax,ymax,score,label
628.1521606445312,285.9867248535156,638.7348022460938,296.02099609375,0.4305376410484314,3
