xmin,ymin,xmax,ymax,score,label
625.11767578125,286.59893798828125,636.4267578125,297.07476806640625,0.6972332000732422,3
624.49267578125,286.068115234375,637.1388549804688,297.34283447265625,0.08071210235357285,8
