xmin,ymin,xmax,ymax,score,label
629.8689575195312,285.68121337890625,638.9817504882812,295.9832763671875,0.11736788600683212,3
