xmin,ymin,xmax,ymax,score,label
626.0429077148438,285.5718688964844,636.828125,295.804931640625,0.47015130519866943,3
625.3547973632812,284.9264831542969,637.4429321289062,296.16943359375,0.05706954747438431,8
