xmin,ymin,xmax,ymax,score,label
628.3851928710938,286.9106750488281,638.9132690429688,296.90771484375,0.5052629709243774,3
