xmin,ymin,xmax,ymax,score,label
624.0853881835938,287.3330078125,634.8416748046875,297.8570861816406,0.8394107818603516,3
623.84716796875,286.8338623046875,635.1178588867188,297.9613037109375,0.14841629564762115,8
