xmin,ymin,xmax,ymax,score,label
614.5724487304688,285.2840881347656,627.0476684570312,296.6101379394531,0.37480029463768005,3
614.2847290039062,284.9655456542969,627.118896484375,296.7116394042969,0.24019886553287506,8
