xmin,ymin,xmax,ymax,score,label
613.317138671875,285.2093200683594,626.0186767578125,297.211669921875,0.1796577125787735,3
613.0462646484375,284.8454284667969,626.072998046875,297.3379821777344,0.07759947329759598,8
