xmin,ymin,xmax,ymax,score,label
618.0690307617188,286.7725524902344,629.7885131835938,297.1661376953125,0.5120701193809509,3
617.97216796875,286.3864440917969,630.2490844726562,297.5205383300781,0.33106544613838196,8
