xmin,ymin,xmax,ymax,score,label
616.4441528320312,285.4831237792969,628.9376831054688,297.265869140625,0.4486240744590759,8
616.5591430664062,285.8929748535156,628.8331298828125,297.1798095703125,0.29757243394851685,3
