xmin,ymin,xmax,ymax,score,label
620.947998046875,285.5503234863281,632.554443359375,296.5563049316406,0.6850898861885071,3
620.3489379882812,284.85980224609375,632.7445678710938,296.57391357421875,0.2766191065311432,8
237.1444549560547,200.3809356689453,247.4607696533203,211.6681671142578,0.05943441018462181,3
