xmin,ymin,xmax,ymax,score,label
618.3870239257812,286.2183837890625,630.6372680664062,297.0858459472656,0.519320011138916,3
618.7547607421875,286.4617919921875,630.7251586914062,297.44000244140625,0.3231731951236725,8
237.24497985839844,199.59104919433594,247.6539306640625,211.8889617919922,0.1016782596707344,3
