xmin,ymin,xmax,ymax,score,label
611.7700805664062,286.2390441894531,624.756103515625,297.295166015625,0.28683340549468994,3
611.2571411132812,285.9407043457031,624.9979248046875,297.8083801269531,0.13877081871032715,8
