xmin,ymin,xmax,ymax,score,label
621.7968139648438,285.2079772949219,634.0567016601562,296.0115051269531,0.6374703049659729,3
621.2824096679688,285.3995056152344,634.2764892578125,296.7607421875,0.15830887854099274,8
