xmin,ymin,xmax,ymax,score,label
614.5659790039062,284.5467834472656,627.3480834960938,295.9075927734375,0.3712185025215149,3
614.4428100585938,284.6190490722656,627.7963256835938,296.5697021484375,0.2727852761745453,8
