xmin,ymin,xmax,ymax,score,label
619.366455078125,285.86773681640625,631.3572387695312,296.53350830078125,0.36696240305900574,3
619.15185546875,285.13299560546875,631.6078491210938,296.7486267089844,0.2970455288887024,8
238.11605834960938,199.70465087890625,247.02674865722656,210.7801055908203,0.13372471928596497,3
