xmin,ymin,xmax,ymax,score,label
606.0200805664062,286.0763854980469,619.5958862304688,298.2528076171875,0.20534057915210724,3
605.7659301757812,285.7763671875,619.6129760742188,298.3205871582031,0.11756746470928192,8
