xmin,ymin,xmax,ymax,score,label
600.4047241210938,284.6572570800781,615.9669189453125,297.55084228515625,0.5499153733253479,3
599.761474609375,284.2013244628906,616.2537841796875,298.2934265136719,0.349856436252594,8
