xmin,ymin,xmax,ymax,score,label
600.8490600585938,283.2524719238281,617.0089721679688,296.7925720214844,0.7082963585853577,3
600.459716796875,283.36029052734375,616.844482421875,297.00457763671875,0.1753934919834137,8
