xmin,ymin,xmax,ymax,score,label
607.8468017578125,283.9880676269531,621.526123046875,295.95538330078125,0.20004276931285858,3
607.5894775390625,283.44573974609375,622.031494140625,296.4962158203125,0.13062438368797302,8
236.4505157470703,198.3737335205078,247.16444396972656,211.52601623535156,0.06640340387821198,3
