xmin,ymin,xmax,ymax,score,label
597.593994140625,284.14019775390625,615.0037231445312,296.8702697753906,0.4600084722042084,3
596.4219970703125,283.4491882324219,614.978515625,297.6245422363281,0.39470192790031433,8
