xmin,ymin,xmax,ymax,score,label
609.8452758789062,285.4151916503906,623.6870727539062,297.1270446777344,0.3157474100589752,3
610.3590087890625,285.6920471191406,623.6467895507812,297.5405578613281,0.14953115582466125,8
