xmin,ymin,xmax,ymax,score,label
236.01268005371094,199.0885467529297,246.96351623535156,211.21446228027344,0.12250703573226929,3
