xmin,ymin,xmax,ymax,score,label
603.5568237304688,285.0762023925781,619.0913696289062,297.4692687988281,0.8171871900558472,3
603.233642578125,284.770751953125,619.058349609375,297.9966125488281,0.13282419741153717,8
