xmin,ymin,xmax,ymax,score,label
609.2366943359375,284.6484375,622.9400024414062,296.6004638671875,0.2469322383403778,3
609.2647705078125,283.9591979980469,623.1834716796875,297.05255126953125,0.16847015917301178,8
