xmin,ymin,xmax,ymax,score,label
601.6616821289062,283.3743591308594,617.2383422851562,296.3021545410156,0.8866574764251709,3
601.5762329101562,283.4636535644531,617.4694213867188,297.0435791015625,0.1315651834011078,8
