xmin,ymin,xmax,ymax,score,label
584.13671875,282.6545715332031,604.4305419921875,297.32647705078125,0.9515626430511475,3
584.54736328125,282.80499267578125,604.1311645507812,297.6183166503906,0.06475906819105148,8
