xmin,ymin,xmax,ymax,score,label
590.0040893554688,283.9784240722656,607.9439697265625,296.9426574707031,0.9050860404968262,3
589.4244995117188,283.9419860839844,608.6362915039062,297.1825256347656,0.08160180598497391,8
