xmin,ymin,xmax,ymax,score,label
232.86135864257812,197.23521423339844,247.2510986328125,212.4593048095703,0.2888033986091614,3
238.91976928710938,199.10446166992188,247.36404418945312,211.71095275878906,0.09113240987062454,3
236.21859741210938,196.52093505859375,246.6089630126953,206.2191925048828,0.08053017407655716,3
232.62579345703125,196.99102783203125,247.15972900390625,212.5229034423828,0.06997065246105194,8
230.90208435058594,196.0681610107422,242.08102416992188,207.8378143310547,0.058383919298648834,3
