xmin,ymin,xmax,ymax,score,label
586.805908203125,283.342041015625,607.0923461914062,296.5260009765625,0.8809522390365601,3
586.7047119140625,283.2223205566406,607.151123046875,296.7536315917969,0.05394751951098442,8
