xmin,ymin,xmax,ymax,score,label
584.9241943359375,282.8147277832031,604.24609375,296.9852294921875,0.9678584337234497,3
