xmin,ymin,xmax,ymax,score,label
595.3802490234375,284.0849304199219,613.1201782226562,296.5848388671875,0.9569540023803711,3
594.074462890625,284.09967041015625,614.2564697265625,298.6817932128906,0.05745504051446915,8
