xmin,ymin,xmax,ymax,score,label
595.3247680664062,283.532958984375,613.3221435546875,295.8628234863281,0.9225742816925049,3
594.9898071289062,283.16131591796875,613.8888549804688,296.4698181152344,0.08562404662370682,8
