xmin,ymin,xmax,ymax,score,label
591.3601684570312,283.4976806640625,610.0496826171875,295.1106872558594,0.7943790555000305,3
591.0554809570312,283.462646484375,610.2373657226562,295.5733642578125,0.1078694611787796,8
236.42816162109375,199.17669677734375,248.19151306152344,212.5077667236328,0.06618349254131317,3
