xmin,ymin,xmax,ymax,score,label
594.0896606445312,284.366943359375,612.1312255859375,296.5334167480469,0.9308225512504578,3
593.9461669921875,284.2613220214844,612.544677734375,297.10113525390625,0.06423115730285645,8
