xmin,ymin,xmax,ymax,score,label
581.8546142578125,283.0377197265625,603.5026245117188,298.638671875,0.9113135933876038,3
582.2296142578125,287.9852600097656,597.43994140625,299.1042785644531,0.2241145670413971,3
582.2841186523438,282.798583984375,603.0126342773438,298.5389099121094,0.12175167351961136,8
