xmin,ymin,xmax,ymax,score,label
590.0203857421875,283.5022888183594,608.6226806640625,295.71954345703125,0.8451178669929504,3
238.82582092285156,200.50599670410156,247.38394165039062,211.25782775878906,0.11306202411651611,3
589.8380126953125,283.3478088378906,608.8035888671875,295.8893737792969,0.07362666726112366,8
