xmin,ymin,xmax,ymax,score,label
571.1699829101562,281.2447814941406,595.1837768554688,299.4213562011719,0.9623115062713623,3
570.8382568359375,279.2698669433594,596.2650146484375,299.3352966308594,0.06506294012069702,8
