xmin,ymin,xmax,ymax,score,label
578.2919311523438,282.068359375,599.0728759765625,299.28759765625,0.9841443300247192,3
