xmin,ymin,xmax,ymax,score,label
579.62060546875,282.26922607421875,600.1557006835938,298.68780517578125,0.986625075340271,3
584.3154907226562,282.0163269042969,600.8323364257812,293.09912109375,0.059565313160419464,3
