xmin,ymin,xmax,ymax,score,label
576.7191162109375,282.246337890625,598.2893676757812,299.5874328613281,0.9862713813781738,3
