xmin,ymin,xmax,ymax,score,label
235.0474853515625,197.58546447753906,247.61630249023438,212.0266876220703,0.1410856544971466,3
234.9949951171875,197.4132080078125,247.556884765625,212.3194580078125,0.08069553971290588,8
236.79953002929688,198.03013610839844,246.0526123046875,207.08920288085938,0.05064588785171509,3
