xmin,ymin,xmax,ymax,score,label
568.9085693359375,281.284423828125,593.205322265625,299.9599304199219,0.9863660335540771,3
