xmin,ymin,xmax,ymax,score,label
563.7606811523438,281.2026672363281,588.6326293945312,300.2401123046875,0.9580577611923218,3
564.5601806640625,280.93231201171875,588.7975463867188,300.56048583984375,0.0999353900551796,8
