xmin,ymin,xmax,ymax,score,label
572.2721557617188,280.9465637207031,595.9262084960938,298.8948669433594,0.8771796226501465,3
573.1944580078125,281.47662353515625,596.0617065429688,298.7945556640625,0.2037549912929535,8
