xmin,ymin,xmax,ymax,score,label
564.9119873046875,281.15777587890625,589.292236328125,299.7548522949219,0.9806597828865051,3
236.44725036621094,198.9677734375,247.4701385498047,211.85350036621094,0.05417780950665474,3
564.2499389648438,280.4226379394531,589.4857788085938,299.6048583984375,0.052064698189496994,8
