xmin,ymin,xmax,ymax,score,label
575.072998046875,282.0506896972656,596.8284912109375,299.22314453125,0.9772805571556091,3
