xmin,ymin,xmax,ymax,score,label
566.2196044921875,280.6059875488281,590.778564453125,299.27392578125,0.96126788854599,3
233.63929748535156,197.56263732910156,247.21238708496094,212.5034637451172,0.1524610072374344,3
565.7511596679688,281.0441589355469,591.5425415039062,299.6875,0.09214362502098083,8
