xmin,ymin,xmax,ymax,score,label
559.2814331054688,280.4608154296875,586.1105346679688,299.9091491699219,0.9557430148124695,3
559.2409057617188,280.5904541015625,585.3604125976562,300.2413024902344,0.07996900379657745,8
