xmin,ymin,xmax,ymax,score,label
555.267822265625,280.7772216796875,583.2303466796875,300.4814147949219,0.979341447353363,3
