xmin,ymin,xmax,ymax,score,label
549.4617919921875,280.6807861328125,579.0271606445312,300.6972351074219,0.9823252558708191,3
549.8223876953125,280.36346435546875,578.5016479492188,300.59564208984375,0.054532669484615326,8
