xmin,ymin,xmax,ymax,score,label
561.1588745117188,280.3742980957031,587.2754516601562,299.9369812011719,0.9759844541549683,3
