xmin,ymin,xmax,ymax,score,label
233.52285766601562,197.63510131835938,247.35369873046875,212.2814483642578,0.0883794054389,3
