xmin,ymin,xmax,ymax,score,label
551.9825439453125,280.66259765625,579.58447265625,300.9804382324219,0.9775057435035706,3
552.109130859375,280.1365966796875,580.7311401367188,301.33123779296875,0.0514991469681263,8
