xmin,ymin,xmax,ymax,score,label
544.0032348632812,279.48187255859375,572.5375366210938,300.7840270996094,0.955090343952179,3
542.6889038085938,278.39154052734375,573.7681884765625,299.6119689941406,0.09750174731016159,8
554.0052490234375,279.01025390625,572.230712890625,289.8809509277344,0.05040108412504196,3
