xmin,ymin,xmax,ymax,score,label
553.8446044921875,280.73480224609375,581.2257080078125,300.2352600097656,0.9630913138389587,3
553.4436645507812,280.48724365234375,581.9051513671875,300.2112731933594,0.09716519713401794,8
