xmin,ymin,xmax,ymax,score,label
546.5855712890625,279.34466552734375,577.0576782226562,300.40362548828125,0.9846360683441162,3
554.712890625,278.2625732421875,577.264404296875,292.74810791015625,0.07200498878955841,3
546.4774780273438,277.9230041503906,577.3584594726562,299.2747497558594,0.05727795884013176,8
