xmin,ymin,xmax,ymax,score,label
557.3055419921875,280.590087890625,584.4764404296875,300.55682373046875,0.9761801362037659,3
557.212890625,280.0067138671875,585.3497924804688,300.9002990722656,0.05316033959388733,8
