xmin,ymin,xmax,ymax,score,label
544.9569091796875,279.1449279785156,574.2371215820312,300.6898498535156,0.9813975095748901,3
551.9251708984375,278.3727111816406,574.3018188476562,292.33819580078125,0.137698233127594,3
