xmin,ymin,xmax,ymax,score,label
529.845458984375,277.9222412109375,563.96435546875,301.8185119628906,0.9795324206352234,3
