xmin,ymin,xmax,ymax,score,label
520.8370971679688,277.4208068847656,557.5787353515625,301.6884460449219,0.9825745224952698,3
235.004638671875,198.85340881347656,247.72061157226562,212.41419982910156,0.0967164859175682,3
