xmin,ymin,xmax,ymax,score,label
541.9907836914062,279.2828674316406,571.52001953125,300.70135498046875,0.9672421813011169,3
541.3648681640625,277.88623046875,572.9231567382812,299.900634765625,0.06463605165481567,8
