xmin,ymin,xmax,ymax,score,label
536.5791015625,278.8703308105469,568.1928100585938,300.8791809082031,0.9734449982643127,3
535.8984375,278.8959045410156,568.1322021484375,300.4280090332031,0.05743381008505821,8
