xmin,ymin,xmax,ymax,score,label
538.7388916015625,278.76751708984375,570.24072265625,300.85003662109375,0.9829755425453186,3
