xmin,ymin,xmax,ymax,score,label
524.8438720703125,277.6576232910156,562.5795288085938,301.2478332519531,0.9872554540634155,3
534.8224487304688,276.70672607421875,560.369140625,290.7908935546875,0.054632361978292465,3
513.9654541015625,269.6366882324219,533.1748046875,281.87841796875,0.05272053927183151,3
