xmin,ymin,xmax,ymax,score,label
526.5452270507812,277.7932434082031,562.2576904296875,301.5091247558594,0.976026713848114,3
526.4268188476562,278.1283264160156,562.4396362304688,301.0608825683594,0.059377655386924744,8
