xmin,ymin,xmax,ymax,score,label
532.4144897460938,278.9703063964844,565.0025634765625,301.2873229980469,0.9728853106498718,3
530.0128173828125,278.3879699707031,566.6473999023438,301.92572021484375,0.05132676288485527,8
