xmin,ymin,xmax,ymax,score,label
523.7229614257812,277.9470520019531,558.8277587890625,301.19342041015625,0.9898013472557068,3
534.2867431640625,276.9718322753906,558.62646484375,289.0521545410156,0.21764355897903442,3
