xmin,ymin,xmax,ymax,score,label
534.7835693359375,278.5214538574219,566.8538208007812,300.9770812988281,0.9841565489768982,3
