xmin,ymin,xmax,ymax,score,label
505.0152587890625,275.3164978027344,544.57373046875,302.4897766113281,0.9872937202453613,3
