xmin,ymin,xmax,ymax,score,label
502.7545166015625,275.1688232421875,543.6450805664062,302.30517578125,0.9811021685600281,3
503.59344482421875,275.2160949707031,544.5289306640625,302.0918884277344,0.06139957159757614,8
