xmin,ymin,xmax,ymax,score,label
517.5012817382812,277.542724609375,555.1615600585938,301.8534240722656,0.9799557328224182,3
237.34962463378906,198.98439025878906,247.49664306640625,211.09255981445312,0.09515222162008286,3
520.3419799804688,276.9902648925781,554.4378051757812,301.99749755859375,0.054139379411935806,8
