xmin,ymin,xmax,ymax,score,label
234.9497833251953,197.0577850341797,247.52613830566406,211.84640502929688,0.11868399381637573,3
