xmin,ymin,xmax,ymax,score,label
512.575439453125,276.5478515625,550.2421264648438,302.6177978515625,0.9656994342803955,3
510.9246520996094,276.2153625488281,552.1950073242188,302.6226806640625,0.07601729035377502,8
238.57537841796875,200.05026245117188,247.59181213378906,211.63336181640625,0.06508342921733856,3
