xmin,ymin,xmax,ymax,score,label
506.7443542480469,275.9244689941406,546.4149169921875,302.24267578125,0.9872718453407288,3
