xmin,ymin,xmax,ymax,score,label
513.4711303710938,275.62103271484375,551.0004272460938,302.370361328125,0.928185760974884,3
514.3660888671875,275.4596862792969,551.29736328125,302.2746887207031,0.20107845962047577,8
236.1660614013672,198.66964721679688,247.33277893066406,211.86810302734375,0.16545556485652924,3
