xmin,ymin,xmax,ymax,score,label
515.7111206054688,275.90478515625,552.666015625,301.9730529785156,0.9800864458084106,3
236.19866943359375,198.65794372558594,247.33998107910156,211.84439086914062,0.16311174631118774,3
514.5588989257812,275.7266845703125,556.1215209960938,301.9134521484375,0.07236520200967789,8
