xmin,ymin,xmax,ymax,score,label
507.8396911621094,275.63873291015625,548.2970581054688,302.4610595703125,0.9827415347099304,3
510.01873779296875,275.7945251464844,547.8961791992188,302.2554016113281,0.05087416246533394,8
