xmin,ymin,xmax,ymax,score,label
510.50213623046875,276.1716003417969,549.00244140625,302.8360900878906,0.9846845269203186,3
