xmin,ymin,xmax,ymax,score,label
520.330810546875,277.90606689453125,555.082763671875,302.16363525390625,0.9678468108177185,3
518.9798583984375,277.08343505859375,556.3171997070312,302.0141296386719,0.07252908498048782,8
