xmin,ymin,xmax,ymax,score,label
498.48345947265625,274.4642333984375,540.0824584960938,302.3566589355469,0.9857579469680786,3
237.27438354492188,198.73329162597656,247.6362762451172,211.61094665527344,0.12585438787937164,3
