xmin,ymin,xmax,ymax,score,label
487.4256591796875,272.5125732421875,530.461181640625,301.8863830566406,0.9930753707885742,3
234.55873107910156,198.2943115234375,247.9842071533203,212.12306213378906,0.06846966594457626,3
