xmin,ymin,xmax,ymax,score,label
488.4151611328125,272.9552001953125,532.5215454101562,301.82867431640625,0.9942862391471863,3
