xmin,ymin,xmax,ymax,score,label
502.31219482421875,275.89825439453125,543.0587768554688,302.669677734375,0.987414538860321,3
