xmin,ymin,xmax,ymax,score,label
496.4432373046875,273.4490661621094,538.9046020507812,301.94390869140625,0.9911097288131714,3
237.8218994140625,199.09815979003906,247.9513702392578,211.3723907470703,0.05630602315068245,3
