xmin,ymin,xmax,ymax,score,label
495.4862365722656,273.7970275878906,537.7553100585938,302.4324035644531,0.991713285446167,3
