xmin,ymin,xmax,ymax,score,label
494.4689636230469,273.2481994628906,535.6739501953125,302.21612548828125,0.9768945574760437,3
495.5503845214844,273.05535888671875,536.3545532226562,302.2381286621094,0.0746559202671051,8
238.09588623046875,200.60867309570312,247.40379333496094,211.82879638671875,0.06464505195617676,3
