xmin,ymin,xmax,ymax,score,label
490.2495422363281,273.13519287109375,533.9620361328125,301.4853515625,0.9943576455116272,3
238.0601348876953,199.4771728515625,247.80484008789062,211.1178436279297,0.0732361227273941,3
