xmin,ymin,xmax,ymax,score,label
492.6700134277344,273.48583984375,534.4819946289062,302.2825927734375,0.9903767704963684,3
236.54212951660156,199.6461944580078,248.61595153808594,213.04127502441406,0.06028060242533684,3
