xmin,ymin,xmax,ymax,score,label
500.7666015625,275.0599365234375,541.7250366210938,302.3266906738281,0.991141676902771,3
