xmin,ymin,xmax,ymax,score,label
475.6727600097656,271.6571044921875,522.9844970703125,302.2726745605469,0.9736407995223999,3
476.6329345703125,271.48974609375,523.0830078125,302.22442626953125,0.06918572634458542,8
