xmin,ymin,xmax,ymax,score,label
482.70916748046875,272.48236083984375,529.0521240234375,302.0346374511719,0.9591339826583862,3
483.419921875,271.9455261230469,529.348388671875,302.19873046875,0.12206058204174042,8
