xmin,ymin,xmax,ymax,score,label
465.83587646484375,270.41180419921875,516.0751953125,301.48284912109375,0.9947486519813538,3
