xmin,ymin,xmax,ymax,score,label
480.9591979980469,272.3837585449219,527.9644775390625,301.7779235839844,0.9738287925720215,3
482.3324279785156,271.88702392578125,528.0086059570312,301.53753662109375,0.08519885689020157,8
