xmin,ymin,xmax,ymax,score,label
470.9622802734375,271.4989013671875,519.681640625,301.8472900390625,0.9820438623428345,3
473.41876220703125,270.6146545410156,519.4091796875,302.66973876953125,0.07101763039827347,8
