xmin,ymin,xmax,ymax,score,label
467.7667541503906,270.96649169921875,517.373779296875,301.8492431640625,0.9900784492492676,3
