xmin,ymin,xmax,ymax,score,label
473.5296936035156,271.9906311035156,521.9639892578125,302.3287048339844,0.9825654029846191,3
472.8432312011719,272.6022033691406,522.6966552734375,302.29449462890625,0.06423993408679962,8
