xmin,ymin,xmax,ymax,score,label
484.4353942871094,271.914306640625,531.2142944335938,301.63018798828125,0.9717905521392822,3
485.2066345214844,271.5018005371094,530.0223999023438,301.8421325683594,0.08750743418931961,8
