xmin,ymin,xmax,ymax,score,label
477.5970764160156,272.055419921875,527.9236450195312,300.79937744140625,0.9235905408859253,3
478.6434020996094,271.9122314453125,523.2855224609375,301.1223449707031,0.20635691285133362,8
