xmin,ymin,xmax,ymax,score,label
476.4725036621094,271.7062072753906,524.2374267578125,302.0998840332031,0.9746055006980896,3
478.2058410644531,271.4189758300781,526.0881958007812,302.0574951171875,0.11164320260286331,8
236.3163299560547,198.24485778808594,247.76512145996094,212.00973510742188,0.05726607143878937,3
