xmin,ymin,xmax,ymax,score,label
450.9624328613281,269.5776672363281,503.3968200683594,302.2738037109375,0.9876662492752075,3
