xmin,ymin,xmax,ymax,score,label
439.2658996582031,269.09222412109375,496.1025695800781,302.5138244628906,0.9890270233154297,3
