xmin,ymin,xmax,ymax,score,label
434.62164306640625,268.0629577636719,492.4438171386719,302.9293212890625,0.9909902811050415,3
