xmin,ymin,xmax,ymax,score,label
463.4664001464844,270.248291015625,513.5967407226562,301.8966064453125,0.9840216040611267,3
