xmin,ymin,xmax,ymax,score,label
445.9494323730469,269.4751892089844,502.3913269042969,301.6371765136719,0.987225353717804,3
