xmin,ymin,xmax,ymax,score,label
452.2121276855469,270.2371826171875,506.7605895996094,301.5498046875,0.9739278554916382,3
451.6692810058594,269.85369873046875,507.866455078125,301.6986389160156,0.07209518551826477,8
