xmin,ymin,xmax,ymax,score,label
428.85174560546875,267.9761962890625,488.2860412597656,302.3047180175781,0.9833008050918579,3
428.507568359375,268.10107421875,487.8865966796875,302.0147705078125,0.06480547785758972,8
