xmin,ymin,xmax,ymax,score,label
444.3437805175781,269.5201416015625,497.9368591308594,302.4210510253906,0.9868867993354797,3
