xmin,ymin,xmax,ymax,score,label
456.3254089355469,270.37237548828125,509.68499755859375,302.62158203125,0.9865220189094543,3
