xmin,ymin,xmax,ymax,score,label
460.04248046875,270.2843322753906,512.1983032226562,301.91387939453125,0.9831885695457458,3
