xmin,ymin,xmax,ymax,score,label
409.2052001953125,265.3293151855469,473.4946594238281,302.55474853515625,0.9954463839530945,3
