xmin,ymin,xmax,ymax,score,label
414.2518310546875,265.792236328125,478.10699462890625,302.1306457519531,0.9937321543693542,3
