xmin,ymin,xmax,ymax,score,label
400.681396484375,263.9122009277344,469.00311279296875,302.24530029296875,0.9762179851531982,3
401.5918273925781,264.2496643066406,472.26409912109375,302.19329833984375,0.10825632512569427,8
237.7463836669922,199.62550354003906,247.47352600097656,211.7743682861328,0.0554160475730896,3
