xmin,ymin,xmax,ymax,score,label
420.255126953125,265.7115783691406,481.4080810546875,302.2103271484375,0.980360209941864,3
417.09857177734375,264.68096923828125,481.2369079589844,301.8506774902344,0.05667083337903023,8
