xmin,ymin,xmax,ymax,score,label
377.7793884277344,262.60919189453125,453.0310363769531,302.056396484375,0.8907536864280701,3
379.3995056152344,260.6166076660156,454.80047607421875,302.8169860839844,0.24838407337665558,8
