xmin,ymin,xmax,ymax,score,label
426.2639465332031,266.3883972167969,485.3529968261719,302.3993225097656,0.9662712812423706,3
424.2702331542969,265.090087890625,488.6799011230469,302.0975341796875,0.12959888577461243,8
