xmin,ymin,xmax,ymax,score,label
394.2986755371094,263.2107849121094,464.3392028808594,301.79046630859375,0.9567726850509644,3
391.396240234375,264.4848327636719,465.1488952636719,301.1367492675781,0.16661085188388824,8
