xmin,ymin,xmax,ymax,score,label
371.4855041503906,261.4215393066406,450.7462463378906,302.2411193847656,0.9746562242507935,3
369.901611328125,259.8830261230469,449.2566833496094,301.7621154785156,0.08791597932577133,8
