xmin,ymin,xmax,ymax,score,label
363.2044677734375,260.610595703125,442.31182861328125,301.3160705566406,0.9778785705566406,3
359.0235900878906,261.16693115234375,440.94085693359375,301.9731140136719,0.10221216082572937,8
