xmin,ymin,xmax,ymax,score,label
386.6311340332031,262.17327880859375,460.96612548828125,302.5928649902344,0.9051195383071899,3
382.8689270019531,262.46868896484375,460.50555419921875,302.4979248046875,0.250348299741745,8
