xmin,ymin,xmax,ymax,score,label
265.3814392089844,251.2673797607422,373.2122802734375,299.9765930175781,0.9950065612792969,3
237.7705841064453,198.74282836914062,247.6013946533203,211.783935546875,0.09736033529043198,3
