xmin,ymin,xmax,ymax,score,label
250.15061950683594,249.49879455566406,364.79296875,302.0632019042969,0.9955040812492371,3
237.58717346191406,199.2701416015625,247.28701782226562,211.26486206054688,0.10953611135482788,3
