xmin,ymin,xmax,ymax,score,label
232.21435546875,247.2597198486328,349.55426025390625,300.06793212890625,0.9914228320121765,3
237.9561309814453,199.3208465576172,247.66954040527344,211.8258056640625,0.06448456645011902,3
