xmin,ymin,xmax,ymax,score,label
311.686279296875,255.0116729736328,403.0474548339844,300.66363525390625,0.9951410293579102,3
