xmin,ymin,xmax,ymax,score,label
351.7906188964844,258.15167236328125,435.9992370605469,301.0958557128906,0.9890838265419006,3
