xmin,ymin,xmax,ymax,score,label
343.6672668457031,258.2220153808594,427.7273254394531,300.67266845703125,0.98605877161026,3
