xmin,ymin,xmax,ymax,score,label
331.7663269042969,256.1686096191406,416.8388671875,300.8074035644531,0.9933257102966309,3
