xmin,ymin,xmax,ymax,score,label
296.8361511230469,253.7392120361328,391.3691711425781,301.02642822265625,0.9957228899002075,3
