xmin,ymin,xmax,ymax,score,label
322.3109130859375,256.301025390625,413.1343078613281,300.32281494140625,0.9825671315193176,3
321.0652770996094,255.66473388671875,413.2312316894531,300.8404541015625,0.060427822172641754,8
