xmin,ymin,xmax,ymax,score,label
280.51959228515625,254.0561065673828,383.26495361328125,300.5814208984375,0.9947566986083984,3
237.83074951171875,198.6512451171875,247.5736846923828,211.52813720703125,0.07862720638513565,3
