xmin,ymin,xmax,ymax,score,label
29.040752410888672,223.77442932128906,178.8387908935547,293.18853759765625,0.9933666586875916,3
238.291015625,200.23744201660156,247.15237426757812,211.47869873046875,0.0911310613155365,3
