xmin,ymin,xmax,ymax,score,label
192.69049072265625,241.52996826171875,320.724609375,298.7962646484375,0.9952834248542786,3
