xmin,ymin,xmax,ymax,score,label
176.18658447265625,239.80116271972656,303.3078308105469,299.6820983886719,0.9953088164329529,3
