xmin,ymin,xmax,ymax,score,label
82.64886474609375,231.55137634277344,226.30850219726562,297.1004638671875,0.9927933216094971,3
