xmin,ymin,xmax,ymax,score,label
131.8335418701172,236.54244995117188,269.4903259277344,297.1997985839844,0.9956746697425842,3
