xmin,ymin,xmax,ymax,score,label
214.51866149902344,242.98712158203125,334.9908447265625,299.5489807128906,0.9961004257202148,3
