xmin,ymin,xmax,ymax,score,label
105.21031951904297,234.37620544433594,250.9122314453125,297.408203125,0.9933058619499207,3
