xmin,ymin,xmax,ymax,score,label
56.0174560546875,227.81353759765625,204.08934020996094,293.8373107910156,0.9902175068855286,3
