xmin,ymin,xmax,ymax,score,label
3.980041742324829,222.2655792236328,158.39059448242188,291.7882385253906,0.9903638958930969,3
