xmin,ymin,xmax,ymax,score,label
152.32342529296875,238.68931579589844,288.0308837890625,297.6808776855469,0.9961040019989014,3
