xmin,ymin,xmax,ymax,score,label
1.7129968404769897,218.4960174560547,127.52902221679688,289.9798278808594,0.9943041205406189,3
