xmin,ymin,xmax,ymax,score,label
0.30702000856399536,211.1685333251953,16.434581756591797,265.6614074707031,0.9968457818031311,3
