xmin,ymin,xmax,ymax,score,label
0.9517911672592163,214.39968872070312,45.39237594604492,281.2327880859375,0.934130847454071,3
0.0,214.76023864746094,45.13426208496094,284.7462158203125,0.21606197953224182,8
235.12796020507812,198.1206512451172,247.70875549316406,212.47784423828125,0.0939156711101532,3
