xmin,ymin,xmax,ymax,score,label
1.2116154432296753,211.9166259765625,74.03321075439453,287.3995666503906,0.9700495004653931,3
4.679108619689941,212.2425079345703,74.88312530517578,286.730712890625,0.07212284952402115,8
