xmin,ymin,xmax,ymax,score,label
0.0,214.8738555908203,102.21377563476562,286.94952392578125,0.9944145679473877,3
