xmin,ymin,xmax,ymax,score,label
236.3558807373047,199.53720092773438,247.59500122070312,212.59686279296875,0.06180094927549362,3
