xmin,ymin,xmax,ymax,score,label
237.90972900390625,199.5379638671875,247.1707763671875,211.23507690429688,0.15581394731998444,3
