xmin,ymin,xmax,ymax,score,label
238.1376495361328,199.89535522460938,247.56842041015625,211.88267517089844,0.17315657436847687,3
