xmin,ymin,xmax,ymax,score,label
238.11888122558594,199.56222534179688,247.07716369628906,211.0720977783203,0.20622095465660095,3
