xmin,ymin,xmax,ymax,score,label
237.4144744873047,199.93772888183594,247.5943603515625,211.4984130859375,0.0617159903049469,3
