xmin,ymin,xmax,ymax,score,label
237.69432067871094,199.22935485839844,247.30735778808594,212.03619384765625,0.06328549981117249,3
