xmin,ymin,xmax,ymax,score,label
235.0193634033203,198.19371032714844,247.84161376953125,212.66136169433594,0.10507615655660629,3
