xmin,ymin,xmax,ymax,score,label
238.2032012939453,199.7848663330078,247.369873046875,212.02792358398438,0.06424343585968018,3
