xmin,ymin,xmax,ymax,score,label
238.26177978515625,199.3372802734375,247.3833465576172,211.81204223632812,0.160135418176651,3
