xmin,ymin,xmax,ymax,score,label
238.33921813964844,199.43251037597656,247.44085693359375,211.41848754882812,0.11140895634889603,3
