xmin,ymin,xmax,ymax,score,label
238.37973022460938,199.46485900878906,247.21148681640625,211.5400390625,0.24688148498535156,3
