xmin,ymin,xmax,ymax,score,label
237.26382446289062,199.2183074951172,247.25929260253906,211.08584594726562,0.11671829223632812,3
