xmin,ymin,xmax,ymax,score,label
238.5166015625,199.8446807861328,247.3977508544922,211.2895050048828,0.055161312222480774,3
