xmin,ymin,xmax,ymax,score,label
238.32122802734375,199.8030548095703,247.362548828125,211.3184814453125,0.05941852182149887,3
