xmin,ymin,xmax,ymax,score,label
237.40753173828125,199.35374450683594,247.5726776123047,212.1376953125,0.05811651051044464,3
