xmin,ymin,xmax,ymax,score,label
234.68145751953125,198.87310791015625,247.73489379882812,212.88818359375,0.08786331117153168,3
