xmin,ymin,xmax,ymax,score,label
234.9087371826172,199.19044494628906,247.7794952392578,213.32835388183594,0.09450078755617142,3
