xmin,ymin,xmax,ymax,score,label
236.3231964111328,199.0483856201172,247.84022521972656,211.890625,0.14252875745296478,3
