xmin,ymin,xmax,ymax,score,label
237.97293090820312,199.08377075195312,247.69583129882812,211.0847930908203,0.0669037327170372,3
