xmin,ymin,xmax,ymax,score,label
238.4259033203125,199.1831817626953,247.35882568359375,211.58795166015625,0.17864489555358887,3
