xmin,ymin,xmax,ymax,score,label
238.0295867919922,199.77525329589844,247.1509246826172,211.94378662109375,0.1443692296743393,3
