xmin,ymin,xmax,ymax,score,label
235.76174926757812,199.3957977294922,247.64163208007812,213.1327362060547,0.11033005267381668,3
