xmin,ymin,xmax,ymax,score,label
233.32736206054688,198.2923126220703,247.84645080566406,213.69705200195312,0.05667490139603615,3
