xmin,ymin,xmax,ymax,score,label
237.52369689941406,199.3126220703125,247.95037841796875,211.6124725341797,0.05701138824224472,3
