xmin,ymin,xmax,ymax,score,label
237.50738525390625,199.3689727783203,248.0492401123047,211.65228271484375,0.10181672126054764,3
