xmin,ymin,xmax,ymax,score,label
237.12535095214844,199.22581481933594,247.46255493164062,211.5942840576172,0.05508136749267578,3
