xmin,ymin,xmax,ymax,score,label
231.34860229492188,197.69671630859375,247.27801513671875,213.06585693359375,0.06785181909799576,3
