xmin,ymin,xmax,ymax,score,label
237.4867401123047,199.34913635253906,247.87600708007812,211.73944091796875,0.08511967211961746,3
