xmin,ymin,xmax,ymax,score,label
235.50057983398438,198.18280029296875,247.74403381347656,212.37721252441406,0.14228886365890503,3
