xmin,ymin,xmax,ymax,score,label
234.0952606201172,198.06602478027344,247.4490966796875,212.44888305664062,0.07330270856618881,3
