xmin,ymin,xmax,ymax,score,label
234.106201171875,198.5491485595703,247.8702392578125,212.80760192871094,0.05315205827355385,3
