xmin,ymin,xmax,ymax,score,label
235.12811279296875,197.976318359375,247.9555206298828,212.7870635986328,0.05159951373934746,3
