xmin,ymin,xmax,ymax,score,label
235.44187927246094,198.1110382080078,247.85223388671875,212.30848693847656,0.056765116751194,3
