xmin,ymin,xmax,ymax,score,label
237.34454345703125,198.9761199951172,247.2997283935547,212.16957092285156,0.05179615318775177,3
