xmin,ymin,xmax,ymax,score,label
235.68563842773438,199.12945556640625,247.45840454101562,212.19216918945312,0.07429955154657364,3
