xmin,ymin,xmax,ymax,score,label
234.27084350585938,199.2222137451172,247.09872436523438,213.05690002441406,0.05068339407444,3
