xmin,ymin,xmax,ymax,score,label
233.36289978027344,198.510986328125,246.97654724121094,212.8491973876953,0.08831609785556793,3
