xmin,ymin,xmax,ymax,score,label
236.08807373046875,199.5433349609375,247.85328674316406,212.01051330566406,0.07588030397891998,3
