xmin,ymin,xmax,ymax,score,label
237.01947021484375,200.0980987548828,247.20144653320312,211.49220275878906,0.08235174417495728,3
