xmin,ymin,xmax,ymax,score,label
237.11253356933594,200.12799072265625,247.32960510253906,211.6578826904297,0.07760687917470932,3
