xmin,ymin,xmax,ymax,score,label
232.90093994140625,198.28590393066406,247.2576141357422,212.2771759033203,0.05789366737008095,3
