xmin,ymin,xmax,ymax,score,label
235.891845703125,199.5081024169922,247.66236877441406,211.89144897460938,0.173870250582695,3
