xmin,ymin,xmax,ymax,score,label
237.46127319335938,200.3675994873047,247.26441955566406,211.53260803222656,0.12222699820995331,3
