xmin,ymin,xmax,ymax,score,label
234.68511962890625,199.04098510742188,247.7767791748047,213.0750274658203,0.07913780957460403,3
