xmin,ymin,xmax,ymax,score,label
235.00218200683594,198.60821533203125,247.6659393310547,212.64320373535156,0.05108701065182686,3
