xmin,ymin,xmax,ymax,score,label
237.2664337158203,199.07139587402344,247.6020965576172,211.66444396972656,0.06207481399178505,3
