xmin,ymin,xmax,ymax,score,label
236.04823303222656,198.16819763183594,247.68783569335938,211.88246154785156,0.11511284112930298,3
