xmin,ymin,xmax,ymax,score,label
237.1959686279297,200.43699645996094,246.9830322265625,211.6941375732422,0.05863044783473015,3
