xmin,ymin,xmax,ymax,score,label
237.8762664794922,200.51181030273438,247.41871643066406,212.0255889892578,0.11043038219213486,3
