xmin,ymin,xmax,ymax,score,label
236.64199829101562,200.40464782714844,247.1471710205078,211.81822204589844,0.1097089946269989,3
