xmin,ymin,xmax,ymax,score,label
234.68702697753906,198.46322631835938,247.99832153320312,212.4298858642578,0.057612344622612,3
