xmin,ymin,xmax,ymax,score,label
234.86639404296875,198.3787841796875,247.57012939453125,212.4855499267578,0.11517682671546936,3
