xmin,ymin,xmax,ymax,score,label
235.40176391601562,198.19378662109375,247.7495880126953,212.34634399414062,0.10426345467567444,3
