xmin,ymin,xmax,ymax,score,label
236.65896606445312,199.09591674804688,247.6298828125,211.9341278076172,0.06279869377613068,3
