xmin,ymin,xmax,ymax,score,label
234.60643005371094,198.5264892578125,247.79258728027344,212.79173278808594,0.066922627389431,3
