xmin,ymin,xmax,ymax,score,label
234.03677368164062,198.30665588378906,247.80120849609375,212.7959442138672,0.13738436996936798,3
