xmin,ymin,xmax,ymax,score,label
233.65032958984375,198.32449340820312,247.7576141357422,213.0569305419922,0.09106697887182236,3
