xmin,ymin,xmax,ymax,score,label
235.85720825195312,198.7733154296875,247.357421875,212.05271911621094,0.10081233829259872,3
