xmin,ymin,xmax,ymax,score,label
235.44265747070312,198.55043029785156,247.7008819580078,212.36485290527344,0.16940122842788696,3
