xmin,ymin,xmax,ymax,score,label
233.4027099609375,198.07789611816406,247.8063201904297,212.52020263671875,0.06842011213302612,3
