xmin,ymin,xmax,ymax,score,label
236.88807678222656,199.40821838378906,248.11085510253906,211.39804077148438,0.0786782056093216,3
