xmin,ymin,xmax,ymax,score,label
235.21759033203125,198.45301818847656,247.74441528320312,212.23458862304688,0.05441631004214287,3
