xmin,ymin,xmax,ymax,score,label
234.95262145996094,198.44593811035156,247.62136840820312,212.2735595703125,0.15961460769176483,3
