xmin,ymin,xmax,ymax,score,label
235.58555603027344,198.63412475585938,247.60365295410156,211.83346557617188,0.06191611662507057,3
