xmin,ymin,xmax,ymax,score,label
234.9697723388672,198.95994567871094,247.18710327148438,211.9271697998047,0.08480262011289597,3
