xmin,ymin,xmax,ymax,score,label
236.8594512939453,199.5820770263672,247.28213500976562,211.7626190185547,0.09203774482011795,3
