xmin,ymin,xmax,ymax,score,label
234.869873046875,198.6515350341797,247.42404174804688,212.17068481445312,0.16398131847381592,3
