xmin,ymin,xmax,ymax,score,label
235.28115844726562,198.984619140625,247.55821228027344,212.5758056640625,0.12276019155979156,3
