xmin,ymin,xmax,ymax,score,label
233.2816162109375,198.43389892578125,247.52590942382812,212.51950073242188,0.1062266081571579,3
