xmin,ymin,xmax,ymax,score,label
234.3512420654297,199.1750946044922,247.87265014648438,213.01651000976562,0.09058964252471924,3
