xmin,ymin,xmax,ymax,score,label
234.0681610107422,198.95611572265625,247.63597106933594,212.58245849609375,0.06630612909793854,3
