xmin,ymin,xmax,ymax,score,label
234.473876953125,198.59657287597656,247.6619110107422,212.5931854248047,0.05564480274915695,3
