xmin,ymin,xmax,ymax,score,label
234.92327880859375,198.3133087158203,247.6821746826172,212.1761474609375,0.11402641981840134,3
