xmin,ymin,xmax,ymax,score,label
235.25770568847656,198.1664581298828,247.70240783691406,212.1109619140625,0.1628156453371048,3
