xmin,ymin,xmax,ymax,score,label
235.46275329589844,198.4952392578125,247.7755889892578,211.92958068847656,0.05346842482686043,3
