xmin,ymin,xmax,ymax,score,label
235.51316833496094,198.62196350097656,247.94569396972656,212.20828247070312,0.10746894776821136,3
