xmin,ymin,xmax,ymax,score,label
233.382568359375,198.58871459960938,247.40699768066406,212.19692993164062,0.08304417133331299,3
