xmin,ymin,xmax,ymax,score,label
234.01220703125,198.67787170410156,247.5846710205078,212.63687133789062,0.08142362534999847,3
