xmin,ymin,xmax,ymax,score,label
235.26373291015625,198.9527587890625,248.19569396972656,212.42686462402344,0.06596938520669937,3
