xmin,ymin,xmax,ymax,score,label
235.17869567871094,198.17250061035156,247.99166870117188,211.93740844726562,0.07685505598783493,3
