xmin,ymin,xmax,ymax,score,label
235.176025390625,198.21339416503906,247.97268676757812,212.03712463378906,0.1002165898680687,3
