xmin,ymin,xmax,ymax,score,label
236.2083740234375,199.1149444580078,247.47691345214844,211.6725616455078,0.12949854135513306,3
