xmin,ymin,xmax,ymax,score,label
235.6193389892578,198.5418701171875,247.46176147460938,212.10289001464844,0.1058788001537323,3
