xmin,ymin,xmax,ymax,score,label
233.8332061767578,198.88232421875,247.67234802246094,212.7434844970703,0.09541557729244232,3
