xmin,ymin,xmax,ymax,score,label
233.68011474609375,198.7025146484375,247.85350036621094,212.83700561523438,0.0577387772500515,3
