xmin,ymin,xmax,ymax,score,label
233.24525451660156,198.02259826660156,247.3988037109375,212.06683349609375,0.20162110030651093,3
