xmin,ymin,xmax,ymax,score,label
234.90646362304688,198.77159118652344,247.60731506347656,212.17752075195312,0.06162192299962044,3
