xmin,ymin,xmax,ymax,score,label
235.2521514892578,197.91310119628906,247.6688995361328,211.9539337158203,0.10960621386766434,3
