xmin,ymin,xmax,ymax,score,label
238.12649536132812,198.7807159423828,247.20237731933594,210.51803588867188,0.08330915868282318,3
