xmin,ymin,xmax,ymax,score,label
237.73338317871094,199.61631774902344,247.4134521484375,211.67201232910156,0.07246590405702591,3
