xmin,ymin,xmax,ymax,score,label
237.84715270996094,199.3682403564453,247.2879180908203,211.08282470703125,0.12820997834205627,3
