xmin,ymin,xmax,ymax,score,label
235.13641357421875,198.38970947265625,247.33714294433594,212.282470703125,0.15744389593601227,3
