xmin,ymin,xmax,ymax,score,label
234.7568359375,198.18856811523438,247.2699432373047,212.23788452148438,0.17359039187431335,3
