xmin,ymin,xmax,ymax,score,label
234.811279296875,198.2304229736328,247.5972900390625,212.5283660888672,0.08003079891204834,3
