xmin,ymin,xmax,ymax,score,label
235.05780029296875,198.4051971435547,247.37890625,212.31781005859375,0.11096326261758804,3
