xmin,ymin,xmax,ymax,score,label
238.51617431640625,199.29151916503906,248.0336151123047,210.80421447753906,0.0736960917711258,3
