xmin,ymin,xmax,ymax,score,label
235.2906036376953,198.25155639648438,247.65061950683594,212.2332305908203,0.10770680010318756,3
