xmin,ymin,xmax,ymax,score,label
236.46363830566406,199.7104949951172,247.47691345214844,211.87960815429688,0.08602020889520645,3
