xmin,ymin,xmax,ymax,score,label
234.845458984375,199.03663635253906,247.205810546875,212.8879852294922,0.1100543662905693,3
