xmin,ymin,xmax,ymax,score,label
235.4087677001953,199.35145568847656,247.370361328125,212.89859008789062,0.1262093335390091,3
