xmin,ymin,xmax,ymax,score,label
235.24671936035156,198.2132110595703,247.7503204345703,212.1944580078125,0.05469749495387077,3
