xmin,ymin,xmax,ymax,score,label
234.51329040527344,198.05596923828125,247.74459838867188,212.3057098388672,0.06991282850503922,3
