xmin,ymin,xmax,ymax,score,label
235.212158203125,198.05294799804688,247.6372833251953,212.18429565429688,0.050004709511995316,3
