xmin,ymin,xmax,ymax,score,label
235.42755126953125,198.1319580078125,247.8322296142578,211.8186798095703,0.07738453149795532,3
