xmin,ymin,xmax,ymax,score,label
234.5325469970703,196.9989776611328,247.3037872314453,211.8409881591797,0.0764077827334404,3
