xmin,ymin,xmax,ymax,score,label
236.01698303222656,196.90687561035156,247.74444580078125,211.91407775878906,0.05575038120150566,3
