xmin,ymin,xmax,ymax,score,label
234.55738830566406,196.7759552001953,247.39576721191406,211.87640380859375,0.053821004927158356,3
