xmin,ymin,xmax,ymax,score,label
234.4464569091797,196.6114959716797,247.11546325683594,211.72132873535156,0.060015466064214706,3
