xmin,ymin,xmax,ymax,score,label
234.8837890625,197.31947326660156,247.23757934570312,212.0109100341797,0.061904426664114,3
