xmin,ymin,xmax,ymax,score,label
234.93719482421875,197.25772094726562,247.03514099121094,211.76849365234375,0.051035817712545395,3
