xmin,ymin,xmax,ymax,score,label
235.3052978515625,198.33432006835938,247.74465942382812,211.9257354736328,0.06743603199720383,3
