xmin,ymin,xmax,ymax,score,label
237.6260986328125,199.0845184326172,247.17356872558594,210.66261291503906,0.24741698801517487,3
231.66258239746094,197.73695373535156,247.52447509765625,212.15760803222656,0.1248302161693573,3
240.51800537109375,197.16880798339844,248.6847381591797,204.8347625732422,0.06122681498527527,3
