xmin,ymin,xmax,ymax,score,label
235.3347930908203,198.439208984375,247.9357452392578,212.03756713867188,0.1545221358537674,3
