xmin,ymin,xmax,ymax,score,label
238.80406188964844,198.29811096191406,247.6881866455078,210.5760955810547,0.10813499987125397,3
