xmin,ymin,xmax,ymax,score,label
234.88583374023438,198.21420288085938,247.91358947753906,211.9417266845703,0.06210237741470337,3
