xmin,ymin,xmax,ymax,score,label
254.19802856445312,199.87017822265625,260.94989013671875,205.89328002929688,0.16832756996154785,3
