xmin,ymin,xmax,ymax,score,label
255.58956909179688,199.92788696289062,261.8542175292969,205.73060607910156,0.11601438373327255,3
