xmin,ymin,xmax,ymax,score,label
253.48617553710938,199.8335418701172,260.2036437988281,205.59454345703125,0.09058330953121185,3
