xmin,ymin,xmax,ymax,score,label
253.1942596435547,199.44407653808594,260.2638244628906,205.50698852539062,0.11113961040973663,3
