xmin,ymin,xmax,ymax,score,label
254.54478454589844,199.550048828125,261.438232421875,205.58261108398438,0.5032282471656799,3
234.9508056640625,199.04693603515625,248.323486328125,211.81297302246094,0.05440039187669754,3
