xmin,ymin,xmax,ymax,score,label
260.9178466796875,201.8985137939453,269.6569519042969,208.44888305664062,0.5838710069656372,3
