xmin,ymin,xmax,ymax,score,label
258.8106689453125,201.4000244140625,266.8753662109375,208.06802368164062,0.5217872262001038,3
258.3861999511719,200.997314453125,267.13909912109375,207.91592407226562,0.06136548891663551,8
