xmin,ymin,xmax,ymax,score,label
259.5636291503906,200.7882843017578,267.6807556152344,208.31695556640625,0.07820156216621399,3
