xmin,ymin,xmax,ymax,score,label
260.0378112792969,201.70750427246094,268.987548828125,208.3201446533203,0.26214930415153503,3
