xmin,ymin,xmax,ymax,score,label
261.74505615234375,201.99497985839844,270.81207275390625,208.54444885253906,0.40111076831817627,3
