xmin,ymin,xmax,ymax,score,label
258.2253723144531,201.11622619628906,266.1224365234375,207.76687622070312,0.19865982234477997,3
