xmin,ymin,xmax,ymax,score,label
262.5380859375,202.01597595214844,271.7206726074219,208.84678649902344,0.37718281149864197,3
