xmin,ymin,xmax,ymax,score,label
256.79998779296875,200.324462890625,264.5214538574219,206.30194091796875,0.31579065322875977,3
256.63458251953125,200.1929473876953,264.5440673828125,206.32130432128906,0.06118233501911163,8
258.2323913574219,199.4805450439453,264.2477111816406,206.6978302001953,0.05214343219995499,1
