xmin,ymin,xmax,ymax,score,label
265.0954895019531,203.60031127929688,274.8189392089844,210.7386016845703,0.48341602087020874,3
