xmin,ymin,xmax,ymax,score,label
273.2593994140625,205.7884063720703,283.2358093261719,213.53921508789062,0.9070613980293274,3
272.31048583984375,205.4229278564453,283.6070556640625,213.43971252441406,0.12592114508152008,8
