xmin,ymin,xmax,ymax,score,label
264.7134704589844,202.7774200439453,273.7091369628906,210.51988220214844,0.5697157979011536,3
264.5129699707031,202.5228271484375,273.75640869140625,210.49586486816406,0.052608124911785126,8
