xmin,ymin,xmax,ymax,score,label
272.3070983886719,205.83859252929688,281.8424072265625,213.12852478027344,0.9030946493148804,3
271.57843017578125,205.22979736328125,282.34674072265625,213.13670349121094,0.07688791304826736,8
