xmin,ymin,xmax,ymax,score,label
275.3014221191406,206.1178741455078,284.0864562988281,213.736572265625,0.9036654233932495,3
274.3770751953125,205.33668518066406,284.954345703125,213.842041015625,0.12837128341197968,8
