xmin,ymin,xmax,ymax,score,label
270.8616943359375,205.2174835205078,280.3471984863281,212.65386962890625,0.8935779929161072,3
270.0736389160156,204.6349334716797,280.6932373046875,212.7003631591797,0.0721450075507164,8
