xmin,ymin,xmax,ymax,score,label
267.0238342285156,204.38377380371094,276.2161865234375,211.205810546875,0.7144176959991455,3
266.93310546875,203.9425811767578,275.89935302734375,211.23912048339844,0.11734913289546967,8
