xmin,ymin,xmax,ymax,score,label
269.8391418457031,205.52667236328125,279.08642578125,211.92115783691406,0.8758194446563721,3
268.9320373535156,204.38137817382812,279.4707946777344,212.40194702148438,0.07929534465074539,8
