xmin,ymin,xmax,ymax,score,label
264.0102844238281,202.80426025390625,272.88348388671875,209.86659240722656,0.6397275924682617,3
263.8053283691406,202.64195251464844,272.88427734375,209.86465454101562,0.06301144510507584,8
