xmin,ymin,xmax,ymax,score,label
268.2894592285156,205.23573303222656,277.0762634277344,211.17849731445312,0.8181169629096985,3
267.98626708984375,204.56410217285156,276.9797058105469,211.29864501953125,0.08978014439344406,8
