xmin,ymin,xmax,ymax,score,label
277.5312194824219,207.5012664794922,288.1451110839844,215.47378540039062,0.9073503017425537,3
276.8036193847656,206.99456787109375,288.5016174316406,215.43089294433594,0.12418095767498016,8
236.27418518066406,198.9518585205078,248.7537384033203,212.9919891357422,0.08418305218219757,3
