xmin,ymin,xmax,ymax,score,label
276.17694091796875,206.8855743408203,285.9454040527344,214.30409240722656,0.9299996495246887,3
276.3255310058594,210.0079345703125,285.81109619140625,215.37640380859375,0.1488545686006546,3
275.033203125,205.5137481689453,286.65509033203125,214.867431640625,0.10128826647996902,8
