xmin,ymin,xmax,ymax,score,label
290.2488098144531,211.2355194091797,301.41925048828125,220.9670867919922,0.8368430733680725,3
288.9267578125,210.60536193847656,301.5611267089844,221.24363708496094,0.22786884009838104,8
291.48687744140625,215.05328369140625,300.54071044921875,221.89779663085938,0.12669549882411957,3
287.7802429199219,211.8372039794922,297.35601806640625,220.0703582763672,0.09454485028982162,3
