xmin,ymin,xmax,ymax,score,label
284.4855651855469,210.16439819335938,294.5741271972656,218.24525451660156,0.8121662735939026,3
283.4159240722656,208.88206481933594,295.1299743652344,218.65403747558594,0.3015347719192505,8
284.1042785644531,213.44374084472656,293.0306091308594,218.9432830810547,0.15383951365947723,3
284.9148254394531,208.8738250732422,294.17144775390625,215.00286865234375,0.06989964842796326,3
283.0994873046875,210.3645477294922,290.2020263671875,217.10594177246094,0.06472688168287277,3
