xmin,ymin,xmax,ymax,score,label
286.0386657714844,210.84707641601562,296.8807678222656,218.90170288085938,0.8602569103240967,3
284.73785400390625,209.8436737060547,297.1795349121094,219.5138702392578,0.20150262117385864,8
286.65380859375,214.70716857910156,296.75604248046875,220.38735961914062,0.12291654199361801,3
