xmin,ymin,xmax,ymax,score,label
291.2721252441406,211.95388793945312,304.6065673828125,221.78994750976562,0.8681354522705078,3
291.2030334472656,211.48622131347656,304.5051574707031,221.90335083007812,0.17868362367153168,8
292.7583923339844,211.13209533691406,304.023193359375,218.0957794189453,0.17646528780460358,3
284.4130554199219,191.2991485595703,294.6084289550781,197.35504150390625,0.050282638520002365,3
