xmin,ymin,xmax,ymax,score,label
280.6021423339844,208.71444702148438,291.5907287597656,216.64927673339844,0.8870542049407959,3
279.53582763671875,207.9851837158203,291.494140625,217.0950469970703,0.22076423466205597,8
235.97145080566406,198.87127685546875,249.56663513183594,213.4302520751953,0.10523291677236557,3
