xmin,ymin,xmax,ymax,score,label
282.2349853515625,209.0946044921875,292.8025207519531,217.21412658691406,0.8403328657150269,3
281.5816955566406,208.06239318847656,293.1406555175781,217.51678466796875,0.2959689795970917,8
282.0973205566406,212.5819854736328,291.8559875488281,218.3636474609375,0.15109466016292572,3
