xmin,ymin,xmax,ymax,score,label
286.7133483886719,210.6404266357422,299.85015869140625,220.24441528320312,0.8869348168373108,3
285.7030029296875,209.88058471679688,299.4818420410156,220.34901428222656,0.1264500916004181,8
