xmin,ymin,xmax,ymax,score,label
279.33807373046875,208.33299255371094,289.3850402832031,216.50111389160156,0.9426368474960327,3
277.2789306640625,207.6541290283203,289.489501953125,216.7892303466797,0.11675094813108444,8
235.6515350341797,198.86546325683594,248.6637420654297,213.06927490234375,0.1010308787226677,3
