xmin,ymin,xmax,ymax,score,label
293.08636474609375,213.04820251464844,306.3293762207031,223.44247436523438,0.9515978097915649,3
292.795166015625,212.28411865234375,306.34893798828125,223.4867706298828,0.07098709046840668,8
283.4018859863281,190.27769470214844,295.2137756347656,197.09559631347656,0.06454965472221375,3
