xmin,ymin,xmax,ymax,score,label
315.825439453125,221.80931091308594,335.0961608886719,236.72171020507812,0.8768359422683716,3
315.8690490722656,221.13717651367188,335.1922302246094,236.515625,0.2133735865354538,8
320.4610290527344,221.198486328125,335.76031494140625,232.07322692871094,0.08490908890962601,3
