xmin,ymin,xmax,ymax,score,label
303.6910095214844,215.913818359375,320.6431884765625,229.56982421875,0.856532096862793,3
303.51971435546875,216.11387634277344,320.3670654296875,229.56378173828125,0.1789165437221527,8
303.96807861328125,221.56080627441406,319.2291564941406,229.0657501220703,0.0846591517329216,3
