xmin,ymin,xmax,ymax,score,label
307.53717041015625,218.28082275390625,323.2617492675781,231.2726287841797,0.8139010071754456,3
306.7447814941406,216.616455078125,323.4259948730469,230.98565673828125,0.2802562713623047,8
301.97589111328125,221.54200744628906,308.1492614746094,228.98341369628906,0.058519478887319565,3
