xmin,ymin,xmax,ymax,score,label
309.91839599609375,218.98959350585938,327.43731689453125,232.50779724121094,0.8350755572319031,3
309.4188232421875,218.36093139648438,327.48687744140625,232.652099609375,0.20899267494678497,8
