xmin,ymin,xmax,ymax,score,label
302.1770324707031,215.67483520507812,317.8031311035156,227.87152099609375,0.929069459438324,3
301.7301025390625,215.01698303222656,317.7781982421875,227.89439392089844,0.1005740836262703,8
302.9556579589844,221.24673461914062,316.3522644042969,227.71409606933594,0.06405758857727051,3
