xmin,ymin,xmax,ymax,score,label
295.95758056640625,213.60044860839844,309.0550231933594,224.50482177734375,0.9408647418022156,3
284.912353515625,192.0302276611328,295.2261962890625,197.4093780517578,0.07542648911476135,3
295.340576171875,213.23597717285156,308.7815246582031,224.72555541992188,0.07221721857786179,8
