xmin,ymin,xmax,ymax,score,label
298.3380126953125,214.60169982910156,311.9553527832031,226.23072814941406,0.9212669134140015,3
297.6199951171875,219.6768341064453,309.6369323730469,226.3066864013672,0.10663779079914093,3
296.8016357421875,214.51083374023438,311.4520568847656,226.6691131591797,0.10192109644412994,8
