xmin,ymin,xmax,ymax,score,label
300.1855773925781,214.5465545654297,314.659423828125,226.9654998779297,0.8637011051177979,3
299.7929382324219,214.4552001953125,314.84033203125,227.01272583007812,0.2045898288488388,8
