xmin,ymin,xmax,ymax,score,label
311.8337097167969,220.53269958496094,331.9198303222656,234.86106872558594,0.9119354486465454,3
311.675537109375,219.7760467529297,331.6317138671875,234.78065490722656,0.12836529314517975,8
