xmin,ymin,xmax,ymax,score,label
318.4181823730469,222.483642578125,338.9774475097656,237.88079833984375,0.8467577695846558,3
318.9991455078125,222.08445739746094,339.1435852050781,238.30555725097656,0.26357007026672363,8
