xmin,ymin,xmax,ymax,score,label
350.2730712890625,234.0300750732422,381.10986328125,258.5219421386719,0.9782730340957642,3
