xmin,ymin,xmax,ymax,score,label
363.86676025390625,241.4580841064453,401.15185546875,269.1504821777344,0.9945300221443176,3
232.07785034179688,197.9050750732422,246.75486755371094,212.21568298339844,0.10269618034362793,3
