xmin,ymin,xmax,ymax,score,label
339.6754455566406,229.84686279296875,366.9724426269531,251.25445556640625,0.9789719581604004,3
