xmin,ymin,xmax,ymax,score,label
325.52581787109375,225.15919494628906,349.1117858886719,243.4992218017578,0.9700838327407837,3
238.281982421875,199.17733764648438,247.03256225585938,211.6692352294922,0.14176112413406372,3
