xmin,ymin,xmax,ymax,score,label
328.1015625,227.07635498046875,354.3689270019531,245.75567626953125,0.9609386324882507,3
328.0674743652344,226.0537567138672,354.8231506347656,245.56735229492188,0.07412808388471603,8
238.5093994140625,199.43699645996094,246.93270874023438,211.40576171875,0.0647401213645935,3
