xmin,ymin,xmax,ymax,score,label
320.8053894042969,223.63768005371094,344.0129089355469,240.13131713867188,0.884618878364563,3
320.0226745605469,222.47000122070312,344.031982421875,239.73582458496094,0.15016379952430725,8
237.9471893310547,198.9893798828125,247.05918884277344,211.11697387695312,0.060396041721105576,3
