xmin,ymin,xmax,ymax,score,label
344.71490478515625,232.43942260742188,374.5398864746094,254.9453582763672,0.9803300499916077,3
354.4407653808594,232.99305725097656,374.1480712890625,248.94593811035156,0.052026305347681046,3
