xmin,ymin,xmax,ymax,score,label
333.9473876953125,228.990478515625,360.54376220703125,247.79318237304688,0.956228494644165,3
342.37054443359375,229.10452270507812,360.02569580078125,242.4886474609375,0.20016300678253174,3
238.1591033935547,199.40896606445312,247.07542419433594,211.79151916503906,0.12060871720314026,3
335.1801452636719,228.376220703125,360.4656677246094,247.95521545410156,0.06903193145990372,8
