xmin,ymin,xmax,ymax,score,label
355.8488464355469,238.64215087890625,390.9119567871094,264.0306396484375,0.9195991158485413,3
353.47137451171875,237.7428741455078,391.0919189453125,263.14019775390625,0.17622672021389008,8
