xmin,ymin,xmax,ymax,score,label
371.6082458496094,244.24656677246094,412.5556945800781,275.0722961425781,0.991633415222168,3
