xmin,ymin,xmax,ymax,score,label
570.109375,338.1636657714844,638.3871459960938,409.3282775878906,0.6829100251197815,8
570.9473876953125,339.0145568847656,640.0,408.5920715332031,0.6795440316200256,3
