xmin,ymin,xmax,ymax,score,label
491.36566162109375,302.9020690917969,593.8084716796875,374.20733642578125,0.8918904662132263,3
498.47760009765625,298.94915771484375,573.119873046875,323.04620361328125,0.4201219081878662,3
485.1705322265625,300.30194091796875,594.0577392578125,373.4923095703125,0.27303799986839294,8
519.5838012695312,301.4614562988281,582.5868530273438,335.82696533203125,0.13094501197338104,3
520.5694580078125,310.0344543457031,592.2142333984375,356.02484130859375,0.05979778617620468,3
492.0003662109375,299.0208435058594,582.6793823242188,336.11322021484375,0.05243163928389549,8
