xmin,ymin,xmax,ymax,score,label
439.5928039550781,275.180419921875,513.48486328125,325.37432861328125,0.9685003757476807,3
437.7373046875,274.5085754394531,513.453857421875,325.2293395996094,0.0885511040687561,8
