xmin,ymin,xmax,ymax,score,label
455.57061767578125,285.2738952636719,550.7396850585938,350.5223693847656,0.8475991487503052,8
456.572021484375,289.54327392578125,550.4337158203125,348.1002502441406,0.4656111001968384,3
