xmin,ymin,xmax,ymax,score,label
408.86834716796875,260.8304138183594,462.9351806640625,302.16064453125,0.8729383945465088,3
404.13079833984375,259.9716796875,462.6283264160156,301.3600158691406,0.3033829927444458,8
