xmin,ymin,xmax,ymax,score,label
393.68609619140625,253.3085174560547,443.8411560058594,291.17340087890625,0.982566237449646,3
389.61834716796875,251.6367950439453,444.76580810546875,289.58154296875,0.057143088430166245,8
