xmin,ymin,xmax,ymax,score,label
421.5835266113281,265.9100646972656,484.6117248535156,309.81903076171875,0.8086438179016113,3
423.5461120605469,265.62896728515625,485.7230529785156,311.9349060058594,0.5522134900093079,8
