xmin,ymin,xmax,ymax,score,label
381.6538391113281,247.26473999023438,425.58905029296875,282.0406188964844,0.9846093654632568,3
