xmin,ymin,xmax,ymax,score,label
523.1514282226562,314.2320556640625,639.1551513671875,399.4759521484375,0.9540642499923706,3
517.56103515625,313.9871520996094,632.4346313476562,398.2667236328125,0.12953715026378632,8
559.5951538085938,319.9460144042969,593.0675659179688,353.22894287109375,0.10827463865280151,1
618.2291870117188,337.2502136230469,639.5681762695312,359.82977294921875,0.07204708456993103,3
