xmin,ymin,xmax,ymax,score,label
633.060791015625,369.53521728515625,639.7742919921875,399.4510192871094,0.38861361145973206,1
632.0137329101562,369.7475891113281,639.9306030273438,401.5054931640625,0.1897936761379242,3
634.1376342773438,373.19378662109375,639.6516723632812,389.8489990234375,0.11379070580005646,1
