xmin,ymin,xmax,ymax,score,label
238.08859252929688,199.38046264648438,247.1939697265625,210.8385772705078,0.06377419084310532,3
