xmin,ymin,xmax,ymax,score,label
238.01869201660156,198.62464904785156,247.1107635498047,209.7829132080078,0.05446965992450714,3
232.20875549316406,197.62158203125,247.30374145507812,211.5668182373047,0.05021475628018379,3
