xmin,ymin,xmax,ymax,score,label
232.0165557861328,198.65284729003906,248.1868896484375,212.9253692626953,0.07840374112129211,3
238.3389892578125,199.7289581298828,247.48989868164062,211.0492706298828,0.06902498006820679,3
