xmin,ymin,xmax,ymax,score,label
235.69590759277344,198.2866973876953,247.5378875732422,211.75033569335938,0.055546168237924576,3
