xmin,ymin,xmax,ymax,score,label
237.9677276611328,199.3307647705078,247.63540649414062,211.76145935058594,0.09631254523992538,3
