xmin,ymin,xmax,ymax,score,label
235.99159240722656,198.1982879638672,247.5209197998047,211.46469116210938,0.05331093445420265,3
