xmin,ymin,xmax,ymax,score,label
238.3343505859375,199.8903045654297,246.9450225830078,210.82447814941406,0.0993373915553093,3
