xmin,ymin,xmax,ymax,score,label
235.6088104248047,198.0341339111328,247.5618133544922,212.53140258789062,0.08626818656921387,3
