xmin,ymin,xmax,ymax,score,label
237.508056640625,199.13694763183594,247.7048797607422,212.02610778808594,0.07047513127326965,3
