xmin,ymin,xmax,ymax,score,label
235.986083984375,198.17904663085938,247.93423461914062,212.14222717285156,0.06834511458873749,3
