xmin,ymin,xmax,ymax,score,label
234.1365966796875,198.91970825195312,247.95057678222656,212.53433227539062,0.10996990650892258,3
