xmin,ymin,xmax,ymax,score,label
236.5149688720703,199.13633728027344,247.1963348388672,211.0727996826172,0.09323690831661224,3
