xmin,ymin,xmax,ymax,score,label
238.05810546875,199.56236267089844,247.4751434326172,212.28639221191406,0.05789940059185028,3
