xmin,ymin,xmax,ymax,score,label
238.0018768310547,199.60072326660156,247.12168884277344,211.3397979736328,0.1130354180932045,3
