xmin,ymin,xmax,ymax,score,label
237.5803985595703,198.9556427001953,247.40773010253906,211.4306182861328,0.13734649121761322,3
