xmin,ymin,xmax,ymax,score,label
237.73875427246094,198.84803771972656,247.14047241210938,211.22010803222656,0.10453268885612488,3
