xmin,ymin,xmax,ymax,score,label
237.72914123535156,200.08297729492188,247.2914581298828,211.7743377685547,0.12311889976263046,3
