xmin,ymin,xmax,ymax,score,label
234.4344482421875,197.9119110107422,247.59950256347656,212.6634063720703,0.10195083171129227,3
