xmin,ymin,xmax,ymax,score,label
236.03973388671875,198.3562469482422,247.6312255859375,212.04864501953125,0.06569039076566696,3
