xmin,ymin,xmax,ymax,score,label
234.1921844482422,197.94979858398438,247.71604919433594,212.53726196289062,0.11217646300792694,3
