xmin,ymin,xmax,ymax,score,label
236.89808654785156,200.97195434570312,247.7083282470703,212.2046356201172,0.1262567639350891,3
