xmin,ymin,xmax,ymax,score,label
234.3739013671875,197.91123962402344,247.71353149414062,212.6039581298828,0.11037101596593857,3
