xmin,ymin,xmax,ymax,score,label
237.1876983642578,199.35206604003906,247.23211669921875,212.08242797851562,0.0522422194480896,3
