xmin,ymin,xmax,ymax,score,label
235.16017150878906,199.13255310058594,247.6428680419922,212.93214416503906,0.05655071511864662,3
