xmin,ymin,xmax,ymax,score,label
237.339111328125,199.50645446777344,247.65631103515625,212.6350860595703,0.07011719793081284,3
