xmin,ymin,xmax,ymax,score,label
237.458984375,199.64317321777344,247.75836181640625,212.46290588378906,0.17121709883213043,3
