xmin,ymin,xmax,ymax,score,label
237.18482971191406,199.92630004882812,247.28826904296875,212.1982879638672,0.11086159944534302,3
