xmin,ymin,xmax,ymax,score,label
237.66896057128906,199.2653045654297,247.29940795898438,211.71343994140625,0.12477254867553711,3
