xmin,ymin,xmax,ymax,score,label
237.85458374023438,199.6900177001953,248.1258544921875,211.36119079589844,0.06937244534492493,3
