xmin,ymin,xmax,ymax,score,label
237.36529541015625,198.78106689453125,247.21385192871094,210.8509063720703,0.22979237139225006,3
