xmin,ymin,xmax,ymax,score,label
237.75234985351562,199.06056213378906,246.98043823242188,211.56321716308594,0.06623942404985428,3
