xmin,ymin,xmax,ymax,score,label
236.9925537109375,199.5472869873047,247.18951416015625,211.20755004882812,0.1258772313594818,3
