xmin,ymin,xmax,ymax,score,label
237.3767852783203,200.06924438476562,247.5653533935547,212.55447387695312,0.12182323634624481,3
