xmin,ymin,xmax,ymax,score,label
238.43568420410156,199.5687713623047,246.4473114013672,210.3665313720703,0.20599666237831116,3
232.92294311523438,198.4343719482422,247.00936889648438,211.74127197265625,0.07853420823812485,3
