xmin,ymin,xmax,ymax,score,label
237.22349548339844,199.73898315429688,247.53347778320312,211.70213317871094,0.09922629594802856,3
