xmin,ymin,xmax,ymax,score,label
238.43356323242188,199.73855590820312,246.63946533203125,210.4304962158203,0.06700089573860168,3
