xmin,ymin,xmax,ymax,score,label
235.7454833984375,198.4089813232422,247.6964111328125,211.30055236816406,0.07230569422245026,3
