xmin,ymin,xmax,ymax,score,label
235.58338928222656,198.74180603027344,247.2993927001953,211.6518096923828,0.07202388346195221,3
