xmin,ymin,xmax,ymax,score,label
234.6181182861328,199.59251403808594,247.46356201171875,213.5546417236328,0.052662305533885956,3
