xmin,ymin,xmax,ymax,score,label
236.80250549316406,199.0619354248047,248.044189453125,212.5407257080078,0.1571916788816452,3
