xmin,ymin,xmax,ymax,score,label
237.2425537109375,199.46450805664062,247.3634490966797,212.24900817871094,0.08905364573001862,3
