xmin,ymin,xmax,ymax,score,label
234.1297607421875,199.06333923339844,248.02377319335938,213.0978240966797,0.08330927044153214,3
