xmin,ymin,xmax,ymax,score,label
629.2221069335938,285.5570068359375,639.5812377929688,295.85400390625,0.18140532076358795,3
