xmin,ymin,xmax,ymax,score,label
628.8347778320312,285.08758544921875,639.1715087890625,296.2978210449219,0.24558086693286896,3
