xmin,ymin,xmax,ymax,score,label
625.415771484375,285.92535400390625,638.2354736328125,295.6451110839844,0.6502333879470825,3
