xmin,ymin,xmax,ymax,score,label
627.7868041992188,285.4968566894531,639.6340942382812,296.01861572265625,0.26511090993881226,3
