xmin,ymin,xmax,ymax,score,label
237.3887176513672,199.57080078125,247.07125854492188,211.1852569580078,0.07209719717502594,3
