xmin,ymin,xmax,ymax,score,label
624.53857421875,285.9312438964844,638.3189086914062,296.0265808105469,0.829646110534668,3
624.4783325195312,285.6817626953125,638.4247436523438,296.10040283203125,0.06627443432807922,8
