xmin,ymin,xmax,ymax,score,label
626.2050170898438,285.9342041015625,638.2721557617188,295.52117919921875,0.7771828174591064,3
