xmin,ymin,xmax,ymax,score,label
622.3280029296875,285.3474426269531,637.4298706054688,295.9239807128906,0.7315312027931213,3
621.9092407226562,285.0527038574219,637.5113525390625,296.2159729003906,0.258329838514328,8
621.7056274414062,286.6980895996094,632.2758178710938,294.88427734375,0.05697736516594887,3
627.7779541015625,287.1769104003906,639.0936279296875,296.215087890625,0.05129921808838844,3
636.2788696289062,288.4260559082031,640.0,296.4554443359375,0.05072728544473648,3
