xmin,ymin,xmax,ymax,score,label
618.1194458007812,284.5972900390625,631.6929321289062,295.3826904296875,0.6454286575317383,3
618.3999633789062,284.95159912109375,632.064208984375,295.9178466796875,0.3151296377182007,8
631.2938842773438,288.1101989746094,640.0,296.0312805175781,0.17978721857070923,3
618.6871948242188,289.0889587402344,630.4840698242188,296.3605041503906,0.13148899376392365,3
625.317626953125,285.5472106933594,640.0,295.939453125,0.07458316534757614,3
