xmin,ymin,xmax,ymax,score,label
621.3090209960938,284.9326171875,635.437744140625,295.75396728515625,0.6351509094238281,3
620.8583374023438,284.7043151855469,635.2603149414062,296.08966064453125,0.3682020306587219,8
627.8772583007812,288.16668701171875,639.8480224609375,296.4101867675781,0.06913623958826065,3
