xmin,ymin,xmax,ymax,score,label
631.18017578125,286.4959411621094,640.0,295.6834716796875,0.7559439539909363,3
613.8705444335938,284.3649597167969,628.203369140625,295.3548889160156,0.645812451839447,3
613.299072265625,283.83416748046875,628.9530639648438,295.4853515625,0.1824030727148056,8
630.7667846679688,291.1610412597656,640.0,296.8635559082031,0.11265445500612259,3
636.6145629882812,287.4226989746094,640.0,295.2486572265625,0.10936928540468216,3
