xmin,ymin,xmax,ymax,score,label
616.57568359375,285.1651611328125,631.656005859375,296.16107177734375,0.4152684211730957,3
633.8504028320312,287.5131530761719,640.0,295.33099365234375,0.3661041259765625,3
616.5027465820312,284.95538330078125,631.947021484375,296.300537109375,0.2788275182247162,8
636.7840576171875,287.0179138183594,640.0,295.222900390625,0.05010303482413292,3
