xmin,ymin,xmax,ymax,score,label
614.7069091796875,284.6883850097656,630.103271484375,295.9510192871094,0.4197051525115967,3
631.7093505859375,287.0485534667969,640.0,295.977783203125,0.3132587969303131,3
614.5775146484375,284.50506591796875,630.1941528320312,296.0224914550781,0.23206296563148499,8
