xmin,ymin,xmax,ymax,score,label
619.8494873046875,284.8320617675781,633.7391357421875,295.64996337890625,0.5981861352920532,3
619.662353515625,284.83843994140625,634.3533935546875,296.1905822753906,0.4308226406574249,8
625.7386474609375,286.2081298828125,640.0,296.44744873046875,0.12211529910564423,3
632.8438110351562,288.76556396484375,640.0,296.2677307128906,0.09652695804834366,3
620.3980102539062,288.6328125,631.1268310546875,296.70062255859375,0.06787663698196411,3
