xmin,ymin,xmax,ymax,score,label
622.3955078125,285.71337890625,637.635009765625,296.6370849609375,0.7942719459533691,3
622.336669921875,285.3135681152344,637.7269897460938,296.5411071777344,0.16870525479316711,8
623.4246215820312,285.0235595703125,635.6578369140625,292.8446960449219,0.09048471599817276,3
622.0330200195312,289.1066589355469,632.98046875,296.7296447753906,0.06428416073322296,3
