xmin,ymin,xmax,ymax,score,label
624.2315673828125,286.17864990234375,637.354248046875,296.431640625,0.8803046345710754,3
623.5289916992188,285.6394958496094,637.7553100585938,296.63232421875,0.10497303307056427,8
623.6314086914062,290.0484924316406,635.1353149414062,297.0392150878906,0.0773116871714592,3
