xmin,ymin,xmax,ymax,score,label
617.8062133789062,284.92681884765625,631.9107666015625,295.8945617675781,0.45977330207824707,3
617.3978881835938,284.540771484375,632.2538452148438,296.3655090332031,0.3971048593521118,8
632.2910766601562,287.612548828125,640.0,296.5401916503906,0.11454876512289047,3
624.187744140625,285.34722900390625,639.8980712890625,296.15447998046875,0.055746812373399734,3
