xmin,ymin,xmax,ymax,score,label
623.676025390625,285.8907165527344,636.5939331054688,295.82049560546875,0.868960440158844,3
600.44287109375,282.7646179199219,617.5418701171875,296.06640625,0.6466411352157593,3
600.0330810546875,282.7853698730469,617.72900390625,296.26812744140625,0.4893288016319275,8
623.0137939453125,289.4003601074219,633.3079833984375,296.3731994628906,0.35209032893180847,3
633.6451416015625,290.33599853515625,639.7991333007812,297.845947265625,0.1731569916009903,3
622.6371459960938,285.4263916015625,636.5835571289062,296.3731689453125,0.08784882724285126,8
590.72412109375,294.993408203125,607.4910278320312,308.19854736328125,0.06872410327196121,3
629.4278564453125,286.8766174316406,639.743408203125,296.5968017578125,0.0601806566119194,3
