xmin,ymin,xmax,ymax,score,label
606.0869140625,283.65106201171875,622.2457885742188,295.4706726074219,0.8262352347373962,3
626.7777709960938,286.6596374511719,638.75634765625,295.6184387207031,0.7677337527275085,3
605.9281616210938,282.9777526855469,622.9989624023438,295.7024230957031,0.2223099023103714,8
