xmin,ymin,xmax,ymax,score,label
628.6821899414062,285.9971923828125,639.9571533203125,295.8555603027344,0.8041228652000427,3
608.6644897460938,283.7117004394531,623.8101806640625,295.98748779296875,0.7747330665588379,3
609.5901489257812,282.9112854003906,624.7904052734375,295.95574951171875,0.2406887263059616,8
628.9471435546875,290.5910339355469,638.8942260742188,296.5611877441406,0.14528146386146545,3
