xmin,ymin,xmax,ymax,score,label
606.7400512695312,284.01220703125,623.8674926757812,296.59002685546875,0.39383602142333984,3
627.5857543945312,286.70257568359375,638.6481323242188,296.4649353027344,0.21942196786403656,3
606.6779174804688,283.837890625,624.123779296875,296.6871337890625,0.0775652602314949,8
