xmin,ymin,xmax,ymax,score,label
630.8805541992188,286.55401611328125,640.0,295.8157653808594,0.9318334460258484,3
612.1563720703125,284.09478759765625,627.7970581054688,295.38580322265625,0.8842245936393738,3
630.1585083007812,290.74627685546875,639.3532104492188,296.6340637207031,0.34514641761779785,3
636.5437622070312,288.0896911621094,640.0,294.9953308105469,0.14479759335517883,3
612.4324951171875,284.3238525390625,628.0648803710938,295.84100341796875,0.10293414443731308,8
613.8569946289062,289.7255554199219,627.8151245117188,296.7409362792969,0.07683221995830536,3
