xmin,ymin,xmax,ymax,score,label
630.65478515625,286.40447998046875,640.0,295.5098571777344,0.9196009635925293,3
611.514404296875,283.7620849609375,626.965576171875,295.23736572265625,0.877551257610321,3
630.3580932617188,290.4786376953125,639.698486328125,296.0162658691406,0.42378613352775574,3
611.2249755859375,283.7455139160156,626.9309692382812,295.59228515625,0.12318897247314453,8
635.2318725585938,287.847412109375,640.0,294.7581481933594,0.0525212362408638,3
