xmin,ymin,xmax,ymax,score,label
629.3683471679688,285.4642028808594,640.0,295.500244140625,0.9180006980895996,3
610.64892578125,283.4075622558594,625.5530395507812,294.9741516113281,0.860177218914032,3
629.2050170898438,290.3260803222656,639.6483154296875,296.2620849609375,0.1870395541191101,3
610.5506591796875,283.25982666015625,626.1031494140625,295.3591613769531,0.13703548908233643,8
