xmin,ymin,xmax,ymax,score,label
624.4755249023438,285.0574035644531,637.760009765625,295.5501708984375,0.8150854110717773,3
601.289794921875,282.1942443847656,618.7634887695312,294.6370849609375,0.6694523692131042,3
601.3676147460938,282.276123046875,618.8712158203125,295.4127197265625,0.4748343527317047,8
624.5159912109375,289.9106750488281,636.1240844726562,296.07952880859375,0.26225173473358154,3
624.4453735351562,285.5209045410156,637.0462036132812,295.578857421875,0.0652933418750763,8
633.7696533203125,290.2901916503906,639.8937377929688,297.1894836425781,0.05027182772755623,3
