xmin,ymin,xmax,ymax,score,label
626.3433837890625,283.8150634765625,638.8737182617188,294.02508544921875,0.7367101907730103,3
605.046875,282.58038330078125,622.35205078125,294.1954345703125,0.663664698600769,3
605.0487670898438,281.7274475097656,622.833251953125,294.4989318847656,0.1985824704170227,8
625.852294921875,287.9070129394531,637.2896118164062,294.5780334472656,0.061185888946056366,3
