xmin,ymin,xmax,ymax,score,label
625.5125732421875,284.3030090332031,637.643798828125,294.318603515625,0.8500379323959351,3
602.523681640625,282.52410888671875,619.453125,294.2983703613281,0.6415613293647766,3
602.7816772460938,281.7490234375,620.4141235351562,294.75,0.4691076874732971,8
