xmin,ymin,xmax,ymax,score,label
622.11669921875,286.29437255859375,634.9837036132812,296.4006042480469,0.9090613126754761,3
597.9252319335938,283.6003112792969,613.8455810546875,295.768310546875,0.6891340017318726,3
597.9514770507812,282.4556579589844,616.7621459960938,296.5267639160156,0.47059252858161926,8
621.9140625,289.83819580078125,631.6337890625,296.68914794921875,0.41572949290275574,3
631.8853149414062,290.3590087890625,639.8173217773438,298.1674499511719,0.19281624257564545,3
626.5421142578125,287.2641906738281,639.1963500976562,297.539794921875,0.10214956849813461,3
591.4279174804688,294.4626770019531,607.8377685546875,308.24713134765625,0.07960374653339386,3
621.8198852539062,285.5188293457031,635.1561279296875,296.61883544921875,0.0747341439127922,8
629.990966796875,288.14215087890625,637.8335571289062,296.1237487792969,0.06624474376440048,3
