xmin,ymin,xmax,ymax,score,label
589.1544189453125,281.6402893066406,608.1451416015625,294.36163330078125,0.9346187710762024,3
616.779052734375,283.3919372558594,630.9252319335938,295.85211181640625,0.7213426828384399,3
616.5139770507812,283.6539001464844,631.0638427734375,296.09521484375,0.41823476552963257,8
617.2472534179688,288.64959716796875,627.8580322265625,296.2447509765625,0.2868154048919678,3
589.48291015625,280.9045104980469,609.0513305664062,294.583251953125,0.09837409853935242,8
