xmin,ymin,xmax,ymax,score,label
593.3600463867188,281.39337158203125,612.8750610351562,293.9879150390625,0.8982418775558472,3
619.4312133789062,283.3500671386719,633.0966186523438,294.433837890625,0.8693036437034607,3
593.1194458007812,280.7911376953125,614.0086059570312,294.4848327636719,0.22588542103767395,8
630.8772583007812,288.8310852050781,639.3613891601562,297.8287658691406,0.19843995571136475,3
619.0884399414062,283.507568359375,633.1144409179688,294.970703125,0.1752176731824875,8
618.3385009765625,286.72137451171875,630.1866455078125,295.11407470703125,0.056761473417282104,3
