xmin,ymin,xmax,ymax,score,label
589.7896118164062,283.6911315917969,608.2548217773438,296.83648681640625,0.8396372199058533,3
617.6821899414062,288.14520263671875,629.4720458984375,297.8163757324219,0.7281107902526855,3
617.5302124023438,286.52032470703125,630.4932250976562,298.1734924316406,0.39675793051719666,8
590.1139526367188,283.483154296875,609.9109497070312,296.7424621582031,0.2574819028377533,8
619.0156860351562,285.6733093261719,631.1878051757812,294.0600891113281,0.1536949723958969,3
238.74049377441406,199.6525421142578,246.9827117919922,211.02188110351562,0.05662044137716293,3
589.7836303710938,285.7341613769531,601.9024658203125,295.44329833984375,0.05145202949643135,3
