xmin,ymin,xmax,ymax,score,label
590.9154663085938,283.77520751953125,610.1060180664062,296.1261901855469,0.9304966926574707,3
617.4830932617188,286.03826904296875,631.0864868164062,297.6756286621094,0.5621945261955261,8
618.1267700195312,286.917724609375,630.61474609375,296.9967041015625,0.49180421233177185,3
590.0130004882812,283.08624267578125,612.1109008789062,296.87652587890625,0.23143261671066284,8
629.4256591796875,291.4970397949219,640.0,301.46307373046875,0.054776880890131,3
