xmin,ymin,xmax,ymax,score,label
595.294921875,280.8165588378906,614.3347778320312,293.8561096191406,0.9135717153549194,3
620.834228515625,283.0268249511719,634.3236083984375,293.97515869140625,0.8775229454040527,3
594.5582885742188,280.32830810546875,616.0050048828125,294.60260009765625,0.209384486079216,8
619.7791748046875,287.4109191894531,631.3035888671875,294.3063049316406,0.1820431649684906,3
620.228515625,282.5574645996094,634.18017578125,294.241455078125,0.11384161561727524,8
629.9557495117188,286.1097106933594,638.7149658203125,295.21405029296875,0.09162234514951706,3
