xmin,ymin,xmax,ymax,score,label
586.7966918945312,279.7170715332031,604.9188842773438,293.35992431640625,0.9132644534111023,3
615.689208984375,282.31829833984375,629.1026611328125,294.0053405761719,0.8948058485984802,3
592.5309448242188,279.1434326171875,607.9010620117188,291.08349609375,0.23818853497505188,3
587.3499145507812,279.27142333984375,606.6321411132812,293.2071533203125,0.14494498074054718,8
615.502197265625,282.65576171875,629.0883178710938,294.3131408691406,0.11684633046388626,8
237.04750061035156,198.3784942626953,246.95391845703125,211.2228546142578,0.0870303213596344,3
598.9933471679688,281.6290283203125,608.8175048828125,292.32952880859375,0.07624274492263794,3
586.5083618164062,283.61956787109375,599.7325439453125,293.06781005859375,0.07229924201965332,3
