xmin,ymin,xmax,ymax,score,label
581.9385375976562,282.8372497558594,600.013916015625,296.80657958984375,0.8773566484451294,3
613.2098388671875,285.4368591308594,627.4390869140625,296.9094543457031,0.5538697242736816,3
612.5247192382812,284.9228515625,627.600341796875,297.222412109375,0.5253878831863403,8
581.7459106445312,281.6474609375,604.8181762695312,297.13031005859375,0.2772083580493927,8
586.2130126953125,281.66473388671875,604.9683837890625,294.54937744140625,0.22208184003829956,3
236.95970153808594,197.53758239746094,246.71774291992188,211.6646728515625,0.12435135245323181,3
