xmin,ymin,xmax,ymax,score,label
595.441650390625,282.4401550292969,614.6271362304688,295.1183776855469,0.9036939740180969,3
621.758544921875,285.0011901855469,634.2377319335938,295.615966796875,0.8265180587768555,3
630.8392333984375,289.5252685546875,639.0364990234375,297.7269287109375,0.2971193790435791,3
594.907958984375,282.3472595214844,616.2730712890625,295.66058349609375,0.22466298937797546,8
621.0509643554688,284.4715270996094,634.0302734375,295.8291015625,0.20365044474601746,8
621.6856689453125,289.229248046875,630.9046020507812,296.2418212890625,0.11833446472883224,3
628.5531005859375,287.1072998046875,637.8203125,296.5412902832031,0.10479357093572617,3
