xmin,ymin,xmax,ymax,score,label
562.6312866210938,277.9765319824219,592.0427856445312,296.4607238769531,0.8898772597312927,3
601.470947265625,281.47174072265625,618.8139038085938,294.5298156738281,0.8657602071762085,3
635.7695922851562,287.0911560058594,640.0,292.8384704589844,0.4634993076324463,3
562.0787963867188,277.5697326660156,592.747802734375,296.5097351074219,0.3484574556350708,8
589.6139526367188,291.5617370605469,607.279052734375,305.85400390625,0.2666677236557007,3
601.3609008789062,281.1123352050781,618.9002685546875,295.0594482421875,0.19532446563243866,8
634.1829833984375,287.2754821777344,640.0,296.6067810058594,0.08159834146499634,3
233.9629364013672,195.2879180908203,246.64825439453125,210.7403106689453,0.0813291072845459,3
