xmin,ymin,xmax,ymax,score,label
565.945068359375,278.798583984375,591.352783203125,296.59307861328125,0.8618680238723755,3
603.3461303710938,282.2517395019531,620.2448120117188,295.6346435546875,0.8187111020088196,3
591.0679321289062,293.6441955566406,607.9010620117188,306.8512268066406,0.4564096927642822,3
565.7001953125,278.6756896972656,594.1755981445312,296.9970703125,0.34824568033218384,8
603.0711059570312,282.0036315917969,620.3099365234375,295.7798767089844,0.2831505537033081,8
581.2136840820312,280.26885986328125,594.74365234375,295.05462646484375,0.10388842225074768,3
636.6445922851562,287.61962890625,640.0,294.7030334472656,0.10146655887365341,1
