xmin,ymin,xmax,ymax,score,label
577.1485595703125,279.90338134765625,599.9921264648438,295.745361328125,0.8827053904533386,3
610.62353515625,282.7790222167969,625.3478393554688,294.88922119140625,0.8381706476211548,3
610.9755859375,282.6719055175781,625.2635498046875,295.09417724609375,0.257266640663147,8
577.1747436523438,278.7886047363281,601.4110717773438,295.7034606933594,0.19437770545482635,8
611.2379150390625,288.189208984375,623.6392822265625,296.146240234375,0.07288490235805511,3
591.59765625,292.4245300292969,612.385986328125,307.597412109375,0.06820590794086456,3
