xmin,ymin,xmax,ymax,score,label
578.596435546875,280.4975891113281,599.157958984375,297.0005187988281,0.9393601417541504,3
611.158447265625,283.8726806640625,626.2272338867188,296.7069091796875,0.8487640023231506,3
611.02587890625,283.6416015625,626.9025268554688,296.72265625,0.19762249290943146,8
578.881103515625,278.7599182128906,602.5307006835938,296.8665466308594,0.15234287083148956,8
586.0810546875,280.8133239746094,602.2329711914062,295.2007141113281,0.12967073917388916,3
