xmin,ymin,xmax,ymax,score,label
568.0875854492188,281.357421875,592.8433227539062,298.83856201171875,0.7269912958145142,3
604.9842529296875,284.9330749511719,622.11767578125,297.747802734375,0.7143474817276001,3
567.6333618164062,280.8058166503906,595.67578125,299.643310546875,0.5652720332145691,8
604.7622680664062,284.34033203125,622.22216796875,297.97515869140625,0.5063572525978088,8
605.195556640625,289.51861572265625,617.7796020507812,298.2207336425781,0.33850210905075073,3
591.1339111328125,295.2264709472656,607.4683227539062,309.80120849609375,0.2526882290840149,3
579.8964233398438,283.1454772949219,596.16796875,298.295654296875,0.05779065564274788,3
