xmin,ymin,xmax,ymax,score,label
574.8114013671875,278.84619140625,598.0130615234375,296.1463317871094,0.8550077676773071,3
608.5499877929688,282.18878173828125,623.209228515625,294.65966796875,0.8002969026565552,3
608.5986328125,282.2383728027344,624.2418212890625,294.8254089355469,0.39138728380203247,8
574.9195556640625,277.3104553222656,600.49658203125,296.27685546875,0.24300159513950348,8
237.84890747070312,198.54306030273438,247.37506103515625,210.4165802001953,0.06374814361333847,3
