xmin,ymin,xmax,ymax,score,label
580.508056640625,282.4655456542969,599.1494750976562,297.4541015625,0.9787807464599609,3
611.6109008789062,285.3479919433594,626.7984619140625,297.3589172363281,0.8455033898353577,3
611.35205078125,284.88092041015625,626.9537353515625,297.4695739746094,0.2411874532699585,8
594.0794067382812,282.82586669921875,604.07275390625,295.3446044921875,0.11427059769630432,3
586.6514282226562,282.3504943847656,604.7037963867188,296.35406494140625,0.11062163859605789,3
614.9863891601562,284.4695129394531,627.8180541992188,293.8768005371094,0.052084047347307205,3
