xmin,ymin,xmax,ymax,score,label
606.3219604492188,285.14935302734375,621.3201904296875,298.1583251953125,0.8046844005584717,3
569.7221069335938,282.2291564941406,592.3182983398438,298.1658020019531,0.7936901450157166,3
569.3480224609375,281.50775146484375,596.677978515625,298.6324768066406,0.5285465717315674,8
605.8554077148438,284.8818054199219,622.2036743164062,298.3357238769531,0.4046209454536438,8
591.050537109375,291.5491943359375,600.0260009765625,298.6405029296875,0.1924409121274948,3
605.9293823242188,289.8216857910156,618.1261596679688,298.5472412109375,0.16706593334674835,3
590.7982788085938,294.1874694824219,606.095703125,309.88214111328125,0.13202199339866638,3
580.0075073242188,282.85430908203125,596.9821166992188,297.6575927734375,0.10899989306926727,3
593.1226806640625,289.77099609375,604.443359375,297.9707946777344,0.06709802895784378,3
