xmin,ymin,xmax,ymax,score,label
561.6611938476562,280.0807800292969,590.1707763671875,298.85968017578125,0.8286229968070984,3
601.0089721679688,283.7123107910156,617.8355712890625,296.8774719238281,0.5575109124183655,3
600.7315063476562,283.57647705078125,617.8970947265625,297.4762268066406,0.5038682818412781,8
635.1815795898438,289.006591796875,640.0,295.72662353515625,0.47177642583847046,3
561.8038940429688,279.9223937988281,591.6930541992188,299.01275634765625,0.45787313580513,8
589.93115234375,295.05108642578125,605.0765380859375,309.4087829589844,0.21173374354839325,3
593.0734252929688,288.0889587402344,601.9490356445312,296.8285217285156,0.061430368572473526,3
