xmin,ymin,xmax,ymax,score,label
588.7476806640625,280.5526123046875,608.6273803710938,293.0741271972656,0.9543948769569397,3
539.3540649414062,275.6736755371094,576.11572265625,297.88140869140625,0.9461184740066528,8
629.9329223632812,283.24127197265625,638.899169921875,293.7082824707031,0.9189335703849792,3
539.4260864257812,276.6468811035156,572.9255981445312,297.87493896484375,0.18734513223171234,3
588.2341918945312,283.7500305175781,602.7349243164062,293.8122253417969,0.1508413851261139,3
589.4669189453125,289.81207275390625,611.1162719726562,306.27447509765625,0.08048895746469498,3
235.09317016601562,197.87254333496094,246.87432861328125,210.3808135986328,0.06540418416261673,3
566.542724609375,287.0888671875,578.3472900390625,297.10028076171875,0.050446491688489914,3
