xmin,ymin,xmax,ymax,score,label
590.9317016601562,283.99346923828125,608.7937622070312,296.1966857910156,0.9251676797866821,3
630.0814208984375,285.9559631347656,639.9445190429688,297.3996887207031,0.9251443147659302,3
543.792236328125,278.6448059082031,579.5387573242188,300.9327697753906,0.638725996017456,8
543.6875,279.43267822265625,577.5576782226562,300.5489196777344,0.5932518839836121,3
602.5106811523438,284.15875244140625,612.0226440429688,295.2794189453125,0.2503863573074341,3
572.0347900390625,289.0467834472656,582.360107421875,299.8401184082031,0.20193171501159668,3
592.6834716796875,283.114013671875,611.3943481445312,295.872802734375,0.15162798762321472,8
630.4563598632812,292.0904846191406,638.694091796875,298.3369445800781,0.07311102002859116,3
566.7073974609375,281.57708740234375,580.5476684570312,298.2502746582031,0.05790884792804718,3
