xmin,ymin,xmax,ymax,score,label
632.166015625,284.4091796875,640.0,295.0428161621094,0.8941850066184998,3
549.1987915039062,278.09490966796875,582.4679565429688,298.5003356933594,0.8788366317749023,3
593.7423095703125,281.59356689453125,612.6380004882812,294.52093505859375,0.8716890215873718,3
549.6410522460938,277.38214111328125,583.2816772460938,298.3299560546875,0.31917813420295715,8
593.5693359375,281.5812072753906,612.866943359375,295.1304626464844,0.14735279977321625,8
598.4750366210938,282.0517883300781,613.3395385742188,290.44708251953125,0.07692068815231323,3
574.6314086914062,289.0705261230469,584.6817016601562,298.18231201171875,0.07387913018465042,3
631.990478515625,284.49456787109375,640.0,295.3243713378906,0.05390460044145584,8
