xmin,ymin,xmax,ymax,score,label
594.9990234375,282.1412048339844,614.5236206054688,294.9340515136719,0.9219570755958557,3
633.5477294921875,284.9781799316406,640.0,294.8569030761719,0.9047911167144775,3
552.355712890625,277.5520935058594,583.7313232421875,298.4724426269531,0.8434668779373169,3
553.448974609375,276.5908203125,585.0028076171875,298.262939453125,0.4014625549316406,8
595.3153076171875,282.0430908203125,614.9183349609375,295.1250305175781,0.11182396858930588,8
590.9475708007812,291.5292053222656,610.1924438476562,307.2441101074219,0.060991592705249786,3
