xmin,ymin,xmax,ymax,score,label
591.8009033203125,281.9381103515625,611.2864990234375,295.3878479003906,0.9388400316238403,3
631.375,286.060791015625,639.9822387695312,295.680908203125,0.9241736531257629,3
547.2963256835938,277.5144348144531,580.3858032226562,299.08074951171875,0.7775796055793762,8
546.782958984375,278.8019104003906,577.0040893554688,299.0376892089844,0.4794986844062805,3
572.4994506835938,285.38995361328125,583.6640625,298.42864990234375,0.10897689312696457,3
591.7611694335938,281.9998779296875,611.7743530273438,295.3721008300781,0.08332274109125137,8
546.935546875,276.716552734375,580.0675659179688,297.79779052734375,0.07062789052724838,6
558.4842529296875,280.3982849121094,582.0481567382812,297.9237976074219,0.05508049577474594,3
