xmin,ymin,xmax,ymax,score,label
470.71514892578125,271.6546936035156,539.0845336914062,302.0726623535156,0.9187880158424377,3
552.7298583984375,279.6748046875,581.0365600585938,299.8453369140625,0.7970399260520935,8
607.2803344726562,284.3979797363281,621.9268798828125,296.8520202636719,0.7967275381088257,3
551.9642333984375,280.3345642089844,580.8997192382812,299.7055358886719,0.40432336926460266,3
470.8304138183594,271.6947326660156,538.008544921875,302.9652099609375,0.2998482584953308,8
606.8387451171875,283.2048034667969,621.9680786132812,297.0238952636719,0.29350659251213074,8
518.835693359375,282.94915771484375,538.8958129882812,302.25567626953125,0.11329273134469986,3
