xmin,ymin,xmax,ymax,score,label
364.5267028808594,257.82171630859375,475.602294921875,301.992431640625,0.8710983991622925,3
548.9373168945312,276.6922912597656,573.7820434570312,298.1692810058594,0.7564437985420227,3
509.49127197265625,273.5177001953125,545.8634643554688,299.45269775390625,0.6602463126182556,3
549.418701171875,275.9593200683594,574.873779296875,298.36041259765625,0.6458719968795776,8
360.330810546875,258.95166015625,471.5621337890625,301.90692138671875,0.6134111881256104,8
508.09466552734375,274.05047607421875,548.8396606445312,299.6002197265625,0.6056920289993286,8
446.95147705078125,281.7142028808594,483.68768310546875,301.8562316894531,0.5473949909210205,3
446.96856689453125,272.6338806152344,482.8599548339844,301.3475646972656,0.5331003665924072,8
429.0725402832031,265.36407470703125,481.0718994140625,302.8954162597656,0.12747080624103546,8
