xmin,ymin,xmax,ymax,score,label
183.21400451660156,239.98814392089844,363.6462707519531,301.93804931640625,0.9510490298271179,8
537.5695190429688,279.1977844238281,565.7363891601562,299.5827941894531,0.8876532316207886,3
301.810546875,253.19378662109375,390.5522766113281,302.39385986328125,0.8597269654273987,8
188.16555786132812,239.9390869140625,318.25921630859375,300.8455810546875,0.7799283266067505,3
490.45947265625,272.8731994628906,532.7702026367188,300.3263854980469,0.7299981713294983,3
491.71453857421875,272.0946960449219,535.389404296875,299.65594482421875,0.5687531232833862,8
547.5819091796875,276.2337951660156,566.6571655273438,292.48260498046875,0.21375815570354462,3
538.5076293945312,276.4771728515625,567.5497436523438,299.4971618652344,0.18227405846118927,8
507.8448791503906,272.3576354980469,532.6356811523438,294.0723571777344,0.072360098361969,3
