xmin,ymin,xmax,ymax,score,label
203.24179077148438,242.82228088378906,402.87481689453125,302.911865234375,0.9385601878166199,8
206.3541717529297,243.15570068359375,344.2677917480469,300.4515380859375,0.8833848237991333,3
492.0531311035156,272.2354736328125,535.8369140625,299.85699462890625,0.8415319323539734,3
539.3128662109375,274.2786560058594,568.4220581054688,299.3388977050781,0.7134629487991333,8
538.4307861328125,278.80792236328125,564.4137573242188,298.78125,0.5832024812698364,3
493.0799865722656,272.53765869140625,539.424560546875,299.9903869628906,0.5245981812477112,8
513.1430053710938,271.4883728027344,564.0950927734375,299.2376403808594,0.11533524096012115,8
324.3379211425781,257.0359802246094,403.78680419921875,302.388427734375,0.08699322491884232,8
