xmin,ymin,xmax,ymax,score,label
220.73358154296875,244.3184356689453,412.9407043457031,302.2724609375,0.9439247250556946,8
224.5259552001953,244.68112182617188,368.2946472167969,301.01226806640625,0.8012389540672302,3
494.03057861328125,272.1323547363281,538.507080078125,299.662841796875,0.7203624248504639,8
493.5962829589844,272.0722961425781,537.5020141601562,299.6205749511719,0.7164559364318848,3
540.273681640625,274.9361267089844,569.1826782226562,299.4702453613281,0.6694888472557068,8
539.58203125,277.71380615234375,567.29638671875,298.9776611328125,0.6290274262428284,3
515.5403442382812,272.2497253417969,564.4155883789062,299.4866638183594,0.07514665275812149,8
