xmin,ymin,xmax,ymax,score,label
9.288227081298828,217.45053100585938,186.28733825683594,298.7178039550781,0.9394468069076538,8
529.1932373046875,276.1585998535156,561.4093017578125,300.3278503417969,0.930054783821106,8
185.28094482421875,240.35745239257812,292.52813720703125,299.8465576171875,0.8400858044624329,8
474.4619445800781,270.0028076171875,521.8167114257812,300.5783996582031,0.7715848684310913,3
474.3719177246094,270.4161376953125,525.14453125,300.9209899902344,0.745235800743103,8
15.13066291809082,219.71682739257812,179.7432403564453,298.74041748046875,0.3859177827835083,3
528.120849609375,280.7546691894531,557.9345703125,299.62359619140625,0.20391802489757538,3
113.4757080078125,222.002685546875,291.83795166015625,302.8869934082031,0.16463981568813324,8
540.2350463867188,274.59814453125,560.2000122070312,292.4195251464844,0.09342031180858612,8
