xmin,ymin,xmax,ymax,score,label
234.29258728027344,198.630126953125,247.2181396484375,212.2615203857422,0.05156704783439636,3
