xmin,ymin,xmax,ymax,score,label
521.1853637695312,275.91400146484375,553.5064086914062,299.63140869140625,0.8546444773674011,8
10.886033058166504,212.28573608398438,134.62925720214844,294.8067626953125,0.8300047516822815,8
454.087646484375,268.5872497558594,504.8626708984375,300.9963073730469,0.7823158502578735,3
453.5379638671875,270.0058288574219,507.2595520019531,300.89727783203125,0.6116639971733093,8
520.3696899414062,277.01458740234375,553.75048828125,299.7951965332031,0.33206260204315186,3
500.7348937988281,273.4961853027344,512.6024780273438,290.9442138671875,0.1858604997396469,3
529.4683227539062,274.6319885253906,553.1444702148438,293.3046569824219,0.09783071279525757,3
500.6918029785156,272.7602233886719,512.419189453125,291.30487060546875,0.09448271244764328,8
