xmin,ymin,xmax,ymax,score,label
441.2197265625,267.1834716796875,500.1378479003906,300.22052001953125,0.8824017643928528,8
513.9467163085938,273.6919250488281,550.5001220703125,300.4520568847656,0.864764928817749,8
0.8008900284767151,239.38560485839844,36.286766052246094,275.8681640625,0.7473852038383484,8
440.1923828125,268.5315856933594,495.7616882324219,300.40887451171875,0.3654719591140747,3
513.9030151367188,274.61468505859375,549.9268798828125,299.6702880859375,0.27381715178489685,3
5.266802787780762,238.27430725097656,36.47500228881836,273.40838623046875,0.23591747879981995,3
492.68994140625,272.8576965332031,503.1815490722656,290.04461669921875,0.16963285207748413,3
490.5586242675781,271.940185546875,503.4823303222656,289.4251708984375,0.08906211704015732,8
496.6587219238281,278.1095275878906,502.86798095703125,290.9682312011719,0.07557088136672974,3
