xmin,ymin,xmax,ymax,score,label
446.984375,266.8561706542969,505.4767761230469,299.7742919921875,0.9133813977241516,8
515.9475708007812,273.3329772949219,552.4703369140625,299.5198669433594,0.7222270965576172,8
516.455078125,273.562255859375,551.9583740234375,299.6581115722656,0.44067636132240295,3
445.4997253417969,267.86346435546875,499.4088134765625,300.0916442871094,0.28511911630630493,3
0.0,210.4303741455078,69.06183624267578,284.5198059082031,0.18147291243076324,8
494.1747741699219,272.08782958984375,507.3965759277344,289.7842712402344,0.13507184386253357,8
13.663668632507324,229.2332763671875,70.88865661621094,275.5481872558594,0.10132439434528351,8
496.0152587890625,272.9041748046875,507.120361328125,290.47869873046875,0.05955956131219864,3
