xmin,ymin,xmax,ymax,score,label
431.0806579589844,264.47943115234375,495.1806335449219,301.7514953613281,0.9746535420417786,8
507.6163024902344,273.87176513671875,548.1585083007812,299.11767578125,0.9278734922409058,8
507.9198303222656,276.0921936035156,546.9970703125,299.1979675292969,0.2599356472492218,3
430.48406982421875,265.3959655761719,493.9339599609375,301.7201843261719,0.12841011583805084,3
518.864990234375,271.7420959472656,543.8749389648438,287.2868347167969,0.12241608649492264,8
481.6006164550781,269.1609802246094,496.7210998535156,292.7357482910156,0.06448724865913391,8
