xmin,ymin,xmax,ymax,score,label
419.18646240234375,265.0273132324219,483.70782470703125,302.12408447265625,0.9446841478347778,3
502.1002197265625,270.636474609375,543.5411987304688,298.6194763183594,0.8723791837692261,8
500.7825012207031,270.96380615234375,543.0286865234375,298.41595458984375,0.496782511472702,3
420.5693054199219,265.2337341308594,486.52337646484375,301.14276123046875,0.3820808231830597,8
236.9381561279297,198.07986450195312,247.18638610839844,211.48080444335938,0.09374436736106873,3
475.8182373046875,269.8938903808594,488.7054748535156,291.53717041015625,0.06781499087810516,3
462.4286193847656,267.0422668457031,488.3322448730469,294.40386962890625,0.054504141211509705,3
