xmin,ymin,xmax,ymax,score,label
496.55010986328125,270.80584716796875,545.223876953125,298.662841796875,0.9651796817779541,8
412.3609313964844,264.4185485839844,480.84100341796875,301.5022888183594,0.7360021471977234,3
413.2801513671875,263.6129150390625,483.45501708984375,301.58184814453125,0.7224847078323364,8
497.88519287109375,273.1277770996094,539.4257202148438,298.34124755859375,0.17803935706615448,3
507.7095031738281,270.1465148925781,535.4685668945312,288.931884765625,0.17486104369163513,8
510.753173828125,270.7992858886719,534.9190063476562,285.6094665527344,0.08186481893062592,3
475.7476501464844,274.1590881347656,484.9971923828125,291.2382507324219,0.053353533148765564,3
