xmin,ymin,xmax,ymax,score,label
511.4783935546875,273.0417175292969,549.3054809570312,299.7803649902344,0.8228194117546082,8
435.1533508300781,266.74713134765625,498.6416320800781,300.70111083984375,0.7919363379478455,8
435.5538330078125,266.5225524902344,495.10003662109375,300.6119689941406,0.45941999554634094,3
510.552734375,274.0555114746094,549.3206787109375,299.52313232421875,0.4230457842350006,3
484.4881591796875,270.513427734375,500.6865539550781,290.9173278808594,0.08405549079179764,8
485.30908203125,271.0094299316406,500.788330078125,290.56512451171875,0.07080478221178055,3
