xmin,ymin,xmax,ymax,score,label
484.9195251464844,268.239501953125,536.6712036132812,298.17572021484375,0.9569314122200012,8
387.1172790527344,261.6129455566406,467.97064208984375,301.331298828125,0.7988283038139343,3
391.9180908203125,261.608642578125,472.009765625,302.05682373046875,0.5584465265274048,8
483.3491516113281,267.9940490722656,529.785888671875,296.3685302734375,0.5135173797607422,3
235.19821166992188,197.8075714111328,247.72323608398438,212.46409606933594,0.09911047667264938,3
