xmin,ymin,xmax,ymax,score,label
493.31024169921875,270.2449035644531,542.0629272460938,298.5323181152344,0.9403231739997864,8
406.12152099609375,263.0126037597656,481.0760803222656,301.1309509277344,0.8350813984870911,8
404.9900207519531,262.8257751464844,482.4209899902344,301.3301086425781,0.7246738076210022,3
492.5082092285156,270.580322265625,540.6199951171875,298.55419921875,0.21664366126060486,3
