xmin,ymin,xmax,ymax,score,label
487.64752197265625,268.8976745605469,540.8955688476562,298.5367126464844,0.9824899435043335,8
397.7236022949219,263.18548583984375,472.9775390625,301.9254455566406,0.9401640295982361,3
396.9107666015625,263.26739501953125,475.0023498535156,301.1769104003906,0.4427696764469147,8
487.5174865722656,269.1261901855469,535.0235595703125,297.70343017578125,0.2650711238384247,3
235.1785125732422,198.8070831298828,247.558837890625,212.94308471679688,0.05257450044155121,3
