xmin,ymin,xmax,ymax,score,label
504.4765319824219,271.9256591796875,547.6568603515625,298.69403076171875,0.9671914577484131,8
426.32879638671875,264.0225830078125,491.8390197753906,301.63037109375,0.9352256059646606,8
425.88604736328125,264.9178771972656,491.13067626953125,301.4584045410156,0.43242108821868896,3
504.9736633300781,273.4664306640625,545.7145385742188,298.33636474609375,0.12746469676494598,3
518.2472534179688,271.1644592285156,541.3660278320312,287.0796203613281,0.06115616112947464,8
