xmin,ymin,xmax,ymax,score,label
472.935302734375,264.5081787109375,534.4059448242188,297.3017578125,0.9871302247047424,8
373.36212158203125,259.7957763671875,458.493896484375,301.144287109375,0.9409589767456055,3
371.2976989746094,261.02825927734375,459.6292419433594,300.8448486328125,0.30639588832855225,8
473.8730773925781,264.6936950683594,521.9623413085938,295.01092529296875,0.18012985587120056,3
