xmin,ymin,xmax,ymax,score,label
443.81427001953125,261.49237060546875,502.5101013183594,292.0628967285156,0.9855103492736816,8
312.3716735839844,253.6444854736328,419.0872802734375,300.5627746582031,0.9593958258628845,3
312.46527099609375,253.39651489257812,420.59326171875,300.61676025390625,0.5019405484199524,8
455.912109375,261.3346252441406,486.2164001464844,289.1753234863281,0.3156278729438782,8
444.274169921875,264.7342529296875,475.8486633300781,284.6273498535156,0.3152826428413391,8
479.95379638671875,272.19622802734375,507.4456481933594,292.78106689453125,0.2001189887523651,8
