xmin,ymin,xmax,ymax,score,label
450.647705078125,260.97265625,510.53924560546875,292.9200439453125,0.9884321093559265,8
327.5416564941406,252.6674041748047,429.853759765625,301.9906005859375,0.8970882892608643,8
326.67596435546875,252.66563415527344,427.40032958984375,302.3222351074219,0.748031497001648,3
448.8326721191406,262.7119445800781,490.48297119140625,287.1311950683594,0.34207820892333984,8
449.6599426269531,263.7370300292969,482.21820068359375,286.291259765625,0.15648894011974335,3
451.98870849609375,262.0751953125,497.9350891113281,290.84576416015625,0.05217927321791649,3
