xmin,ymin,xmax,ymax,score,label
266.154296875,247.87274169921875,386.378173828125,300.707275390625,0.9279608130455017,3
425.0926513671875,256.6373596191406,468.74969482421875,282.9659729003906,0.710602343082428,8
270.48565673828125,248.55470275878906,390.2661437988281,301.5975646972656,0.5234754085540771,8
421.9670715332031,257.31536865234375,492.9023132324219,289.0438232421875,0.30522769689559937,8
