xmin,ymin,xmax,ymax,score,label
437.760498046875,260.19354248046875,501.9365234375,290.3685302734375,0.9764410257339478,8
297.9393310546875,252.26231384277344,409.5809631347656,301.0603332519531,0.8559181094169617,8
298.37744140625,251.6678009033203,411.7215576171875,301.28759765625,0.6208378672599792,3
437.85955810546875,259.28082275390625,486.3064270019531,285.43170166015625,0.0753173753619194,3
438.08612060546875,261.691650390625,477.3429870605469,282.2630310058594,0.07069163769483566,8
