xmin,ymin,xmax,ymax,score,label
463.8473205566406,264.61468505859375,521.7100219726562,295.0149230957031,0.974951446056366,8
352.5362854003906,258.0364990234375,441.2516174316406,301.7216796875,0.904270589351654,3
353.4150390625,257.904296875,446.3956604003906,300.8328552246094,0.6893049478530884,8
462.1788635253906,265.28363037109375,497.634033203125,288.92413330078125,0.2305249273777008,8
461.2752990722656,267.4288024902344,486.8478698730469,287.7301940917969,0.19351336359977722,3
463.418212890625,264.8970031738281,506.4743957519531,290.7279968261719,0.17954377830028534,3
