xmin,ymin,xmax,ymax,score,label
469.7139892578125,265.1666564941406,525.4664306640625,296.4488525390625,0.9685796499252319,8
363.427490234375,258.5679016113281,452.265380859375,301.3655700683594,0.8546116948127747,3
366.53759765625,258.6004943847656,450.4087219238281,301.3209533691406,0.6215895414352417,8
468.32049560546875,265.41668701171875,511.77581787109375,293.08367919921875,0.27512240409851074,3
234.39207458496094,198.6533966064453,247.24844360351562,212.33741760253906,0.05953121557831764,3
