xmin,ymin,xmax,ymax,score,label
234.7259521484375,198.96127319335938,247.13401794433594,212.24667358398438,0.09451531618833542,3
