xmin,ymin,xmax,ymax,score,label
478.2892761230469,266.86151123046875,534.8218994140625,297.6757507324219,0.9716620445251465,8
382.1742858886719,260.1695556640625,459.6396179199219,300.6014404296875,0.87237149477005,3
379.234130859375,261.1450500488281,463.1383361816406,301.4675598144531,0.5585347414016724,8
478.9215087890625,267.08203125,524.1851196289062,294.5179748535156,0.2620452344417572,3
454.15252685546875,274.4432067871094,466.4029235839844,290.0246887207031,0.2502133548259735,3
