xmin,ymin,xmax,ymax,score,label
456.93731689453125,262.6194763183594,512.195068359375,292.6194763183594,0.9769781827926636,8
339.9234924316406,255.1604461669922,437.35687255859375,300.84033203125,0.9050160050392151,3
336.3226623535156,254.6429901123047,438.19635009765625,300.316162109375,0.6293855309486389,8
456.1418151855469,268.08258056640625,484.9130859375,287.0650634765625,0.17429356276988983,8
456.48297119140625,264.0962219238281,500.1300048828125,289.2978210449219,0.10004910081624985,3
456.2968444824219,268.1202392578125,483.8489990234375,286.7037658691406,0.08025027066469193,3
