xmin,ymin,xmax,ymax,score,label
432.9610900878906,258.0671691894531,496.6058654785156,289.3695983886719,0.9756847620010376,8
285.8946533203125,248.31588745117188,399.1082458496094,301.552001953125,0.9122876524925232,3
290.9793701171875,249.75294494628906,401.5767517089844,301.0640869140625,0.6699464321136475,8
434.2529296875,259.1452331542969,474.3534851074219,283.5910339355469,0.054555829614400864,8
