xmin,ymin,xmax,ymax,score,label
0.0,216.12965393066406,196.0200653076172,294.1651306152344,0.9079272747039795,8
365.54833984375,243.1715850830078,424.0850830078125,271.20965576171875,0.907238245010376,8
7.911301612854004,219.0352325439453,174.47232055664062,292.551513671875,0.6623778343200684,3
368.6501159667969,243.10256958007812,407.0924377441406,263.6139831542969,0.39113184809684753,8
367.4670104980469,243.4707794189453,406.9312744140625,263.64410400390625,0.37295767664909363,3
365.3954772949219,243.27743530273438,425.3404235839844,273.4484558105469,0.14047247171401978,3
382.6806640625,244.10694885253906,405.6839294433594,251.9066925048828,0.06196887418627739,3
114.6612319946289,214.18814086914062,130.72418212890625,230.4448699951172,0.056954968720674515,1
233.51873779296875,198.28817749023438,247.08111572265625,211.70977783203125,0.056040678173303604,3
