xmin,ymin,xmax,ymax,score,label
388.4000549316406,248.15733337402344,455.4569396972656,280.5375671386719,0.9764788150787354,8
128.3040008544922,233.8123016357422,278.2461853027344,299.3376770019531,0.9146019816398621,3
129.08848571777344,232.43832397460938,294.41162109375,299.7109069824219,0.8669339418411255,8
387.69866943359375,249.2484893798828,454.3167419433594,279.6347351074219,0.10181858390569687,3
