xmin,ymin,xmax,ymax,score,label
411.1223449707031,254.64810180664062,482.4070129394531,287.2287902832031,0.9864018559455872,8
228.66751098632812,242.49024963378906,356.96099853515625,299.63787841796875,0.918498158454895,3
225.6427764892578,242.84535217285156,367.4023742675781,299.7742004394531,0.5515603423118591,8
412.0447692871094,254.22164916992188,463.01495361328125,277.40478515625,0.20455193519592285,8
