xmin,ymin,xmax,ymax,score,label
158.2554473876953,236.54551696777344,307.9876708984375,300.3960266113281,0.9499568343162537,3
393.5683898925781,250.37535095214844,460.46942138671875,281.24432373046875,0.6720179319381714,8
154.444580078125,237.0848388671875,318.5093994140625,301.2891540527344,0.6125383377075195,8
394.2535400390625,251.3664093017578,443.03033447265625,272.0232238769531,0.10248997807502747,8
394.5400695800781,251.55458068847656,441.1646423339844,271.1572265625,0.05114410072565079,3
