xmin,ymin,xmax,ymax,score,label
417.2431335449219,255.5554962158203,486.6144714355469,288.0251159667969,0.9918556213378906,8
248.33595275878906,244.7505340576172,371.4624938964844,300.4998779296875,0.9002736210823059,3
239.75222778320312,247.2859649658203,373.1475830078125,299.80157470703125,0.6488835215568542,8
418.0777587890625,257.1082458496094,465.39556884765625,279.1686096191406,0.09115397185087204,8
