xmin,ymin,xmax,ymax,score,label
205.93783569335938,241.52047729492188,343.010986328125,299.6521911621094,0.916641116142273,3
404.03717041015625,254.03431701660156,474.0848083496094,283.1991271972656,0.8940945863723755,8
203.24075317382812,241.69708251953125,350.9722900390625,300.7879333496094,0.4539749026298523,8
405.72198486328125,252.93820190429688,447.8074951171875,272.4616394042969,0.3365637958049774,8
405.7849426269531,252.83518981933594,447.43450927734375,272.15380859375,0.0830535888671875,3
404.4761962890625,253.98876953125,466.865478515625,280.7351989746094,0.07648434489965439,3
