xmin,ymin,xmax,ymax,score,label
181.310791015625,239.23838806152344,328.3727111816406,301.0579528808594,0.9553730487823486,3
181.85179138183594,239.2095489501953,334.58648681640625,301.41070556640625,0.4067038297653198,8
397.8568420410156,251.96835327148438,466.62200927734375,282.1197814941406,0.37989237904548645,8
399.84307861328125,252.32241821289062,448.9757385253906,270.281494140625,0.12609969079494476,8
