xmin,ymin,xmax,ymax,score,label
37.38608169555664,220.91087341308594,223.08480834960938,296.6365051269531,0.9019021391868591,8
40.22417068481445,221.7218017578125,208.80235290527344,296.109375,0.7911261320114136,3
371.070556640625,244.35166931152344,415.6015930175781,265.9420166015625,0.7481058835983276,3
370.7872619628906,244.96046447753906,428.7548522949219,272.7427673339844,0.4628777801990509,8
368.9620361328125,244.72804260253906,430.8419189453125,275.2270202636719,0.45238783955574036,3
374.7020568847656,244.35325622558594,413.4354248046875,263.7825622558594,0.0731733962893486,8
382.597412109375,244.51589965820312,413.6280517578125,257.7405090332031,0.050809185951948166,3
