xmin,ymin,xmax,ymax,score,label
382.0208435058594,248.81813049316406,447.94970703125,278.2593078613281,0.9428125619888306,8
100.67269134521484,229.21949768066406,273.91619873046875,300.9502258300781,0.8583800792694092,8
382.2831115722656,246.6575927734375,428.57452392578125,267.6955261230469,0.7163398861885071,8
102.25166320800781,229.2154998779297,258.8117370605469,301.03125,0.6587409973144531,3
382.3732604980469,247.5707550048828,424.82525634765625,268.0501708984375,0.09225320816040039,3
398.7064208984375,247.19378662109375,423.99908447265625,261.5050048828125,0.08457489311695099,8
