xmin,ymin,xmax,ymax,score,label
63.44025802612305,225.1019287109375,249.1731719970703,298.67138671875,0.9153299331665039,8
68.4698257446289,227.0366973876953,242.00450134277344,297.6964111328125,0.8838297724723816,3
377.24188232421875,248.5688018798828,440.4931640625,276.4825439453125,0.7597860097885132,8
376.7064514160156,246.94908142089844,421.2815856933594,266.5091857910156,0.6087773442268372,8
394.5681457519531,246.5254364013672,418.77239990234375,255.00921630859375,0.2747892141342163,3
390.4198913574219,246.32801818847656,418.6977233886719,260.4863586425781,0.2041511982679367,8
376.8704833984375,247.12237548828125,419.8605041503906,265.8383483886719,0.15809611976146698,3
390.79583740234375,246.8969268798828,417.42401123046875,260.1332702636719,0.10903885960578918,3
393.73980712890625,248.20384216308594,418.6060485839844,255.0757598876953,0.05768804997205734,8
