xmin,ymin,xmax,ymax,score,label
335.4935302734375,236.17906188964844,380.97991943359375,261.17510986328125,0.602255642414093,8
335.8112487792969,235.46798706054688,377.9657897949219,259.0361633300781,0.5339846014976501,3
355.60076904296875,233.85841369628906,372.1612243652344,240.9424285888672,0.5032672882080078,3
336.4800109863281,237.9001007080078,362.18621826171875,256.12811279296875,0.2692027688026428,3
350.09503173828125,234.09716796875,372.1983947753906,248.4752655029297,0.19760765135288239,3
346.66925048828125,242.1737518310547,380.4974365234375,261.9695129394531,0.09310243278741837,3
336.4983825683594,237.50477600097656,363.1259460449219,256.1437683105469,0.06377203017473221,8
363.16619873046875,253.0662841796875,380.8089599609375,262.3321838378906,0.05825333669781685,3
