xmin,ymin,xmax,ymax,score,label
0.0,210.5576934814453,164.09225463867188,293.8097839355469,0.9689334034919739,8
358.677734375,241.88656616210938,409.7943420410156,264.5140380859375,0.9340025186538696,8
2.6431314945220947,212.6825714111328,149.6951446533203,292.2086181640625,0.33077892661094666,3
82.31163787841797,207.71359252929688,95.5016860961914,226.70162963867188,0.31998634338378906,1
82.57465362548828,207.60787963867188,91.1954116821289,222.0465850830078,0.14277607202529907,1
360.8667907714844,241.8106231689453,402.3677978515625,261.7259521484375,0.12749741971492767,3
86.58512115478516,210.39515686035156,98.7996826171875,227.03314208984375,0.09101082384586334,1
0.15898340940475464,232.48037719726562,24.048736572265625,284.5958557128906,0.05203045532107353,3
