xmin,ymin,xmax,ymax,score,label
328.3472595214844,231.406982421875,366.04498291015625,253.65780639648438,0.8491426706314087,3
329.1356201171875,230.39869689941406,368.8065490722656,257.15118408203125,0.35563018918037415,8
344.54827880859375,231.13043212890625,359.24053955078125,238.3035125732422,0.2667166292667389,3
338.33184814453125,230.51585388183594,360.3672180175781,240.41900634765625,0.18655180931091309,3
339.2095031738281,231.2069854736328,363.41705322265625,246.7260284423828,0.06387711316347122,3
