xmin,ymin,xmax,ymax,score,label
0.6224395036697388,206.7567138671875,92.48112487792969,287.2319030761719,0.9952036142349243,8
0.0,209.31736755371094,15.573792457580566,273.5902404785156,0.722960889339447,8
350.6064453125,240.59364318847656,407.0364685058594,269.0431823730469,0.6826349496841431,3
350.4275207519531,239.72132873535156,406.37359619140625,266.38824462890625,0.5496246814727783,8
352.39996337890625,239.0161590576172,394.4996643066406,260.1866455078125,0.5064982175827026,3
365.2598876953125,239.1536102294922,391.7685241699219,246.6666717529297,0.15037210285663605,3
0.011734667234122753,212.9143829345703,14.52256965637207,273.21630859375,0.14631208777427673,3
354.8714294433594,239.07217407226562,392.8896484375,259.4087829589844,0.05602986738085747,8
364.2663879394531,248.73252868652344,401.4298400878906,268.84429931640625,0.0542476512491703,3
