xmin,ymin,xmax,ymax,score,label
1.745518445968628,209.4619903564453,124.98507690429688,289.98504638671875,0.9833886623382568,8
354.8482666015625,241.63975524902344,415.5831298828125,269.494140625,0.733359694480896,3
356.32061767578125,240.7015380859375,397.7476806640625,261.6907653808594,0.6940748691558838,3
355.5070495605469,240.767822265625,414.9302673339844,268.3977355957031,0.3550320565700531,8
0.0,208.07896423339844,118.81895446777344,291.2058410644531,0.08543787151575089,3
356.2312316894531,240.9577178955078,397.47003173828125,260.2358093261719,0.07288756966590881,8
