xmin,ymin,xmax,ymax,score,label
333.1317443847656,236.06883239746094,376.7850646972656,258.501220703125,0.6943346261978149,3
350.09918212890625,233.23770141601562,368.2170715332031,241.57376098632812,0.5363021492958069,3
331.77716064453125,237.7091064453125,378.1901550292969,260.1010437011719,0.4447595775127411,8
342.3164367675781,233.1138458251953,369.5289306640625,246.29869079589844,0.4006924629211426,3
333.646484375,237.7098388671875,357.3502502441406,254.8422393798828,0.2191842794418335,3
336.5972900390625,233.3225555419922,372.1751403808594,253.268310546875,0.09677958488464355,8
348.4822692871094,231.6515655517578,368.94195556640625,237.41265869140625,0.08139064162969589,3
345.1023864746094,233.3247833251953,370.2885437011719,247.28826904296875,0.058155499398708344,8
