xmin,ymin,xmax,ymax,score,label
338.9574890136719,235.923095703125,387.95635986328125,262.3310852050781,0.8406862020492554,8
340.1383972167969,235.3214874267578,376.5507507324219,257.6670227050781,0.35689297318458557,3
361.7375183105469,235.41140747070312,375.0540771484375,242.87515258789062,0.17446143925189972,3
336.8677062988281,237.31317138671875,392.51513671875,263.0621337890625,0.15031124651432037,3
339.52960205078125,236.2692413330078,369.8820495605469,257.0660400390625,0.13756567239761353,8
352.3107604980469,245.33273315429688,388.23162841796875,263.4652404785156,0.06492434442043304,3
355.2130126953125,234.8520965576172,375.1562194824219,246.38327026367188,0.055639442056417465,3
