xmin,ymin,xmax,ymax,score,label
326.2200927734375,230.6389923095703,363.5145263671875,252.9273223876953,0.8069586753845215,3
326.00372314453125,230.79747009277344,366.4709167480469,255.09461975097656,0.3893057405948639,8
337.8432922363281,230.2962646484375,357.913330078125,239.43373107910156,0.16442644596099854,3
332.6108093261719,229.74468994140625,359.2123107910156,243.93309020996094,0.12425081431865692,3
331.24853515625,238.61520385742188,366.006103515625,256.0849609375,0.08743561804294586,3
235.43063354492188,197.72705078125,247.31773376464844,211.9462890625,0.08317678421735764,3
