xmin,ymin,xmax,ymax,score,label
320.1113586425781,229.06277465820312,355.161865234375,251.4300537109375,0.8574888110160828,3
319.3323059082031,228.9896240234375,355.2733154296875,251.4508056640625,0.27275198698043823,8
237.3930206298828,199.29054260253906,247.0535430908203,211.7466583251953,0.08577117323875427,3
327.9300842285156,229.14088439941406,349.4221496582031,239.3625946044922,0.0661749467253685,3
