xmin,ymin,xmax,ymax,score,label
318.3414306640625,228.57278442382812,349.8778381347656,250.3910369873047,0.9446806311607361,3
317.73944091796875,228.61607360839844,350.5540466308594,249.99021911621094,0.14902983605861664,8
235.4346923828125,197.9702606201172,247.65516662597656,212.56497192382812,0.08918777108192444,3
325.3851318359375,228.81736755371094,344.65057373046875,238.9213104248047,0.08116916567087173,3
