xmin,ymin,xmax,ymax,score,label
315.8877868652344,227.07867431640625,348.8708190917969,249.39114379882812,0.9845554232597351,3
