xmin,ymin,xmax,ymax,score,label
313.83892822265625,227.25335693359375,343.9454345703125,247.05892944335938,0.8323156237602234,3
312.6125793457031,227.28465270996094,343.2913513183594,247.6498565673828,0.3656674921512604,8
319.96856689453125,227.53988647460938,341.0815734863281,237.1943359375,0.08117856085300446,3
