xmin,ymin,xmax,ymax,score,label
323.1337890625,230.72364807128906,360.5923156738281,251.22442626953125,0.9533224105834961,3
329.5636291503906,229.99407958984375,356.1235656738281,243.6400604248047,0.245820552110672,3
323.0233154296875,230.60240173339844,361.11553955078125,253.54478454589844,0.0816873162984848,8
332.0849609375,239.8927764892578,362.7398681640625,254.5138702392578,0.057238973677158356,3
