xmin,ymin,xmax,ymax,score,label
311.33026123046875,228.90798950195312,338.27874755859375,246.11634826660156,0.7185770273208618,3
309.0198059082031,229.3009796142578,338.4793701171875,245.62684631347656,0.41961929202079773,8
