xmin,ymin,xmax,ymax,score,label
321.92138671875,231.02713012695312,357.9933776855469,253.65679931640625,0.9298112392425537,3
321.9375915527344,230.87945556640625,357.5768737792969,253.25186157226562,0.09674202650785446,8
