xmin,ymin,xmax,ymax,score,label
314.4100646972656,226.9130401611328,345.745361328125,247.49472045898438,0.9745543599128723,3
313.9091796875,225.4645233154297,346.0713195800781,249.25747680664062,0.06450619548559189,8
