xmin,ymin,xmax,ymax,score,label
312.0203552246094,228.17510986328125,340.901123046875,247.04347229003906,0.8450721502304077,3
309.4047546386719,227.77491760253906,341.3013610839844,246.40106201171875,0.23052576184272766,8
317.55279541015625,228.0469512939453,339.17877197265625,238.4443817138672,0.11263372004032135,3
