xmin,ymin,xmax,ymax,score,label
302.2195739746094,220.87594604492188,331.9413757324219,241.8286590576172,0.5806150436401367,8
305.89727783203125,221.8943328857422,331.0608215332031,242.7516632080078,0.5651476383209229,3
