xmin,ymin,xmax,ymax,score,label
300.3055725097656,221.64309692382812,327.4786376953125,240.29945373535156,0.595822274684906,8
304.3033142089844,222.87820434570312,327.0591735839844,240.4866485595703,0.5148089528083801,3
237.12078857421875,200.29608154296875,246.55014038085938,210.95062255859375,0.15020839869976044,3
