xmin,ymin,xmax,ymax,score,label
307.9617004394531,222.24295043945312,332.9740905761719,243.83364868164062,0.6326562166213989,3
304.7894287109375,221.18089294433594,333.8739318847656,242.91184997558594,0.6308110952377319,8
231.9818572998047,198.00552368164062,247.25221252441406,211.9993133544922,0.06543903797864914,3
