xmin,ymin,xmax,ymax,score,label
298.8324890136719,220.91920471191406,321.2093505859375,237.3194122314453,0.6167376637458801,3
297.8421630859375,218.93568420410156,321.83349609375,237.04771423339844,0.47802039980888367,8
