xmin,ymin,xmax,ymax,score,label
298.07086181640625,220.9103240966797,319.53057861328125,236.57907104492188,0.7599302530288696,3
296.66583251953125,219.06158447265625,320.3182678222656,236.5769500732422,0.32442623376846313,8
297.1840515136719,219.28761291503906,315.0979919433594,235.3054962158203,0.06207563355565071,1
