xmin,ymin,xmax,ymax,score,label
300.9210510253906,221.65757751464844,324.1900634765625,239.35919189453125,0.7004376649856567,3
298.7433776855469,220.54684448242188,324.3487854003906,239.02584838867188,0.4533100724220276,8
