xmin,ymin,xmax,ymax,score,label
304.890625,221.57508850097656,329.3963623046875,241.40431213378906,0.6148903965950012,8
305.2165832519531,222.2468719482422,328.7036437988281,241.7697296142578,0.4959631860256195,3
235.2913360595703,198.3751983642578,247.1831512451172,212.33511352539062,0.11638392508029938,3
238.51377868652344,200.38900756835938,246.1948699951172,210.9180145263672,0.08033570647239685,3
300.8179931640625,230.36056518554688,328.1108093261719,242.3834228515625,0.05763255059719086,3
