xmin,ymin,xmax,ymax,score,label
299.83441162109375,220.72286987304688,322.74554443359375,238.38038635253906,0.5763564109802246,3
299.4112854003906,220.77989196777344,323.0564880371094,237.88153076171875,0.4730517566204071,8
299.2442321777344,219.768798828125,317.1256103515625,236.3614501953125,0.082097627222538,1
