xmin,ymin,xmax,ymax,score,label
299.9297790527344,219.4484100341797,325.454833984375,239.6780548095703,0.6106951832771301,8
299.3399353027344,223.5614776611328,325.0104675292969,240.0786590576172,0.5098273754119873,3
