xmin,ymin,xmax,ymax,score,label
310.0615234375,223.9821014404297,334.9454345703125,244.90440368652344,0.5709664225578308,3
303.0914306640625,224.42648315429688,336.28619384765625,244.1570587158203,0.5548673272132874,8
302.13958740234375,232.62722778320312,334.6187438964844,244.6003875732422,0.07926581799983978,3
313.6649169921875,229.5048065185547,334.801025390625,244.59877014160156,0.07634380459785461,8
235.20066833496094,198.7010498046875,247.5306396484375,212.4778289794922,0.06016716733574867,3
