xmin,ymin,xmax,ymax,score,label
297.6493835449219,220.56932067871094,317.3208923339844,236.2693634033203,0.6434048414230347,3
295.8653259277344,218.19020080566406,318.0549011230469,236.0011749267578,0.4698343276977539,8
300.8676452636719,218.62945556640625,317.02252197265625,230.467041015625,0.07488777488470078,3
