xmin,ymin,xmax,ymax,score,label
291.170166015625,216.41676330566406,308.8221130371094,230.31907653808594,0.8007890582084656,3
290.6839294433594,212.7522430419922,309.7617492675781,229.94969177246094,0.31782066822052,8
289.57574462890625,212.4492950439453,307.4707946777344,230.2077178955078,0.21095047891139984,1
