xmin,ymin,xmax,ymax,score,label
295.5260925292969,218.567626953125,316.0426330566406,234.88063049316406,0.9222177863121033,3
294.0892028808594,216.92396545410156,316.3126525878906,234.5391387939453,0.13181869685649872,8
286.74029541015625,210.55960083007812,299.8780212402344,218.42562866210938,0.11312980204820633,3
