xmin,ymin,xmax,ymax,score,label
289.514892578125,216.13821411132812,305.5152282714844,229.3789825439453,0.8051955699920654,3
288.4731140136719,214.5536346435547,305.9643249511719,228.8913116455078,0.22826547920703888,8
