xmin,ymin,xmax,ymax,score,label
293.16839599609375,218.09927368164062,310.2379150390625,231.878662109375,0.7526912093162537,3
292.1874694824219,212.8032684326172,311.29296875,231.09909057617188,0.4594935476779938,8
291.2770690917969,209.1539306640625,309.45703125,230.5589599609375,0.15816769003868103,1
291.78228759765625,216.50828552246094,304.0628967285156,230.62071228027344,0.0772431492805481,1
289.800048828125,210.94715881347656,311.8610534667969,231.3756561279297,0.07410083711147308,3
292.59564208984375,221.54505920410156,309.6884765625,231.46795654296875,0.05916030332446098,8
