xmin,ymin,xmax,ymax,score,label
289.3323974609375,215.4646453857422,307.9259948730469,229.59559631347656,0.8570627570152283,3
288.1415710449219,213.46942138671875,307.4620666503906,228.78036499023438,0.19607172906398773,8
288.10107421875,214.16232299804688,304.863037109375,228.9792938232422,0.0675354152917862,1
