xmin,ymin,xmax,ymax,score,label
287.5746154785156,215.6403045654297,306.0433349609375,229.38768005371094,0.7681710720062256,3
287.7042541503906,214.7071990966797,305.80181884765625,228.60401916503906,0.27047261595726013,8
