xmin,ymin,xmax,ymax,score,label
294.4681396484375,218.0108184814453,314.10955810546875,233.8274688720703,0.8000237345695496,3
293.4664001464844,215.93045043945312,314.14990234375,233.4282989501953,0.29561904072761536,8
300.16241455078125,209.7462615966797,307.2936096191406,217.26161193847656,0.05253292992711067,1
