xmin,ymin,xmax,ymax,score,label
293.7161865234375,219.03271484375,312.89215087890625,233.3109130859375,0.7923893332481384,3
292.1694641113281,214.5772247314453,313.1845703125,233.0877227783203,0.2729015052318573,8
294.4593505859375,210.7957000732422,311.8494873046875,231.666748046875,0.09254523366689682,1
293.7984924316406,218.8397216796875,304.4507751464844,230.96669006347656,0.07310059666633606,1
298.5397033691406,210.19598388671875,305.1984558105469,217.37779235839844,0.056593067944049835,1
300.4664611816406,209.9884490966797,309.0977783203125,218.9939422607422,0.05126028507947922,1
