xmin,ymin,xmax,ymax,score,label
293.15655517578125,218.1774139404297,311.2292175292969,232.92501831054688,0.8436856865882874,3
291.3658447265625,214.03897094726562,312.0020751953125,232.41957092285156,0.2894918620586395,8
294.0843505859375,225.54000854492188,309.3049011230469,233.13632202148438,0.09616576135158539,3
291.24505615234375,211.66835021972656,309.3099670410156,231.41346740722656,0.09429363161325455,1
