xmin,ymin,xmax,ymax,score,label
281.2269592285156,214.17092895507812,293.62115478515625,223.45068359375,0.639427661895752,3
282.718017578125,218.25486755371094,294.51141357421875,224.19125366210938,0.2730726897716522,3
280.70989990234375,211.82919311523438,294.7352600097656,223.5945281982422,0.19719773530960083,8
281.8128356933594,213.05271911621094,290.7349548339844,223.202880859375,0.11940255016088486,1
