xmin,ymin,xmax,ymax,score,label
286.4432678222656,214.00965881347656,303.78387451171875,228.75404357910156,0.8485981822013855,3
285.2577209472656,213.84295654296875,303.5381164550781,228.4337158203125,0.22034423053264618,8
286.25396728515625,217.68666076660156,299.04620361328125,227.7253875732422,0.09598433971405029,3
