xmin,ymin,xmax,ymax,score,label
284.4347839355469,213.51348876953125,299.96697998046875,226.01226806640625,0.7801593542098999,3
285.15411376953125,221.30459594726562,296.9112243652344,226.3717498779297,0.15537802875041962,3
284.4767761230469,211.90634155273438,300.5992126464844,225.5798797607422,0.1417262852191925,8
283.5755310058594,211.2926483154297,297.9356689453125,226.1665496826172,0.07945847511291504,1
