xmin,ymin,xmax,ymax,score,label
282.744873046875,212.2259521484375,298.09368896484375,225.1737823486328,0.6291515231132507,3
282.892333984375,211.3523712158203,298.067626953125,225.04209899902344,0.2630033493041992,8
285.3772888183594,217.6172332763672,296.48382568359375,225.78402709960938,0.15048128366470337,3
286.912841796875,221.26004028320312,296.3277893066406,226.137939453125,0.09325564652681351,3
