xmin,ymin,xmax,ymax,score,label
285.8951721191406,212.67950439453125,303.2029724121094,227.99330139160156,0.7577004432678223,3
285.8770751953125,212.25592041015625,303.37774658203125,227.74078369140625,0.18676334619522095,8
286.7491149902344,221.0709991455078,299.672607421875,228.15443420410156,0.11046797782182693,3
