xmin,ymin,xmax,ymax,score,label
283.5727233886719,211.55230712890625,298.5144958496094,225.62644958496094,0.4479617476463318,3
283.49127197265625,211.2986297607422,298.5941162109375,225.69895935058594,0.24008110165596008,8
283.9071044921875,217.55953979492188,296.4581604003906,226.0074005126953,0.08722337335348129,3
286.896484375,220.92039489746094,296.6915588378906,226.32647705078125,0.07124684005975723,3
283.7390441894531,212.25267028808594,293.2761535644531,225.48162841796875,0.061955928802490234,1
