xmin,ymin,xmax,ymax,score,label
281.20654296875,211.78709411621094,295.2585144042969,223.92311096191406,0.4706229865550995,3
280.91571044921875,210.66786193847656,295.44891357421875,223.6184844970703,0.422195702791214,8
281.1261901855469,217.2726287841797,293.56329345703125,224.0808563232422,0.3091006875038147,3
286.0506286621094,218.42820739746094,294.9914855957031,224.61207580566406,0.08573390543460846,3
281.3964538574219,211.9425506591797,290.63238525390625,223.2262420654297,0.0640927329659462,1
233.25653076171875,198.18116760253906,247.47891235351562,211.50828552246094,0.056866444647312164,3
235.949462890625,199.79200744628906,290.34893798828125,225.38165283203125,0.05226736515760422,8
