xmin,ymin,xmax,ymax,score,label
281.0600280761719,212.31329345703125,294.52606201171875,223.46815490722656,0.6582575440406799,3
281.6029968261719,216.79470825195312,292.7119140625,223.60118103027344,0.37556686997413635,3
280.8313903808594,211.08163452148438,294.832763671875,223.19602966308594,0.34946659207344055,8
283.8677978515625,219.2257537841797,291.1956481933594,224.08628845214844,0.13689126074314117,3
281.4908447265625,212.3633575439453,289.74017333984375,222.96131896972656,0.07332036644220352,1
280.8880310058594,212.9573974609375,288.5840759277344,221.91818237304688,0.06873130053281784,3
