xmin,ymin,xmax,ymax,score,label
285.26300048828125,212.8796844482422,300.72186279296875,226.73081970214844,0.7845130562782288,3
284.735107421875,211.71017456054688,301.05975341796875,226.7296600341797,0.22216501832008362,8
285.9427185058594,221.01930236816406,299.0315246582031,227.55397033691406,0.13553418219089508,3
308.47003173828125,200.5364227294922,327.1409606933594,218.7865447998047,0.05421128123998642,8
