xmin,ymin,xmax,ymax,score,label
284.4851989746094,212.1011962890625,299.4901428222656,226.1963653564453,0.7553986310958862,3
286.1731872558594,219.91921997070312,298.4881896972656,226.5904083251953,0.1431673765182495,3
283.5907897949219,211.51441955566406,300.149169921875,225.92144775390625,0.10194717347621918,8
283.8434143066406,210.564453125,298.58721923828125,226.4291534423828,0.08949065953493118,1
