xmin,ymin,xmax,ymax,score,label
278.8979187011719,210.4853973388672,290.0162658691406,220.96690368652344,0.7216707468032837,3
277.0970458984375,209.6399383544922,290.4684143066406,220.92564392089844,0.2673116624355316,8
274.35595703125,210.6387481689453,280.7620544433594,219.2820281982422,0.0628385841846466,8
