xmin,ymin,xmax,ymax,score,label
279.63140869140625,211.55746459960938,290.6537170410156,221.49595642089844,0.5516663193702698,3
278.7904052734375,210.07958984375,290.3379821777344,220.9988555908203,0.5025717616081238,8
280.3029479980469,216.14561462402344,290.058837890625,222.0954132080078,0.08677218109369278,3
