xmin,ymin,xmax,ymax,score,label
280.97357177734375,211.2733612060547,293.1324157714844,223.01832580566406,0.7646158337593079,3
279.64544677734375,210.13502502441406,293.3552551269531,223.07278442382812,0.4464341700077057,8
281.19232177734375,216.33648681640625,291.3752746582031,223.56878662109375,0.18552839756011963,3
