xmin,ymin,xmax,ymax,score,label
277.0992126464844,211.00509643554688,288.45428466796875,221.14144897460938,0.6938154697418213,3
279.06298828125,214.6627197265625,287.5461120605469,220.7963104248047,0.3702203631401062,3
276.2597961425781,210.14395141601562,288.5279846191406,220.7532958984375,0.32400327920913696,8
277.8134765625,214.40408325195312,287.0425109863281,220.626953125,0.09157159924507141,8
275.9723815917969,211.4647216796875,283.2618713378906,219.59376525878906,0.07830824702978134,3
275.9830017089844,211.2415771484375,283.3036193847656,219.58522033691406,0.07075323164463043,8
277.9742431640625,216.7776336669922,286.66827392578125,221.9724884033203,0.05717688798904419,3
239.56192016601562,201.54933166503906,285.057373046875,222.35890197753906,0.05487636476755142,8
