xmin,ymin,xmax,ymax,score,label
274.962890625,209.44871520996094,285.9765930175781,218.67477416992188,0.6215958595275879,3
273.99383544921875,208.30520629882812,286.2012939453125,218.89134216308594,0.2632735073566437,8
276.8116455078125,212.65931701660156,285.12286376953125,219.26895141601562,0.15517361462116241,3
237.62826538085938,199.84999084472656,278.30950927734375,221.02003479003906,0.1170116439461708,8
