xmin,ymin,xmax,ymax,score,label
276.09527587890625,210.16319274902344,287.0304870605469,219.92689514160156,0.6701525449752808,3
274.9415588378906,209.37356567382812,287.156494140625,219.75685119628906,0.49491649866104126,8
239.8467254638672,200.17332458496094,282.8973388671875,221.27113342285156,0.12872888147830963,8
