xmin,ymin,xmax,ymax,score,label
279.6908874511719,209.44732666015625,291.821533203125,221.94482421875,0.4501616656780243,8
280.2165832519531,209.8875274658203,291.9172058105469,222.0786590576172,0.345417320728302,3
281.6467590332031,216.70635986328125,290.7996520996094,222.6769561767578,0.08537102490663528,3
