xmin,ymin,xmax,ymax,score,label
275.4326477050781,209.32925415039062,286.5155334472656,219.33538818359375,0.7009938955307007,3
274.6156311035156,209.1002960205078,286.5330505371094,218.93185424804688,0.34001895785331726,8
237.02151489257812,199.28399658203125,278.53155517578125,220.58370971679688,0.2660202085971832,8
276.8341979980469,213.30914306640625,285.8695373535156,219.93067932128906,0.17111602425575256,3
236.81637573242188,199.0424041748047,278.4488525390625,220.2867889404297,0.05079764872789383,6
