xmin,ymin,xmax,ymax,score,label
280.52374267578125,210.7894744873047,292.83209228515625,222.97894287109375,0.7775937914848328,3
279.0338134765625,210.0760040283203,292.6527404785156,222.81394958496094,0.3179439306259155,8
281.93218994140625,216.85801696777344,291.548095703125,223.75721740722656,0.11502086371183395,3
