xmin,ymin,xmax,ymax,score,label
278.19580078125,212.54367065429688,289.0179443359375,220.9329376220703,0.5443458557128906,3
280.03717041015625,215.91995239257812,288.51806640625,220.9607391357422,0.42484211921691895,3
276.8606872558594,209.9127655029297,289.7099304199219,221.0690460205078,0.3469260632991791,8
276.3728942871094,211.07557678222656,284.6466064453125,220.55369567871094,0.08699838072061539,8
279.11712646484375,213.53900146484375,288.3186340332031,220.389892578125,0.08453183621168137,8
276.3955078125,211.4766845703125,284.54779052734375,220.61749267578125,0.08391475677490234,3
