xmin,ymin,xmax,ymax,score,label
269.8514709472656,209.19503784179688,279.67047119140625,216.26620483398438,0.45150524377822876,3
269.4531555175781,207.6738739013672,280.0906677246094,216.79098510742188,0.08510518074035645,8
