xmin,ymin,xmax,ymax,score,label
271.00921630859375,208.29920959472656,282.2636413574219,216.87693786621094,0.5588233470916748,3
270.6777648925781,206.16355895996094,282.55804443359375,216.9433135986328,0.4295613765716553,8
271.9498291015625,212.18402099609375,280.6578063964844,217.32847595214844,0.26547592878341675,3
237.35414123535156,199.38160705566406,246.74090576171875,211.21136474609375,0.057965878397226334,3
