xmin,ymin,xmax,ymax,score,label
273.0960998535156,210.2079315185547,284.63824462890625,218.71250915527344,0.6834524869918823,3
272.9124450683594,209.0039825439453,285.3411865234375,219.16476440429688,0.15549293160438538,8
276.2431335449219,212.9511260986328,284.3312072753906,219.74440002441406,0.09253127127885818,3
234.58119201660156,198.7338409423828,247.6822967529297,212.92440795898438,0.08682075142860413,3
273.44244384765625,212.21807861328125,281.2402648925781,219.3656005859375,0.07576208561658859,3
271.6783142089844,207.8516387939453,284.0815734863281,220.1437530517578,0.06166129931807518,1
273.2132873535156,210.5330810546875,279.2193603515625,218.3067169189453,0.05594063922762871,1
