xmin,ymin,xmax,ymax,score,label
270.5875549316406,207.41094970703125,281.0810546875,216.30613708496094,0.1895855963230133,3
270.3961181640625,205.566162109375,281.49005126953125,216.6055145263672,0.08415494859218597,8
