xmin,ymin,xmax,ymax,score,label
272.3118591308594,209.0530548095703,283.16693115234375,217.9025421142578,0.26110440492630005,3
272.137939453125,206.94740295410156,283.82177734375,218.07139587402344,0.2597459852695465,8
274.1401062011719,212.74937438964844,281.7150573730469,218.98793029785156,0.0665627047419548,3
