xmin,ymin,xmax,ymax,score,label
269.3404235839844,209.28236389160156,276.59979248046875,214.7401885986328,0.49194177985191345,3
266.99029541015625,207.1280975341797,278.048095703125,215.4410858154297,0.4195641577243805,3
267.4766845703125,208.56983947753906,274.1879577636719,214.0602264404297,0.17570246756076813,3
269.7862854003906,211.4744415283203,275.98675537109375,215.55776977539062,0.16367940604686737,3
265.03118896484375,207.75369262695312,270.15740966796875,213.81158447265625,0.1585485339164734,3
266.3321838378906,205.5725555419922,278.1731262207031,215.0644073486328,0.1224825531244278,8
268.50372314453125,210.59288024902344,274.081787109375,214.99609375,0.08280713856220245,3
