xmin,ymin,xmax,ymax,score,label
272.9014587402344,210.0034942626953,283.4417419433594,218.5069122314453,0.540477991104126,3
272.671630859375,208.6400909423828,283.9403381347656,218.76222229003906,0.2608270049095154,8
275.0111389160156,212.83164978027344,282.2787780761719,219.07235717773438,0.24673961102962494,3
