xmin,ymin,xmax,ymax,score,label
269.4735412597656,207.8638458251953,279.32537841796875,216.6663055419922,0.48035386204719543,3
270.4766845703125,210.84132385253906,277.4705505371094,216.3675537109375,0.08729025721549988,3
269.3036804199219,207.17372131347656,279.6036682128906,216.48167419433594,0.07870158553123474,8
