xmin,ymin,xmax,ymax,score,label
273.99407958984375,209.06704711914062,286.0614929199219,218.9400177001953,0.5678128600120544,3
274.0732421875,210.95254516601562,281.443603515625,217.74607849121094,0.2047821581363678,3
277.6746520996094,212.73406982421875,284.8428649902344,218.96353149414062,0.17986926436424255,3
273.984619140625,208.8108367919922,286.1936950683594,218.82691955566406,0.17291635274887085,8
273.6724548339844,210.44422912597656,278.7083435058594,217.82691955566406,0.12864476442337036,1
276.14520263671875,214.46774291992188,284.05133056640625,219.8181610107422,0.1061391830444336,3
273.0474548339844,207.943115234375,284.9371643066406,219.6087646484375,0.08850431442260742,1
234.16409301757812,198.62989807128906,247.78338623046875,212.7317657470703,0.06175736337900162,3
