xmin,ymin,xmax,ymax,score,label
268.7849426269531,208.1376495361328,277.2112731933594,214.93312072753906,0.5147905349731445,3
267.8481140136719,205.88975524902344,278.7339782714844,215.38058471679688,0.16876548528671265,8
270.0289611816406,210.45350646972656,277.84979248046875,215.868408203125,0.13495193421840668,3
268.1611022949219,205.447021484375,279.47601318359375,215.61241149902344,0.10964397341012955,3
269.256103515625,212.1124267578125,276.1583251953125,216.27748107910156,0.07870472222566605,3
267.2437744140625,208.82403564453125,272.6405944824219,214.30650329589844,0.0554906502366066,3
