xmin,ymin,xmax,ymax,score,label
263.7068786621094,206.948974609375,270.2081604003906,212.01400756835938,0.05385655164718628,3
