xmin,ymin,xmax,ymax,score,label
267.16259765625,208.07655334472656,274.2516784667969,214.15306091308594,0.1981728971004486,3
265.60186767578125,205.44566345214844,276.4051513671875,214.75437927246094,0.12166628986597061,3
265.4694519042969,205.22911071777344,276.375732421875,214.65318298339844,0.05931702256202698,8
