xmin,ymin,xmax,ymax,score,label
264.736328125,205.08349609375,273.42706298828125,213.07872009277344,0.060737647116184235,3
