xmin,ymin,xmax,ymax,score,label
266.56640625,208.52017211914062,274.181884765625,213.38897705078125,0.6358814835548401,3
264.7439270019531,205.96705627441406,275.3418273925781,214.18692016601562,0.2876136302947998,3
264.9384765625,205.4413604736328,275.4248962402344,213.8948211669922,0.11251335591077805,8
266.04473876953125,209.9283905029297,272.7552185058594,214.12257385253906,0.10876075178384781,3
269.38983154296875,209.26239013671875,275.2445068359375,213.5702362060547,0.10441892594099045,3
234.44883728027344,199.10557556152344,247.90032958984375,212.4394989013672,0.051817089319229126,3
