xmin,ymin,xmax,ymax,score,label
266.9486999511719,208.31251525878906,275.0164489746094,214.10406494140625,0.3255801498889923,3
266.1385803222656,206.18821716308594,276.95880126953125,214.83741760253906,0.24042947590351105,3
266.46942138671875,209.02552795410156,271.74822998046875,214.28720092773438,0.19121862947940826,3
265.9858703613281,205.88597106933594,276.9896545410156,214.72067260742188,0.1518566608428955,8
269.10687255859375,209.75534057617188,275.8511047363281,214.6294708251953,0.1378234177827835,3
265.4531555175781,207.5748291015625,270.3832092285156,213.51560974121094,0.08522975444793701,3
