xmin,ymin,xmax,ymax,score,label
266.85791015625,204.69528198242188,271.7044982910156,213.57200622558594,0.32102686166763306,1
264.7606506347656,206.19544982910156,271.4187316894531,212.4899139404297,0.11543993651866913,3
266.0322570800781,206.59457397460938,270.55963134765625,212.82569885253906,0.07168910652399063,1
268.94354248046875,204.31382751464844,272.76263427734375,213.2405548095703,0.06520269811153412,1
