xmin,ymin,xmax,ymax,score,label
263.22711181640625,206.9871368408203,269.7685852050781,212.1638946533203,0.09473121166229248,3
267.05126953125,207.36962890625,270.6086120605469,212.7858123779297,0.050527092069387436,1
