xmin,ymin,xmax,ymax,score,label
264.4347839355469,206.08230590820312,271.91668701171875,212.8091583251953,0.18688207864761353,3
263.0924377441406,203.84129333496094,273.6643371582031,213.3889923095703,0.08224323391914368,3
262.9310607910156,203.11639404296875,273.70147705078125,213.10874938964844,0.05750766769051552,8
