xmin,ymin,xmax,ymax,score,label
264.2413635253906,204.40785217285156,274.0462951660156,213.43228149414062,0.2906247079372406,8
265.5310363769531,206.07334899902344,273.1226806640625,213.35401916503906,0.24044296145439148,3
265.6195983886719,206.56346130371094,272.4940490722656,212.94622802734375,0.07072589546442032,8
262.9344787597656,205.58644104003906,266.83966064453125,212.24481201171875,0.05544126406311989,1
