xmin,ymin,xmax,ymax,score,label
266.646728515625,208.28543090820312,275.0565185546875,214.1702880859375,0.5926010608673096,3
264.9979248046875,208.40664672851562,270.1243591308594,213.72479248046875,0.17905889451503754,3
265.32989501953125,205.6581268310547,276.3821105957031,214.54580688476562,0.1728571504354477,8
269.46099853515625,210.03895568847656,276.0277099609375,214.6951141357422,0.11162971705198288,3
264.85748291015625,205.20907592773438,276.4033203125,214.5673065185547,0.10105784237384796,3
267.8479919433594,211.0973663330078,274.23101806640625,215.2148895263672,0.06535273045301437,3
263.6559753417969,207.63157653808594,268.542724609375,213.3043975830078,0.05084782466292381,3
