xmin,ymin,xmax,ymax,score,label
256.7708435058594,199.95912170410156,263.01885986328125,210.29905700683594,0.05263416841626167,1
