xmin,ymin,xmax,ymax,score,label
234.88270568847656,198.6748046875,249.0080108642578,212.27574157714844,0.29074737429618835,3
238.88829040527344,199.45333862304688,249.74569702148438,206.85032653808594,0.08963853120803833,3
234.79830932617188,198.6415252685547,248.94403076171875,212.5105438232422,0.05013711377978325,8
