xmin,ymin,xmax,ymax,score,label
236.40728759765625,198.23081970214844,249.3876190185547,210.9176483154297,0.15913207828998566,3
