xmin,ymin,xmax,ymax,score,label
235.7646942138672,198.4070587158203,249.45660400390625,211.7326202392578,0.34182116389274597,3
238.5119171142578,198.5943145751953,251.19642639160156,206.87086486816406,0.08169884979724884,3
