xmin,ymin,xmax,ymax,score,label
236.70285034179688,198.87255859375,249.6354217529297,210.0764617919922,0.44109511375427246,3
