xmin,ymin,xmax,ymax,score,label
237.08338928222656,198.5486602783203,248.63307189941406,208.126220703125,0.2926054298877716,3
233.36741638183594,196.7234649658203,247.9592742919922,210.7553253173828,0.08891758322715759,3
