xmin,ymin,xmax,ymax,score,label
237.00112915039062,198.62020874023438,249.02105712890625,208.40367126464844,0.2185610979795456,3
