xmin,ymin,xmax,ymax,score,label
235.00482177734375,198.60494995117188,249.31707763671875,212.0116424560547,0.38940927386283875,3
239.4701690673828,198.95834350585938,250.29165649414062,207.074462890625,0.0965019017457962,3
