xmin,ymin,xmax,ymax,score,label
237.638671875,198.93785095214844,249.12066650390625,209.00950622558594,0.10326983779668808,3
