xmin,ymin,xmax,ymax,score,label
235.6999053955078,197.92742919921875,247.410888671875,211.60159301757812,0.05069933831691742,3
