xmin,ymin,xmax,ymax,score,label
234.5620880126953,197.93373107910156,248.10328674316406,212.5437469482422,0.12307455390691757,3
236.91561889648438,197.35093688964844,247.3995361328125,205.3419952392578,0.072873555123806,3
