xmin,ymin,xmax,ymax,score,label
234.26992797851562,197.69802856445312,248.0567169189453,211.68524169921875,0.09125485271215439,3
236.56967163085938,197.16661071777344,247.3176727294922,205.9903106689453,0.07033850252628326,3
