xmin,ymin,xmax,ymax,score,label
234.52442932128906,198.50177001953125,247.767578125,212.27867126464844,0.08419617265462875,3
