xmin,ymin,xmax,ymax,score,label
232.9093475341797,198.83563232421875,247.5177001953125,212.61599731445312,0.06126955524086952,3
