xmin,ymin,xmax,ymax,score,label
235.8740692138672,198.01475524902344,247.52293395996094,211.73326110839844,0.06641625612974167,3
237.1928253173828,198.07286071777344,245.33457946777344,205.7248077392578,0.05678127333521843,3
