xmin,ymin,xmax,ymax,score,label
232.92849731445312,198.86973571777344,247.51625061035156,212.5904998779297,0.06366468220949173,3
