xmin,ymin,xmax,ymax,score,label
235.04554748535156,198.24778747558594,248.00579833984375,211.99102783203125,0.06995395570993423,3
