xmin,ymin,xmax,ymax,score,label
234.71981811523438,198.44305419921875,247.89028930664062,212.18185424804688,0.08808184415102005,3
