xmin,ymin,xmax,ymax,score,label
236.55938720703125,199.86415100097656,247.39585876464844,211.9176483154297,0.07256543636322021,3
