xmin,ymin,xmax,ymax,score,label
237.11721801757812,199.7837371826172,247.0364532470703,211.90809631347656,0.08761796355247498,3
283.547119140625,280.50347900390625,374.761962890625,316.0954284667969,0.06709302216768265,3
