xmin,ymin,xmax,ymax,score,label
237.69227600097656,200.1915283203125,247.1786346435547,211.52439880371094,0.1356077343225479,3
285.19378662109375,279.96533203125,369.8063049316406,314.9252624511719,0.06973226368427277,3
