xmin,ymin,xmax,ymax,score,label
368.1828308105469,254.7596435546875,430.7059020996094,300.64312744140625,0.9379065632820129,8
367.20806884765625,254.18983459472656,429.68212890625,299.76513671875,0.18080154061317444,3
