xmin,ymin,xmax,ymax,score,label
392.5103454589844,274.3858642578125,486.3279113769531,338.6127014160156,0.9567281603813171,8
399.11248779296875,274.49371337890625,476.1397705078125,332.910400390625,0.12018880248069763,3
234.91403198242188,198.89102172851562,247.62388610839844,212.53091430664062,0.06681852042675018,3
