xmin,ymin,xmax,ymax,score,label
349.4615783691406,247.7119140625,395.0374755859375,275.33807373046875,0.7383944392204285,3
344.0003662109375,247.36509704589844,397.490478515625,280.7645568847656,0.6566789746284485,8
339.45098876953125,255.5147705078125,391.4241943359375,283.2371520996094,0.12587469816207886,3
350.7198486328125,247.37449645996094,390.1692199707031,269.9099426269531,0.06651626527309418,8
