xmin,ymin,xmax,ymax,score,label
376.7469177246094,264.3970642089844,460.0075988769531,315.52978515625,0.8923576474189758,8
379.1451416015625,264.3147888183594,451.91973876953125,315.3970947265625,0.24586151540279388,3
431.6443176269531,297.1157531738281,443.02081298828125,315.4957580566406,0.11446911096572876,1
422.4526672363281,298.3106384277344,443.9971923828125,314.6257019042969,0.10031844675540924,1
417.7834777832031,301.4537353515625,439.3555908203125,319.40087890625,0.08891050517559052,1
382.8784484863281,263.3605651855469,439.9420166015625,294.2194519042969,0.07467955350875854,3
381.261474609375,262.6143493652344,442.7442321777344,298.8402099609375,0.0614209920167923,8
