xmin,ymin,xmax,ymax,score,label
505.5617980957031,355.04498291015625,637.4646606445312,470.2875671386719,0.4466896951198578,3
492.8860778808594,353.11187744140625,640.0,471.942138671875,0.4131268262863159,8
