xmin,ymin,xmax,ymax,score,label
475.52056884765625,327.10211181640625,613.6137084960938,395.3541564941406,0.4456331431865692,8
475.3309020996094,327.9798583984375,601.89794921875,399.26068115234375,0.41419243812561035,3
462.6263122558594,319.87213134765625,633.9835815429688,460.3838806152344,0.25448355078697205,8
463.47222900390625,328.3944091796875,631.6089477539062,459.47412109375,0.1733151078224182,3
