xmin,ymin,xmax,ymax,score,label
413.2340087890625,287.8056335449219,525.6353149414062,356.5676574707031,0.9886936545372009,8
