xmin,ymin,xmax,ymax,score,label
585.4890747070312,396.9068908691406,639.4256591796875,476.6840515136719,0.3222111761569977,3
