xmin,ymin,xmax,ymax,score,label
434.0181579589844,305.8271484375,575.0367431640625,393.0085754394531,0.9073687791824341,8
