xmin,ymin,xmax,ymax,score,label
357.0361633300781,250.6850128173828,412.3272705078125,290.4059753417969,0.8858163952827454,8
353.961669921875,251.92999267578125,414.1498718261719,292.4501037597656,0.2549567222595215,3
346.3571472167969,268.3161315917969,404.7482604980469,292.357177734375,0.0672333613038063,8
