xmin,ymin,xmax,ymax,score,label
320.1673583984375,232.97512817382812,357.5077209472656,256.7376403808594,0.894873321056366,3
320.9973449707031,233.2813720703125,356.557861328125,256.51397705078125,0.20001399517059326,8
