xmin,ymin,xmax,ymax,score,label
303.5556945800781,223.7353973388672,332.6650085449219,242.67886352539062,0.761835515499115,3
301.67633056640625,223.15003967285156,333.8984375,242.52769470214844,0.45014822483062744,8
