xmin,ymin,xmax,ymax,score,label
309.89862060546875,226.29733276367188,337.4817199707031,244.91259765625,0.8672929406166077,3
303.6994323730469,225.88011169433594,337.784423828125,246.0404510498047,0.4291101396083832,8
