xmin,ymin,xmax,ymax,score,label
313.6551208496094,228.46878051757812,342.47027587890625,248.09339904785156,0.858778715133667,3
306.6689453125,227.27064514160156,343.2741394042969,248.7392120361328,0.35414090752601624,8
