xmin,ymin,xmax,ymax,score,label
302.57501220703125,223.52658081054688,327.4496154785156,240.13131713867188,0.8168164491653442,3
300.6651306152344,222.92274475097656,327.86273193359375,240.37603759765625,0.3819774091243744,8
