xmin,ymin,xmax,ymax,score,label
333.86376953125,237.39337158203125,374.0344543457031,265.02655029296875,0.6656411290168762,3
331.66058349609375,237.25949096679688,374.6952209472656,266.8285217285156,0.5969299674034119,8
