xmin,ymin,xmax,ymax,score,label
319.0296325683594,231.0927276611328,350.3760681152344,252.53273010253906,0.6504551768302917,3
317.4928283691406,231.23321533203125,350.7115478515625,253.208984375,0.6082653403282166,8
237.2646026611328,199.76535034179688,246.88218688964844,211.2061767578125,0.054652366787195206,3
