xmin,ymin,xmax,ymax,score,label
299.8332214355469,222.00637817382812,322.9820556640625,238.87075805664062,0.8031948804855347,3
299.1391296386719,221.66751098632812,323.4120178222656,238.68653869628906,0.29089412093162537,8
