xmin,ymin,xmax,ymax,score,label
327.364013671875,235.0823516845703,366.7968444824219,261.2894287109375,0.9063382148742676,8
328.3677062988281,235.79318237304688,366.4139709472656,260.3201904296875,0.23499201238155365,3
