xmin,ymin,xmax,ymax,score,label
338.0154113769531,241.3732452392578,385.28778076171875,274.0423278808594,0.8450283408164978,8
338.63641357421875,241.67144775390625,385.8354797363281,271.5746154785156,0.270348459482193,3
