xmin,ymin,xmax,ymax,score,label
289.8087463378906,216.1788330078125,309.6899108886719,230.36822509765625,0.9169442057609558,3
289.50384521484375,215.5187530517578,309.74188232421875,230.7447052001953,0.0989859476685524,8
289.7461242675781,216.46112060546875,302.6976623535156,229.410888671875,0.0531826876103878,1
237.66427612304688,199.8808135986328,247.15382385253906,211.67434692382812,0.05216823145747185,3
