xmin,ymin,xmax,ymax,score,label
284.3903503417969,214.09649658203125,301.24761962890625,226.3574676513672,0.9041104316711426,3
281.6566162109375,212.71539306640625,301.6923828125,226.20111083984375,0.20947358012199402,8
