xmin,ymin,xmax,ymax,score,label
291.8819274902344,217.48330688476562,311.340576171875,231.6204833984375,0.9317689538002014,3
289.69903564453125,217.1771697998047,312.5296936035156,230.95875549316406,0.10806845873594284,8
235.25352478027344,198.4398651123047,247.1519012451172,212.3035888671875,0.08287683129310608,3
