xmin,ymin,xmax,ymax,score,label
295.7943115234375,218.1488037109375,314.7915344238281,232.3527374267578,0.8034136891365051,3
292.8695373535156,217.96221923828125,315.4256286621094,232.4219207763672,0.389294296503067,8
235.056884765625,199.16705322265625,247.1651611328125,211.4130401611328,0.07255811244249344,3
