xmin,ymin,xmax,ymax,score,label
280.82373046875,211.8566131591797,294.5180358886719,223.3604278564453,0.6968954205513,3
279.1819763183594,211.00921630859375,294.670654296875,223.19326782226562,0.43269965052604675,8
282.296630859375,217.03094482421875,293.0567321777344,224.13778686523438,0.10318431258201599,3
238.10394287109375,200.1202850341797,289.2705383300781,224.45872497558594,0.0664774626493454,8
280.41180419921875,219.8597412109375,291.5433349609375,225.2438201904297,0.06055719777941704,3
