xmin,ymin,xmax,ymax,score,label
297.29644775390625,220.1293182373047,318.6904602050781,235.43516540527344,0.8449408411979675,3
294.2147216796875,219.72508239746094,320.0189208984375,236.13558959960938,0.280790776014328,8
