xmin,ymin,xmax,ymax,score,label
284.0220947265625,213.1295166015625,298.56805419921875,224.875732421875,0.8118941187858582,3
282.8242492675781,212.4271697998047,298.33978271484375,224.62364196777344,0.28219762444496155,8
233.84945678710938,199.76638793945312,247.4971466064453,212.66302490234375,0.13053739070892334,3
285.5531311035156,221.0668182373047,296.8403015136719,226.17417907714844,0.08252852410078049,3
236.14466857910156,198.72842407226562,293.622802734375,225.54710388183594,0.07480348646640778,8
