xmin,ymin,xmax,ymax,score,label
282.6905212402344,212.39088439941406,296.3997802734375,223.74485778808594,0.7745891213417053,3
280.0132141113281,210.98728942871094,297.41070556640625,223.61029052734375,0.39364150166511536,8
283.86407470703125,219.1558380126953,295.7662353515625,225.0242156982422,0.17236381769180298,3
281.7052307128906,216.59515380859375,293.9115905761719,224.20538330078125,0.12787719070911407,3
233.791259765625,199.63912963867188,247.48545837402344,212.6082000732422,0.06808040291070938,3
