xmin,ymin,xmax,ymax,score,label
289.3062438964844,215.8167724609375,306.0489501953125,229.46231079101562,0.8621677756309509,3
289.1942443847656,215.45062255859375,306.063232421875,228.98196411132812,0.14269976317882538,8
290.2696533203125,221.75856018066406,305.80291748046875,229.01144409179688,0.09676728397607803,3
