xmin,ymin,xmax,ymax,score,label
286.4364318847656,214.7451171875,303.64630126953125,227.95664978027344,0.8211318254470825,3
284.36865234375,214.10946655273438,304.7319641113281,228.039794921875,0.2004876583814621,8
