xmin,ymin,xmax,ymax,score,label
278.3827819824219,211.28399658203125,289.9892578125,220.6852264404297,0.7933810353279114,3
274.9059753417969,209.22340393066406,290.3124694824219,220.34263610839844,0.3915894031524658,8
239.3249053955078,201.5076446533203,287.8365173339844,221.07635498046875,0.20411939918994904,8
280.4802551269531,215.4258270263672,289.8875732421875,221.74618530273438,0.1256578266620636,3
276.14727783203125,211.4246063232422,284.3104553222656,219.3435516357422,0.09768930077552795,3
278.4405822753906,212.83961486816406,289.3312072753906,220.54383850097656,0.08595500141382217,8
274.7580871582031,210.32211303710938,281.94677734375,218.82318115234375,0.08227621763944626,8
279.335205078125,210.39772033691406,288.56982421875,218.49789428710938,0.0671507865190506,8
