xmin,ymin,xmax,ymax,score,label
270.8037414550781,207.94058227539062,280.9955139160156,216.6055450439453,0.7131235003471375,3
270.1676940917969,206.60572814941406,281.54803466796875,216.6223602294922,0.26547926664352417,8
271.5746765136719,211.53256225585938,279.58807373046875,217.3114776611328,0.1199844479560852,3
238.36126708984375,196.14306640625,279.5852355957031,215.26856994628906,0.059174567461013794,8
