xmin,ymin,xmax,ymax,score,label
269.2400207519531,207.6447296142578,279.0070495605469,215.33123779296875,0.7466668486595154,3
268.694580078125,206.1041717529297,280.30584716796875,215.37088012695312,0.24172569811344147,8
270.532470703125,210.80577087402344,278.3946228027344,215.90463256835938,0.19164583086967468,3
237.01126098632812,198.39645385742188,249.02389526367188,211.5970001220703,0.0644606500864029,3
236.66030883789062,197.33657836914062,278.98297119140625,215.2412567138672,0.05787540227174759,8
