xmin,ymin,xmax,ymax,score,label
271.5421142578125,208.25357055664062,283.34979248046875,217.39610290527344,0.501752495765686,3
271.3536071777344,205.7746124267578,284.1034240722656,217.56103515625,0.3849196434020996,8
271.9892883300781,211.84523010253906,281.7635803222656,217.97659301757812,0.18338800966739655,3
273.14593505859375,214.5528564453125,281.2827453613281,218.908935546875,0.080947645008564,3
236.59133911132812,198.9791259765625,247.88758850097656,212.40724182128906,0.058472950011491776,3
238.3141326904297,195.38926696777344,278.2817687988281,214.8789520263672,0.05651672184467316,8
