xmin,ymin,xmax,ymax,score,label
273.7469787597656,209.5008087158203,286.3124084472656,218.4967803955078,0.5968610644340515,3
273.6077575683594,208.29750061035156,286.80621337890625,218.368408203125,0.3275635838508606,8
275.46136474609375,213.52113342285156,285.7669677734375,218.9319610595703,0.18340304493904114,3
