xmin,ymin,xmax,ymax,score,label
266.0876770019531,205.91131591796875,278.68798828125,215.06980895996094,0.43226999044418335,3
267.4976806640625,208.55128479003906,276.1943664550781,214.3293914794922,0.40510642528533936,3
265.806396484375,208.0833282470703,271.15625,213.8408966064453,0.37480902671813965,3
269.02813720703125,210.25621032714844,277.2313232421875,215.00685119628906,0.2234906405210495,3
263.8253173828125,207.7095489501953,269.5452880859375,213.0290069580078,0.15424641966819763,3
266.6247253417969,204.9889373779297,279.15130615234375,214.58700561523438,0.09515316784381866,8
268.1766357421875,211.51119995117188,275.3013000488281,215.68482971191406,0.06776241958141327,3
