xmin,ymin,xmax,ymax,score,label
265.904296875,207.93922424316406,273.2679748535156,213.8434600830078,0.5575022101402283,3
265.335205078125,206.3616180419922,276.0633850097656,214.9936065673828,0.5428229570388794,3
265.033447265625,208.125244140625,270.1643371582031,213.22239685058594,0.34013810753822327,3
267.42291259765625,209.65509033203125,274.9292297363281,214.65054321289062,0.29726773500442505,3
269.5149230957031,207.4082489013672,275.906005859375,214.08778381347656,0.14279848337173462,3
265.8563232421875,210.01095581054688,271.7594299316406,214.53871154785156,0.12819670140743256,3
265.1079406738281,206.13514709472656,276.026611328125,214.8114471435547,0.0678461417555809,8
238.05044555664062,199.614501953125,247.17242431640625,211.06398010253906,0.057959407567977905,3
268.8396911621094,211.41014099121094,274.65966796875,215.485595703125,0.053415343165397644,3
