xmin,ymin,xmax,ymax,score,label
280.30987548828125,211.75613403320312,292.7615966796875,221.54092407226562,0.4792516529560089,3
279.28594970703125,210.30784606933594,293.4305419921875,221.75827026367188,0.4728463888168335,8
281.2455749511719,216.09368896484375,291.0149841308594,222.1063232421875,0.3352613151073456,3
289.9030456542969,217.40110778808594,295.6795654296875,222.90892028808594,0.10956106334924698,3
287.2760009765625,216.53257751464844,293.75860595703125,222.416259765625,0.09679637849330902,3
282.0884704589844,214.5159454345703,292.4639587402344,221.7310333251953,0.052899476140737534,8
