xmin,ymin,xmax,ymax,score,label
273.521484375,208.7691192626953,285.022216796875,218.51483154296875,0.7306998372077942,3
271.680908203125,208.4552001953125,285.0043640136719,218.2785186767578,0.3630492389202118,8
234.79905700683594,198.57740783691406,277.78485107421875,218.1893310546875,0.1334865242242813,8
233.95635986328125,199.52981567382812,247.60694885253906,213.2908935546875,0.06326300650835037,3
