xmin,ymin,xmax,ymax,score,label
275.9239807128906,208.88038635253906,288.19964599609375,218.9407196044922,0.703275740146637,3
274.1398620605469,208.51983642578125,288.3615417480469,218.7274169921875,0.4829865097999573,8
236.00543212890625,199.4883270263672,287.30218505859375,219.3270721435547,0.11762654781341553,8
277.2951354980469,212.8864288330078,287.0313415527344,219.6686553955078,0.10806981474161148,3
269.977783203125,209.07713317871094,277.74420166015625,217.5259552001953,0.10359974950551987,8
272.3343200683594,210.13812255859375,278.7670593261719,218.11705017089844,0.08114565908908844,3
273.3662109375,209.64122009277344,282.57110595703125,217.74725341796875,0.06405933201313019,3
273.33013916015625,209.42498779296875,282.682373046875,217.70750427246094,0.06082700192928314,8
