xmin,ymin,xmax,ymax,score,label
259.8716735839844,204.1599578857422,266.03387451171875,211.0332489013672,0.10731476545333862,1
