xmin,ymin,xmax,ymax,score,label
259.85247802734375,205.3731231689453,268.9176025390625,211.8135986328125,0.0562489777803421,3
