xmin,ymin,xmax,ymax,score,label
261.50604248046875,206.1860809326172,269.9210205078125,211.9078369140625,0.2616809010505676,3
260.9108581542969,207.2239227294922,265.76031494140625,211.9507293701172,0.0787731409072876,3
265.74176025390625,207.0010223388672,270.9817199707031,212.0373992919922,0.05871614068746567,3
262.3066101074219,207.8926544189453,268.18878173828125,212.513427734375,0.052226386964321136,3
