xmin,ymin,xmax,ymax,score,label
263.15704345703125,206.21556091308594,270.4396057128906,211.8833465576172,0.06250967085361481,3
