xmin,ymin,xmax,ymax,score,label
264.9266357421875,206.389404296875,273.3342590332031,213.2063446044922,0.6051639914512634,3
263.5986633300781,204.00999450683594,274.34320068359375,213.40794372558594,0.135192409157753,8
264.99920654296875,209.2820587158203,272.67645263671875,214.21798706054688,0.08631918579339981,3
