xmin,ymin,xmax,ymax,score,label
266.0191650390625,207.43667602539062,274.749267578125,213.99855041503906,0.25723931193351746,3
