xmin,ymin,xmax,ymax,score,label
263.8428649902344,205.87757873535156,272.6880798339844,211.8140411376953,0.42871513962745667,3
261.8121643066406,203.2209014892578,274.1722412109375,212.76336669921875,0.12559159100055695,3
262.2914733886719,206.29922485351562,269.5921630859375,212.54981994628906,0.06908533722162247,3
262.60382080078125,203.42922973632812,274.5611267089844,212.41465759277344,0.06806911528110504,8
