xmin,ymin,xmax,ymax,score,label
256.0067443847656,201.87594604492188,263.6948547363281,209.06492614746094,0.07400666177272797,3
256.25360107421875,202.51966857910156,263.9710388183594,210.03077697753906,0.054772451519966125,1
