xmin,ymin,xmax,ymax,score,label
255.89292907714844,202.0869598388672,263.3150634765625,209.05694580078125,0.13680684566497803,3
