xmin,ymin,xmax,ymax,score,label
233.26675415039062,198.0420684814453,248.63327026367188,212.87925720214844,0.0635870024561882,3
