xmin,ymin,xmax,ymax,score,label
237.01962280273438,198.92181396484375,248.62461853027344,212.23533630371094,0.08978234231472015,3
