xmin,ymin,xmax,ymax,score,label
233.9890594482422,197.88209533691406,248.29949951171875,212.4325714111328,0.43569135665893555,3
236.79586791992188,197.6098175048828,247.4231719970703,205.2060546875,0.08275145292282104,3
233.83709716796875,197.80628967285156,248.15208435058594,212.52847290039062,0.05369190499186516,8
