xmin,ymin,xmax,ymax,score,label
237.32945251464844,199.37368774414062,247.0457305908203,211.28802490234375,0.08667014539241791,3
