xmin,ymin,xmax,ymax,score,label
234.1039581298828,198.0028839111328,248.42311096191406,212.4358367919922,0.19284653663635254,3
