xmin,ymin,xmax,ymax,score,label
237.29318237304688,199.34046936035156,247.0234832763672,211.26890563964844,0.11707238852977753,3
