xmin,ymin,xmax,ymax,score,label
234.85888671875,199.40220642089844,247.22418212890625,211.9031219482422,0.05273688957095146,3
