xmin,ymin,xmax,ymax,score,label
237.55941772460938,200.6416778564453,247.342529296875,211.5959930419922,0.2013416290283203,3
