xmin,ymin,xmax,ymax,score,label
283.9368591308594,280.2889404296875,358.4375305175781,311.3367919921875,0.055861782282590866,3
