xmin,ymin,xmax,ymax,score,label
237.23133850097656,199.5493927001953,246.9529266357422,210.6144561767578,0.058719467371702194,3
