xmin,ymin,xmax,ymax,score,label
236.7966766357422,198.9175262451172,247.17213439941406,211.43223571777344,0.08511336892843246,3
