xmin,ymin,xmax,ymax,score,label
237.62449645996094,199.09490966796875,247.21368408203125,211.43251037597656,0.13987569510936737,3
