xmin,ymin,xmax,ymax,score,label
237.44886779785156,199.2028045654297,247.4327392578125,211.76527404785156,0.10814647376537323,3
