xmin,ymin,xmax,ymax,score,label
237.2954864501953,199.120361328125,247.2541961669922,211.61595153808594,0.24104058742523193,3
