xmin,ymin,xmax,ymax,score,label
235.281005859375,198.4706268310547,247.4740753173828,212.0667266845703,0.06641692668199539,3
