xmin,ymin,xmax,ymax,score,label
234.9737091064453,198.97584533691406,247.15069580078125,212.23785400390625,0.11319626867771149,3
238.5173797607422,201.4041748046875,246.2178192138672,211.2655792236328,0.05323923006653786,3
