xmin,ymin,xmax,ymax,score,label
236.96290588378906,199.74217224121094,246.79067993164062,211.14154052734375,0.17957086861133575,3
