xmin,ymin,xmax,ymax,score,label
236.9230194091797,199.8074951171875,246.93972778320312,211.0703582763672,0.13677874207496643,3
