xmin,ymin,xmax,ymax,score,label
235.2572479248047,198.80874633789062,247.5725860595703,212.27630615234375,0.08039245754480362,3
