xmin,ymin,xmax,ymax,score,label
237.91368103027344,199.7492218017578,247.36500549316406,210.9339141845703,0.0931929275393486,3
