xmin,ymin,xmax,ymax,score,label
237.0000457763672,199.06544494628906,247.04684448242188,211.72671508789062,0.06562646478414536,3
