xmin,ymin,xmax,ymax,score,label
284.30877685546875,279.73004150390625,352.5386657714844,313.5679016113281,0.0569879487156868,3
