xmin,ymin,xmax,ymax,score,label
283.5594482421875,279.3005065917969,345.89373779296875,313.88262939453125,0.08161955326795578,3
