xmin,ymin,xmax,ymax,score,label
233.77540588378906,198.66690063476562,247.74351501464844,212.61953735351562,0.05229775607585907,3
