xmin,ymin,xmax,ymax,score,label
238.19119262695312,199.32217407226562,246.92115783691406,211.03773498535156,0.06364404410123825,3
