xmin,ymin,xmax,ymax,score,label
236.65516662597656,199.17124938964844,247.26742553710938,211.5924530029297,0.05847089737653732,3
