xmin,ymin,xmax,ymax,score,label
236.7991180419922,199.04991149902344,247.32162475585938,211.74685668945312,0.05900328606367111,3
