xmin,ymin,xmax,ymax,score,label
235.88772583007812,198.1472625732422,247.56114196777344,211.5593719482422,0.10150209069252014,3
