xmin,ymin,xmax,ymax,score,label
235.86065673828125,198.24696350097656,247.74192810058594,211.67291259765625,0.13895659148693085,3
