xmin,ymin,xmax,ymax,score,label
235.906494140625,198.1309814453125,247.6488800048828,211.59059143066406,0.10162223875522614,3
