xmin,ymin,xmax,ymax,score,label
233.7773895263672,198.8738555908203,247.0000457763672,211.8549346923828,0.12867605686187744,3
