xmin,ymin,xmax,ymax,score,label
233.0415496826172,198.67015075683594,247.260986328125,211.97837829589844,0.09857583045959473,3
