xmin,ymin,xmax,ymax,score,label
235.78274536132812,198.7910614013672,247.12802124023438,211.81260681152344,0.1204659566283226,3
