xmin,ymin,xmax,ymax,score,label
237.7261962890625,199.48374938964844,246.76876831054688,211.80224609375,0.08814053237438202,3
