xmin,ymin,xmax,ymax,score,label
236.39088439941406,198.37181091308594,247.6041259765625,212.4125213623047,0.09098280221223831,3
