xmin,ymin,xmax,ymax,score,label
237.5309600830078,199.57850646972656,247.0014190673828,211.36508178710938,0.13254636526107788,3
