xmin,ymin,xmax,ymax,score,label
236.01141357421875,199.1678924560547,247.45928955078125,211.8528594970703,0.08304724097251892,3
