xmin,ymin,xmax,ymax,score,label
235.57815551757812,198.0520782470703,247.88807678222656,212.16317749023438,0.12159760296344757,3
