xmin,ymin,xmax,ymax,score,label
236.5972900390625,198.32786560058594,246.4695587158203,211.68240356445312,0.11536765843629837,3
