xmin,ymin,xmax,ymax,score,label
237.6094512939453,199.631591796875,247.18174743652344,212.38308715820312,0.08367632329463959,3
