xmin,ymin,xmax,ymax,score,label
236.7034912109375,199.4433135986328,247.06051635742188,211.60475158691406,0.09570179879665375,3
