xmin,ymin,xmax,ymax,score,label
237.52926635742188,199.2304229736328,247.21734619140625,212.39944458007812,0.10148801654577255,3
