xmin,ymin,xmax,ymax,score,label
237.20777893066406,199.29490661621094,246.99407958984375,211.68386840820312,0.17185580730438232,3
