xmin,ymin,xmax,ymax,score,label
238.58218383789062,200.2951202392578,247.21786499023438,211.3769989013672,0.11544713377952576,3
