xmin,ymin,xmax,ymax,score,label
236.2002716064453,198.20944213867188,247.79019165039062,211.6166534423828,0.07305963337421417,3
