xmin,ymin,xmax,ymax,score,label
237.4739990234375,200.1832275390625,246.8973388671875,211.4225311279297,0.16871260106563568,3
