xmin,ymin,xmax,ymax,score,label
236.01075744628906,198.7659454345703,247.20860290527344,211.93785095214844,0.06340301781892776,3
