xmin,ymin,xmax,ymax,score,label
238.37008666992188,199.91587829589844,247.4766387939453,211.50172424316406,0.11850720643997192,3
