xmin,ymin,xmax,ymax,score,label
235.95101928710938,198.99578857421875,247.24411010742188,211.9635772705078,0.05449017882347107,3
