xmin,ymin,xmax,ymax,score,label
235.75405883789062,198.67288208007812,247.35382080078125,212.1753387451172,0.19766433537006378,3
