xmin,ymin,xmax,ymax,score,label
235.46597290039062,198.1974639892578,247.51084899902344,212.0204315185547,0.06908522546291351,3
