xmin,ymin,xmax,ymax,score,label
236.70266723632812,198.75863647460938,246.87118530273438,212.0060272216797,0.09066648036241531,3
