xmin,ymin,xmax,ymax,score,label
237.66656494140625,198.79295349121094,247.09524536132812,212.0613555908203,0.10150734335184097,3
