xmin,ymin,xmax,ymax,score,label
238.25277709960938,201.56236267089844,247.37611389160156,212.4149169921875,0.05491463094949722,3
