xmin,ymin,xmax,ymax,score,label
237.69525146484375,199.4882049560547,247.06520080566406,212.04945373535156,0.06253020465373993,3
