xmin,ymin,xmax,ymax,score,label
236.02410888671875,197.13031005859375,247.19729614257812,212.1005096435547,0.10722798109054565,3
