xmin,ymin,xmax,ymax,score,label
236.88485717773438,201.07659912109375,246.6546173095703,210.8425750732422,0.06931370496749878,3
