xmin,ymin,xmax,ymax,score,label
238.81103515625,200.48150634765625,247.3936767578125,211.58224487304688,0.06482962518930435,3
