xmin,ymin,xmax,ymax,score,label
232.15008544921875,198.27845764160156,247.12843322753906,212.63194274902344,0.09754408895969391,3
