xmin,ymin,xmax,ymax,score,label
235.7970733642578,199.4440460205078,246.67715454101562,211.291748046875,0.12739437818527222,3
