xmin,ymin,xmax,ymax,score,label
236.8350372314453,199.84336853027344,247.23782348632812,212.1963653564453,0.06257309019565582,3
