xmin,ymin,xmax,ymax,score,label
234.85047912597656,199.04019165039062,247.55154418945312,212.93368530273438,0.14478522539138794,3
