xmin,ymin,xmax,ymax,score,label
235.66175842285156,199.29246520996094,246.9822540283203,210.86351013183594,0.1092536523938179,3
