xmin,ymin,xmax,ymax,score,label
237.89010620117188,199.530517578125,247.41363525390625,211.36744689941406,0.10483578592538834,3
