xmin,ymin,xmax,ymax,score,label
237.208251953125,199.17832946777344,246.9259490966797,211.17884826660156,0.09379791468381882,3
