xmin,ymin,xmax,ymax,score,label
234.39686584472656,198.8695526123047,247.45208740234375,212.89492797851562,0.06997381150722504,3
