xmin,ymin,xmax,ymax,score,label
237.7564239501953,199.77175903320312,246.42572021484375,211.15692138671875,0.10886286199092865,3
