xmin,ymin,xmax,ymax,score,label
233.40518188476562,197.59161376953125,247.56874084472656,211.6986846923828,0.059171076864004135,3
