xmin,ymin,xmax,ymax,score,label
237.06903076171875,199.73875427246094,247.03289794921875,211.2611083984375,0.1239248663187027,3
