xmin,ymin,xmax,ymax,score,label
238.00186157226562,199.3301239013672,246.9279022216797,211.37820434570312,0.1012183353304863,3
