xmin,ymin,xmax,ymax,score,label
235.30763244628906,198.7284698486328,247.29087829589844,212.8151397705078,0.10370026528835297,3
237.40579223632812,198.30142211914062,245.58609008789062,209.1723175048828,0.05060196295380592,3
