xmin,ymin,xmax,ymax,score,label
235.1151580810547,197.9451141357422,247.5384979248047,212.39979553222656,0.12857292592525482,3
