xmin,ymin,xmax,ymax,score,label
238.03427124023438,199.44583129882812,247.12905883789062,211.11477661132812,0.05068949982523918,3
