xmin,ymin,xmax,ymax,score,label
236.5529327392578,199.0485382080078,246.94679260253906,211.3734130859375,0.17837350070476532,3
236.87460327148438,197.695556640625,244.6392364501953,206.0147705078125,0.05283345654606819,3
