xmin,ymin,xmax,ymax,score,label
232.5282745361328,198.11534118652344,247.69338989257812,212.76429748535156,0.05690108612179756,3
