xmin,ymin,xmax,ymax,score,label
232.6974334716797,197.83287048339844,247.7127227783203,212.78701782226562,0.07143403589725494,3
