xmin,ymin,xmax,ymax,score,label
237.41673278808594,198.6394805908203,246.681640625,210.23873901367188,0.09341585636138916,3
