xmin,ymin,xmax,ymax,score,label
236.62901306152344,199.44801330566406,246.91329956054688,211.48785400390625,0.050687503069639206,3
