xmin,ymin,xmax,ymax,score,label
237.7480010986328,199.10557556152344,247.72540283203125,210.4963836669922,0.07218591123819351,3
