xmin,ymin,xmax,ymax,score,label
235.21095275878906,198.2535858154297,247.3206329345703,211.891357421875,0.11762568354606628,3
235.5595245361328,198.14830017089844,243.45538330078125,204.8909149169922,0.05792562663555145,3
