xmin,ymin,xmax,ymax,score,label
233.56752014160156,198.49435424804688,247.41549682617188,212.17311096191406,0.06957539170980453,3
