xmin,ymin,xmax,ymax,score,label
236.65875244140625,198.9143524169922,247.46902465820312,211.41221618652344,0.056660089641809464,3
