xmin,ymin,xmax,ymax,score,label
237.10067749023438,198.87669372558594,247.12405395507812,211.23965454101562,0.08681049942970276,3
