xmin,ymin,xmax,ymax,score,label
236.89486694335938,198.4141387939453,247.07933044433594,211.4251708984375,0.05064593255519867,3
