xmin,ymin,xmax,ymax,score,label
236.77047729492188,199.5382843017578,246.7895965576172,210.928466796875,0.05667959898710251,3
