xmin,ymin,xmax,ymax,score,label
237.34999084472656,199.6861114501953,246.78941345214844,210.85548400878906,0.15580053627490997,3
