xmin,ymin,xmax,ymax,score,label
234.65756225585938,198.29000854492188,247.4521484375,212.1271514892578,0.15836979448795319,3
238.1638641357422,199.23338317871094,246.74017333984375,212.50531005859375,0.07316093891859055,1
