xmin,ymin,xmax,ymax,score,label
235.04327392578125,198.26438903808594,247.47413635253906,212.02664184570312,0.07090168446302414,3
238.35890197753906,199.56398010253906,246.61732482910156,212.5203094482422,0.052655722945928574,1
