xmin,ymin,xmax,ymax,score,label
234.77923583984375,198.4818115234375,247.59225463867188,213.0650634765625,0.05854825675487518,3
