xmin,ymin,xmax,ymax,score,label
234.82643127441406,198.5087127685547,247.53831481933594,213.08309936523438,0.062168095260858536,3
