xmin,ymin,xmax,ymax,score,label
236.955078125,198.66015625,247.44296264648438,211.4595947265625,0.05454825982451439,3
