xmin,ymin,xmax,ymax,score,label
237.62774658203125,200.44606018066406,246.92201232910156,211.54847717285156,0.12708726525306702,3
