xmin,ymin,xmax,ymax,score,label
235.59458923339844,198.46510314941406,247.27098083496094,211.26219177246094,0.1088409274816513,3
