xmin,ymin,xmax,ymax,score,label
234.19146728515625,198.9241180419922,247.73577880859375,212.46217346191406,0.12173342704772949,3
237.40809631347656,201.6155548095703,247.03329467773438,211.07522583007812,0.0509830005466938,3
