xmin,ymin,xmax,ymax,score,label
235.73318481445312,198.66693115234375,247.2780303955078,211.39356994628906,0.15638074278831482,3
