xmin,ymin,xmax,ymax,score,label
237.2222442626953,200.15138244628906,247.17918395996094,211.2530059814453,0.13815632462501526,3
