xmin,ymin,xmax,ymax,score,label
234.0894012451172,198.7219696044922,247.87106323242188,212.43994140625,0.06572803109884262,3
