xmin,ymin,xmax,ymax,score,label
235.37367248535156,199.11993408203125,247.5049285888672,212.70816040039062,0.12911224365234375,3
