xmin,ymin,xmax,ymax,score,label
235.84231567382812,198.31752014160156,247.92520141601562,211.66392517089844,0.1812589019536972,3
