xmin,ymin,xmax,ymax,score,label
237.5828857421875,198.85870361328125,246.59536743164062,211.0907745361328,0.151620551943779,3
