xmin,ymin,xmax,ymax,score,label
234.91017150878906,200.52304077148438,247.0140838623047,212.0133056640625,0.11991280317306519,3
