xmin,ymin,xmax,ymax,score,label
234.5607452392578,198.53884887695312,247.54991149902344,212.1866912841797,0.3020733594894409,3
237.599853515625,201.4044647216797,246.69808959960938,211.10601806640625,0.13830938935279846,3
236.60055541992188,197.06951904296875,245.82814025878906,207.02496337890625,0.06440813839435577,3
