xmin,ymin,xmax,ymax,score,label
233.81280517578125,197.77774047851562,247.4092254638672,211.42916870117188,0.14088453352451324,3
237.59629821777344,201.18370056152344,246.68528747558594,211.03451538085938,0.08647597581148148,3
