xmin,ymin,xmax,ymax,score,label
234.5946502685547,198.42803955078125,247.62696838378906,212.12940979003906,0.055932287126779556,3
