xmin,ymin,xmax,ymax,score,label
236.3354034423828,199.3583526611328,247.05322265625,212.3175811767578,0.050985660403966904,3
