xmin,ymin,xmax,ymax,score,label
237.8076934814453,199.270263671875,247.02505493164062,211.8370819091797,0.11436554789543152,3
