xmin,ymin,xmax,ymax,score,label
236.6614532470703,199.61550903320312,247.2006072998047,211.5074462890625,0.056372400373220444,3
