xmin,ymin,xmax,ymax,score,label
234.36973571777344,198.69398498535156,247.5377197265625,212.49427795410156,0.16466578841209412,3
