xmin,ymin,xmax,ymax,score,label
233.50625610351562,198.5548858642578,247.07937622070312,212.2775115966797,0.11601077020168304,3
