xmin,ymin,xmax,ymax,score,label
234.77720642089844,199.10960388183594,247.252685546875,212.2411346435547,0.0714852586388588,3
