xmin,ymin,xmax,ymax,score,label
234.57029724121094,199.1060791015625,247.19044494628906,211.8404083251953,0.09972009062767029,3
