xmin,ymin,xmax,ymax,score,label
233.41676330566406,198.01361083984375,247.0700225830078,211.78453063964844,0.06863193213939667,3
