xmin,ymin,xmax,ymax,score,label
234.75111389160156,199.2695770263672,246.93736267089844,212.1452178955078,0.2117183953523636,3
