xmin,ymin,xmax,ymax,score,label
233.98841857910156,198.88973999023438,246.8678436279297,212.35513305664062,0.10415050387382507,3
