xmin,ymin,xmax,ymax,score,label
233.4304962158203,197.98153686523438,247.0773468017578,211.5086669921875,0.0596529021859169,3
