xmin,ymin,xmax,ymax,score,label
238.00477600097656,199.26527404785156,246.9159698486328,211.2361602783203,0.09195923805236816,3
