xmin,ymin,xmax,ymax,score,label
238.09385681152344,199.25599670410156,247.1525421142578,211.37977600097656,0.0628080815076828,3
