xmin,ymin,xmax,ymax,score,label
236.02691650390625,198.4182586669922,247.16738891601562,211.49298095703125,0.11492899060249329,3
