xmin,ymin,xmax,ymax,score,label
235.7666778564453,198.20394897460938,247.0927276611328,211.6890411376953,0.07828395068645477,3
