xmin,ymin,xmax,ymax,score,label
235.35244750976562,198.89096069335938,247.3934326171875,212.32064819335938,0.05594343692064285,3
