xmin,ymin,xmax,ymax,score,label
234.4933624267578,198.68055725097656,247.78013610839844,212.08848571777344,0.050928130745887756,3
