xmin,ymin,xmax,ymax,score,label
237.3484344482422,199.2406005859375,247.65859985351562,211.6501007080078,0.06740909814834595,3
