xmin,ymin,xmax,ymax,score,label
237.56576538085938,199.28953552246094,247.18601989746094,211.26011657714844,0.06948204338550568,3
