xmin,ymin,xmax,ymax,score,label
233.25286865234375,198.21493530273438,247.6266632080078,212.6690216064453,0.0672590434551239,3
