xmin,ymin,xmax,ymax,score,label
233.9126434326172,198.76771545410156,247.43365478515625,212.8234405517578,0.09133156388998032,3
