xmin,ymin,xmax,ymax,score,label
233.74798583984375,198.7098388671875,247.87234497070312,213.11624145507812,0.10597440600395203,3
