xmin,ymin,xmax,ymax,score,label
233.09963989257812,198.52296447753906,247.41810607910156,212.7064971923828,0.05391039699316025,3
