xmin,ymin,xmax,ymax,score,label
233.93722534179688,198.7577667236328,247.42335510253906,212.85243225097656,0.0556902140378952,3
