xmin,ymin,xmax,ymax,score,label
234.07431030273438,198.3708953857422,247.3119659423828,212.3649444580078,0.1604357808828354,3
