xmin,ymin,xmax,ymax,score,label
234.51382446289062,198.35354614257812,247.30914306640625,212.4483184814453,0.1034582108259201,3
