xmin,ymin,xmax,ymax,score,label
236.40625,199.0956268310547,247.17837524414062,211.70001220703125,0.0965944454073906,3
