xmin,ymin,xmax,ymax,score,label
237.52882385253906,199.0772705078125,247.47315979003906,211.3380126953125,0.09816960245370865,3
