xmin,ymin,xmax,ymax,score,label
237.40460205078125,198.9862823486328,247.6354522705078,211.34861755371094,0.05513054132461548,3
