xmin,ymin,xmax,ymax,score,label
234.3338623046875,199.073486328125,247.45736694335938,212.4763641357422,0.12173543125391006,3
