xmin,ymin,xmax,ymax,score,label
236.7906951904297,199.50152587890625,247.29583740234375,212.1594696044922,0.1941264569759369,3
