xmin,ymin,xmax,ymax,score,label
235.55108642578125,198.08949279785156,247.44590759277344,211.82969665527344,0.08593139052391052,3
