xmin,ymin,xmax,ymax,score,label
235.53236389160156,198.51071166992188,246.9774932861328,211.98654174804688,0.3069440722465515,3
