xmin,ymin,xmax,ymax,score,label
238.86341857910156,200.27488708496094,246.83352661132812,211.10452270507812,0.05053410306572914,3
