xmin,ymin,xmax,ymax,score,label
235.4865264892578,198.156982421875,247.4084930419922,211.7584686279297,0.06333639472723007,3
