xmin,ymin,xmax,ymax,score,label
233.1580047607422,198.20941162109375,247.32119750976562,212.00892639160156,0.1071765199303627,3
