xmin,ymin,xmax,ymax,score,label
236.35824584960938,199.28927612304688,247.33575439453125,212.24644470214844,0.1697196662425995,3
