xmin,ymin,xmax,ymax,score,label
237.9766082763672,200.17906188964844,247.19595336914062,212.03404235839844,0.18959161639213562,3
