xmin,ymin,xmax,ymax,score,label
235.1361541748047,198.6224365234375,247.81002807617188,212.53379821777344,0.05111096054315567,3
