xmin,ymin,xmax,ymax,score,label
238.13587951660156,199.9732208251953,247.0835723876953,211.6975860595703,0.15826275944709778,3
