xmin,ymin,xmax,ymax,score,label
235.6134033203125,198.06932067871094,247.5233917236328,211.8907012939453,0.051702290773391724,3
