xmin,ymin,xmax,ymax,score,label
235.43077087402344,198.8197784423828,247.1376495361328,212.3072052001953,0.21614962816238403,3
