xmin,ymin,xmax,ymax,score,label
234.24227905273438,198.5336151123047,247.272705078125,211.87310791015625,0.12001142650842667,3
238.1918182373047,200.78993225097656,246.4211883544922,211.2277069091797,0.050528768450021744,3
