xmin,ymin,xmax,ymax,score,label
232.4264373779297,198.16383361816406,247.49700927734375,211.72634887695312,0.12579302489757538,3
