xmin,ymin,xmax,ymax,score,label
232.47836303710938,198.13995361328125,247.38755798339844,211.60008239746094,0.12207373976707458,3
