xmin,ymin,xmax,ymax,score,label
237.27328491210938,199.20022583007812,247.35169982910156,211.26734924316406,0.06504637748003006,3
