xmin,ymin,xmax,ymax,score,label
236.75808715820312,198.96481323242188,246.491943359375,210.79624938964844,0.052975453436374664,3
