xmin,ymin,xmax,ymax,score,label
237.21157836914062,199.18626403808594,247.26339721679688,211.2841796875,0.07513834536075592,3
