xmin,ymin,xmax,ymax,score,label
234.10386657714844,198.91172790527344,247.6024932861328,212.34152221679688,0.056959379464387894,3
