xmin,ymin,xmax,ymax,score,label
232.6205291748047,198.04656982421875,247.35067749023438,212.26768493652344,0.07744188606739044,3
