xmin,ymin,xmax,ymax,score,label
233.62371826171875,198.39710998535156,247.5501251220703,211.8147430419922,0.07186426967382431,3
