xmin,ymin,xmax,ymax,score,label
233.4622344970703,198.4163360595703,247.5305633544922,211.9349822998047,0.0757208913564682,3
