xmin,ymin,xmax,ymax,score,label
236.40431213378906,199.56446838378906,246.85531616210938,211.71035766601562,0.08144787698984146,3
