xmin,ymin,xmax,ymax,score,label
237.17233276367188,199.36343383789062,247.1441192626953,211.8905487060547,0.06495998054742813,3
