xmin,ymin,xmax,ymax,score,label
237.4132080078125,200.43409729003906,247.2779541015625,211.59536743164062,0.08063096553087234,3
