xmin,ymin,xmax,ymax,score,label
234.68557739257812,198.79722595214844,247.8259735107422,213.07484436035156,0.05449157580733299,3
