xmin,ymin,xmax,ymax,score,label
238.19284057617188,199.51412963867188,247.07098388671875,211.3142547607422,0.11779843270778656,3
