xmin,ymin,xmax,ymax,score,label
234.5325164794922,198.29164123535156,247.50404357910156,212.23768615722656,0.05123593285679817,3
