xmin,ymin,xmax,ymax,score,label
235.87351989746094,199.26922607421875,247.6278076171875,212.07162475585938,0.10442670434713364,3
