xmin,ymin,xmax,ymax,score,label
231.87774658203125,198.52122497558594,247.4531707763672,211.8108367919922,0.10129448771476746,3
