xmin,ymin,xmax,ymax,score,label
236.33311462402344,199.44256591796875,247.25257873535156,211.6441650390625,0.07693609595298767,3
