xmin,ymin,xmax,ymax,score,label
237.07296752929688,200.06080627441406,246.9024658203125,211.12374877929688,0.056549523025751114,3
