xmin,ymin,xmax,ymax,score,label
237.4438934326172,199.05694580078125,247.04278564453125,211.0908966064453,0.05725179612636566,3
