xmin,ymin,xmax,ymax,score,label
234.07318115234375,198.68568420410156,247.62054443359375,212.73097229003906,0.06002650409936905,3
