xmin,ymin,xmax,ymax,score,label
234.13961791992188,198.68125915527344,247.72071838378906,212.65476989746094,0.09265005588531494,3
