xmin,ymin,xmax,ymax,score,label
234.46780395507812,198.6226806640625,247.75865173339844,212.7697296142578,0.05326542258262634,3
