xmin,ymin,xmax,ymax,score,label
232.234619140625,198.84913635253906,247.2339630126953,213.1117706298828,0.10994656383991241,3
