xmin,ymin,xmax,ymax,score,label
233.76490783691406,199.0327911376953,247.242431640625,212.8797149658203,0.08845898509025574,3
