xmin,ymin,xmax,ymax,score,label
233.78860473632812,199.51039123535156,247.73959350585938,212.49630737304688,0.07773986458778381,3
