xmin,ymin,xmax,ymax,score,label
233.89398193359375,199.223388671875,247.2744140625,212.22662353515625,0.06311030685901642,3
