xmin,ymin,xmax,ymax,score,label
232.95750427246094,199.01132202148438,247.6517791748047,212.40914916992188,0.09659885615110397,3
