xmin,ymin,xmax,ymax,score,label
234.35096740722656,199.3153076171875,247.27603149414062,212.15525817871094,0.07770146429538727,3
