xmin,ymin,xmax,ymax,score,label
235.67465209960938,198.3899383544922,247.53224182128906,212.0546875,0.07143198698759079,3
