xmin,ymin,xmax,ymax,score,label
238.10081481933594,200.23558044433594,246.80874633789062,211.6344757080078,0.08621084690093994,3
