xmin,ymin,xmax,ymax,score,label
236.0834197998047,198.34315490722656,247.5546417236328,211.44105529785156,0.06365780532360077,3
