xmin,ymin,xmax,ymax,score,label
236.94729614257812,198.1553192138672,249.49600219726562,211.35421752929688,0.0574510432779789,3
