xmin,ymin,xmax,ymax,score,label
235.87559509277344,198.5263214111328,247.5262908935547,211.5648651123047,0.09754666686058044,3
