xmin,ymin,xmax,ymax,score,label
237.0198516845703,199.78897094726562,246.6980438232422,210.76983642578125,0.20974358916282654,3
