xmin,ymin,xmax,ymax,score,label
237.98387145996094,199.95819091796875,247.40675354003906,211.01011657714844,0.23738345503807068,3
