xmin,ymin,xmax,ymax,score,label
237.8060760498047,198.9271240234375,247.09521484375,211.4977264404297,0.05892688035964966,3
