xmin,ymin,xmax,ymax,score,label
235.55841064453125,198.7868194580078,247.20977783203125,211.9127960205078,0.076215960085392,3
