xmin,ymin,xmax,ymax,score,label
238.2532958984375,199.23292541503906,246.42562866210938,210.01150512695312,0.3455806076526642,3
232.8389129638672,197.84072875976562,246.92311096191406,211.26206970214844,0.21639834344387054,3
236.76902770996094,197.38356018066406,245.2206268310547,206.9394073486328,0.07278971374034882,3
