xmin,ymin,xmax,ymax,score,label
236.83937072753906,200.75091552734375,247.3955535888672,211.03883361816406,0.17235413193702698,3
