xmin,ymin,xmax,ymax,score,label
236.077392578125,197.88113403320312,247.24464416503906,211.5196075439453,0.05040721595287323,3
