xmin,ymin,xmax,ymax,score,label
236.36085510253906,198.84683227539062,247.21685791015625,211.74964904785156,0.14955434203147888,3
