xmin,ymin,xmax,ymax,score,label
236.21075439453125,198.91995239257812,247.5336456298828,212.26625061035156,0.06569515913724899,3
