xmin,ymin,xmax,ymax,score,label
236.7220001220703,198.90475463867188,247.01199340820312,212.46510314941406,0.10393771529197693,3
