xmin,ymin,xmax,ymax,score,label
233.95626831054688,198.5264892578125,247.380615234375,212.445068359375,0.08415508270263672,3
