xmin,ymin,xmax,ymax,score,label
234.1108856201172,198.4652862548828,247.54428100585938,212.44874572753906,0.07294127345085144,3
