xmin,ymin,xmax,ymax,score,label
236.7613983154297,198.67381286621094,247.18515014648438,211.6057891845703,0.06405550986528397,3
