xmin,ymin,xmax,ymax,score,label
237.38035583496094,198.9605255126953,246.91651916503906,211.51112365722656,0.07313361018896103,3
