xmin,ymin,xmax,ymax,score,label
237.43373107910156,198.97772216796875,246.90444946289062,211.4026641845703,0.06743309646844864,3
