xmin,ymin,xmax,ymax,score,label
237.36537170410156,198.93214416503906,246.96839904785156,211.52716064453125,0.052237655967473984,3
