xmin,ymin,xmax,ymax,score,label
234.18626403808594,198.27297973632812,247.62274169921875,211.8054656982422,0.12931765615940094,3
