xmin,ymin,xmax,ymax,score,label
236.5108184814453,199.26673889160156,247.43692016601562,211.4947052001953,0.0763203427195549,3
