xmin,ymin,xmax,ymax,score,label
232.1370849609375,197.98968505859375,247.532470703125,212.37738037109375,0.05322558805346489,3
