xmin,ymin,xmax,ymax,score,label
236.17897033691406,198.2518768310547,247.35134887695312,210.7740478515625,0.09332607686519623,3
