xmin,ymin,xmax,ymax,score,label
236.14439392089844,200.12362670898438,247.2762451171875,211.76625061035156,0.08984019607305527,3
