xmin,ymin,xmax,ymax,score,label
236.64181518554688,199.1280059814453,247.33277893066406,211.30108642578125,0.07662858068943024,3
