xmin,ymin,xmax,ymax,score,label
233.3463134765625,198.07838439941406,247.52427673339844,211.97169494628906,0.0655922219157219,3
