xmin,ymin,xmax,ymax,score,label
233.3661651611328,198.10910034179688,247.48202514648438,211.68116760253906,0.0922871008515358,3
