xmin,ymin,xmax,ymax,score,label
232.71099853515625,197.7174530029297,247.3076934814453,211.84837341308594,0.076602503657341,3
