xmin,ymin,xmax,ymax,score,label
237.03749084472656,199.4921112060547,246.99073791503906,211.38917541503906,0.0900939330458641,3
