xmin,ymin,xmax,ymax,score,label
233.75888061523438,197.79855346679688,247.52420043945312,212.0926513671875,0.05599990859627724,3
