xmin,ymin,xmax,ymax,score,label
234.3849334716797,197.81024169921875,247.47621154785156,211.9674072265625,0.06355269998311996,3
