xmin,ymin,xmax,ymax,score,label
236.38980102539062,199.7638397216797,247.06979370117188,211.432861328125,0.05954280495643616,3
