xmin,ymin,xmax,ymax,score,label
232.8133087158203,198.3807830810547,247.6717071533203,211.8042755126953,0.05055839195847511,3
