xmin,ymin,xmax,ymax,score,label
236.14794921875,198.9775848388672,247.29632568359375,211.04705810546875,0.10993380844593048,3
