xmin,ymin,xmax,ymax,score,label
236.50929260253906,198.4785919189453,246.72238159179688,211.24510192871094,0.15243586897850037,3
