xmin,ymin,xmax,ymax,score,label
235.8858184814453,199.01336669921875,247.59910583496094,213.17416381835938,0.15739242732524872,3
