xmin,ymin,xmax,ymax,score,label
236.19960021972656,198.80636596679688,247.32467651367188,211.7589874267578,0.0869862362742424,3
