xmin,ymin,xmax,ymax,score,label
233.5860595703125,198.2003936767578,247.74713134765625,211.90664672851562,0.05883096158504486,3
