xmin,ymin,xmax,ymax,score,label
237.64544677734375,199.60594177246094,247.79759216308594,212.0005340576172,0.07009623199701309,3
