xmin,ymin,xmax,ymax,score,label
232.30955505371094,198.2293701171875,247.28152465820312,211.94227600097656,0.050028327852487564,3
