xmin,ymin,xmax,ymax,score,label
236.8035125732422,199.58116149902344,247.66383361816406,211.27200317382812,0.058592669665813446,3
