xmin,ymin,xmax,ymax,score,label
238.1710968017578,199.70391845703125,247.3319854736328,211.67446899414062,0.06384556740522385,3
