xmin,ymin,xmax,ymax,score,label
238.34866333007812,200.36236572265625,247.1931610107422,212.0601348876953,0.0593649186193943,3
