xmin,ymin,xmax,ymax,score,label
238.4576416015625,200.9229278564453,247.19198608398438,212.19764709472656,0.06375439465045929,3
