xmin,ymin,xmax,ymax,score,label
233.97280883789062,198.31646728515625,247.44285583496094,212.4817657470703,0.0618102140724659,3
