xmin,ymin,xmax,ymax,score,label
237.43983459472656,198.2028045654297,247.14407348632812,210.65635681152344,0.14300087094306946,3
