xmin,ymin,xmax,ymax,score,label
236.7070770263672,198.19972229003906,246.9285888671875,211.1293487548828,0.18990083038806915,3
