xmin,ymin,xmax,ymax,score,label
237.4560089111328,198.14756774902344,247.2928009033203,210.69593811035156,0.0745806097984314,3
