xmin,ymin,xmax,ymax,score,label
233.02992248535156,198.29957580566406,247.1217498779297,211.5862579345703,0.11114621162414551,3
