xmin,ymin,xmax,ymax,score,label
237.75717163085938,199.7465057373047,246.79298400878906,210.9833221435547,0.08173438906669617,3
