xmin,ymin,xmax,ymax,score,label
237.09507751464844,199.89749145507812,247.17474365234375,211.5185089111328,0.15236251056194305,3
