xmin,ymin,xmax,ymax,score,label
237.8437957763672,201.24241638183594,247.32498168945312,213.05975341796875,0.16275455057621002,3
