xmin,ymin,xmax,ymax,score,label
236.12413024902344,198.70535278320312,247.74697875976562,212.65032958984375,0.05466313287615776,3
