xmin,ymin,xmax,ymax,score,label
237.49708557128906,198.30078125,246.43862915039062,210.27708435058594,0.09631473571062088,3
