xmin,ymin,xmax,ymax,score,label
235.83001708984375,199.18943786621094,247.87644958496094,212.881591796875,0.1025942787528038,3
