xmin,ymin,xmax,ymax,score,label
232.6983184814453,197.45741271972656,247.0916748046875,211.0929412841797,0.05718277767300606,3
