xmin,ymin,xmax,ymax,score,label
237.9825897216797,199.9174346923828,247.22882080078125,211.1874237060547,0.07864362001419067,3
