xmin,ymin,xmax,ymax,score,label
236.2877960205078,199.01300048828125,247.38128662109375,211.9169158935547,0.1020905077457428,3
