xmin,ymin,xmax,ymax,score,label
234.9911346435547,198.4139404296875,246.8422088623047,210.6610870361328,0.20359386503696442,3
