xmin,ymin,xmax,ymax,score,label
237.2230224609375,198.79132080078125,247.19569396972656,211.34320068359375,0.07115653902292252,3
