xmin,ymin,xmax,ymax,score,label
235.52603149414062,198.1564483642578,247.4296112060547,212.4807891845703,0.07683121412992477,3
