xmin,ymin,xmax,ymax,score,label
237.5790557861328,199.83724975585938,247.59994506835938,211.07777404785156,0.07740714401006699,3
