xmin,ymin,xmax,ymax,score,label
237.4375,198.8666229248047,247.39793395996094,210.2852020263672,0.06130065768957138,3
