xmin,ymin,xmax,ymax,score,label
234.99644470214844,198.27650451660156,247.29248046875,212.1669921875,0.08759737014770508,3
