xmin,ymin,xmax,ymax,score,label
237.78057861328125,199.09124755859375,246.7781524658203,210.7386932373047,0.16999006271362305,3
