xmin,ymin,xmax,ymax,score,label
237.5658721923828,198.6786651611328,247.19418334960938,210.3294219970703,0.1345481276512146,3
