xmin,ymin,xmax,ymax,score,label
235.95045471191406,200.87899780273438,247.20115661621094,211.77720642089844,0.06398364901542664,3
