xmin,ymin,xmax,ymax,score,label
236.2321014404297,200.04017639160156,247.07568359375,212.45387268066406,0.10746312141418457,3
