xmin,ymin,xmax,ymax,score,label
236.12881469726562,197.83250427246094,247.64353942871094,212.40040588378906,0.18060235679149628,3
