xmin,ymin,xmax,ymax,score,label
237.37005615234375,199.45848083496094,247.257568359375,211.72259521484375,0.05480344220995903,3
