xmin,ymin,xmax,ymax,score,label
235.767578125,197.9052734375,246.78225708007812,212.22964477539062,0.16343435645103455,3
