xmin,ymin,xmax,ymax,score,label
236.2834014892578,199.6764373779297,246.8110809326172,211.6002197265625,0.11855141818523407,3
