xmin,ymin,xmax,ymax,score,label
233.10426330566406,198.16636657714844,247.65052795410156,212.49923706054688,0.07699551433324814,3
