xmin,ymin,xmax,ymax,score,label
236.9705352783203,199.63328552246094,247.4104766845703,212.16136169433594,0.11892810463905334,3
