xmin,ymin,xmax,ymax,score,label
282.1324157714844,279.8252868652344,373.68701171875,309.49029541015625,0.0672222450375557,3
