xmin,ymin,xmax,ymax,score,label
233.93865966796875,198.38748168945312,247.3082275390625,212.1854705810547,0.05438770726323128,3
