xmin,ymin,xmax,ymax,score,label
234.86294555664062,198.77951049804688,247.4641571044922,212.3472137451172,0.05739159882068634,3
