xmin,ymin,xmax,ymax,score,label
234.6479034423828,198.8350830078125,247.2497100830078,212.64955139160156,0.05775788053870201,3
