xmin,ymin,xmax,ymax,score,label
236.61180114746094,199.21214294433594,247.29176330566406,211.85792541503906,0.06291568279266357,3
