xmin,ymin,xmax,ymax,score,label
237.34437561035156,198.4600067138672,246.73451232910156,210.02725219726562,0.18816986680030823,3
