xmin,ymin,xmax,ymax,score,label
237.34657287597656,198.6126251220703,246.7541046142578,210.06825256347656,0.15659497678279877,3
