xmin,ymin,xmax,ymax,score,label
235.12860107421875,199.52809143066406,247.66612243652344,212.98524475097656,0.06874807178974152,3
