xmin,ymin,xmax,ymax,score,label
232.8460693359375,199.10398864746094,247.54055786132812,212.4950714111328,0.0627041608095169,3
