xmin,ymin,xmax,ymax,score,label
237.29803466796875,199.76992797851562,246.67530822753906,211.8881072998047,0.07750764489173889,3
