xmin,ymin,xmax,ymax,score,label
237.1700897216797,199.3246307373047,247.67893981933594,211.5634002685547,0.05022893846035004,3
