xmin,ymin,xmax,ymax,score,label
233.2570343017578,198.23855590820312,247.26148986816406,211.58848571777344,0.24989499151706696,3
237.41094970703125,200.93968200683594,246.48089599609375,211.23899841308594,0.06899452209472656,3
