xmin,ymin,xmax,ymax,score,label
234.0323944091797,197.9466552734375,247.19595336914062,211.48602294921875,0.4103456437587738,3
