xmin,ymin,xmax,ymax,score,label
234.75990295410156,198.6959228515625,247.35235595703125,212.34031677246094,0.2427464723587036,3
