xmin,ymin,xmax,ymax,score,label
238.2337188720703,200.20411682128906,247.188232421875,211.635986328125,0.23382073640823364,3
