xmin,ymin,xmax,ymax,score,label
237.5061798095703,199.73060607910156,246.9875946044922,211.87603759765625,0.11168988794088364,3
