xmin,ymin,xmax,ymax,score,label
237.33177185058594,199.8501739501953,246.8499298095703,211.3312225341797,0.22215653955936432,3
