xmin,ymin,xmax,ymax,score,label
234.7981414794922,198.3934326171875,247.400390625,212.62222290039062,0.1082526296377182,3
