xmin,ymin,xmax,ymax,score,label
237.0896759033203,198.35986328125,249.07142639160156,211.8445587158203,0.06568305194377899,3
