xmin,ymin,xmax,ymax,score,label
237.2794647216797,199.04124450683594,246.55918884277344,210.82994079589844,0.08632905036211014,3
