xmin,ymin,xmax,ymax,score,label
236.7290802001953,199.849853515625,246.99197387695312,211.835205078125,0.0628698319196701,3
