xmin,ymin,xmax,ymax,score,label
236.1221923828125,198.64285278320312,247.0747528076172,211.6961212158203,0.14408506453037262,3
