xmin,ymin,xmax,ymax,score,label
235.49136352539062,198.71078491210938,247.3739013671875,212.61563110351562,0.06163843348622322,3
