xmin,ymin,xmax,ymax,score,label
235.4215087890625,198.57896423339844,247.3971405029297,211.9290008544922,0.12335634976625443,3
