xmin,ymin,xmax,ymax,score,label
235.30992126464844,198.69935607910156,247.28924560546875,212.65829467773438,0.07503427565097809,3
