xmin,ymin,xmax,ymax,score,label
237.322021484375,199.12789916992188,247.2821807861328,212.2071990966797,0.09192047268152237,3
