xmin,ymin,xmax,ymax,score,label
235.978271484375,198.17974853515625,247.31503295898438,211.17396545410156,0.10125929117202759,3
