xmin,ymin,xmax,ymax,score,label
237.57427978515625,199.1585235595703,247.45654296875,210.44898986816406,0.05050784721970558,3
