xmin,ymin,xmax,ymax,score,label
238.00572204589844,199.35427856445312,247.69570922851562,210.09373474121094,0.08435177057981491,3
