xmin,ymin,xmax,ymax,score,label
236.81907653808594,200.05914306640625,247.15997314453125,211.41819763183594,0.10968556255102158,3
