xmin,ymin,xmax,ymax,score,label
284.1725769042969,280.7002868652344,375.7685852050781,313.6079406738281,0.07131447643041611,3
