xmin,ymin,xmax,ymax,score,label
237.57785034179688,199.6676788330078,247.31097412109375,211.56565856933594,0.07123692333698273,3
