xmin,ymin,xmax,ymax,score,label
233.98876953125,198.7720947265625,247.84719848632812,212.6675567626953,0.11521454900503159,3
