xmin,ymin,xmax,ymax,score,label
234.8518524169922,198.9488067626953,247.3488006591797,213.04177856445312,0.12457643449306488,3
