xmin,ymin,xmax,ymax,score,label
237.5042724609375,199.54945373535156,246.94174194335938,211.9446258544922,0.13955596089363098,3
