xmin,ymin,xmax,ymax,score,label
235.88987731933594,198.26873779296875,247.60108947753906,212.02940368652344,0.07096923887729645,3
