xmin,ymin,xmax,ymax,score,label
235.55624389648438,198.09735107421875,247.446044921875,211.92945861816406,0.10354655236005783,3
