xmin,ymin,xmax,ymax,score,label
236.0023193359375,198.2493438720703,247.3681182861328,211.4259796142578,0.10224854201078415,3
