xmin,ymin,xmax,ymax,score,label
237.56716918945312,199.23509216308594,247.2781982421875,211.27320861816406,0.12191558629274368,3
