xmin,ymin,xmax,ymax,score,label
237.0740509033203,199.7613067626953,247.01065063476562,212.11187744140625,0.11712653189897537,3
