xmin,ymin,xmax,ymax,score,label
238.20584106445312,199.75830078125,246.75543212890625,210.91326904296875,0.0929151326417923,3
