xmin,ymin,xmax,ymax,score,label
237.7566375732422,199.09152221679688,247.35267639160156,211.976318359375,0.17717841267585754,3
