xmin,ymin,xmax,ymax,score,label
238.20567321777344,199.5762939453125,247.36029052734375,211.6089630126953,0.06759198009967804,3
