xmin,ymin,xmax,ymax,score,label
237.294189453125,199.3590850830078,247.1332550048828,211.89053344726562,0.07897178828716278,3
