xmin,ymin,xmax,ymax,score,label
234.16729736328125,198.40802001953125,247.3462371826172,212.3728485107422,0.1193208321928978,3
