xmin,ymin,xmax,ymax,score,label
233.61082458496094,198.0658416748047,247.3602752685547,212.4241180419922,0.15886694192886353,3
