xmin,ymin,xmax,ymax,score,label
232.96243286132812,197.88661193847656,247.32958984375,212.16734313964844,0.10741933435201645,3
