xmin,ymin,xmax,ymax,score,label
236.8736114501953,199.63973999023438,246.8282012939453,212.02096557617188,0.10684534162282944,3
