xmin,ymin,xmax,ymax,score,label
232.46551513671875,198.81092834472656,247.40402221679688,213.0294647216797,0.11714349687099457,3
