xmin,ymin,xmax,ymax,score,label
232.4720916748047,197.84091186523438,247.35435485839844,212.16041564941406,0.07579096406698227,3
