xmin,ymin,xmax,ymax,score,label
233.37045288085938,198.24246215820312,247.3206787109375,212.33773803710938,0.14282289147377014,3
