xmin,ymin,xmax,ymax,score,label
235.40872192382812,198.27159118652344,247.47463989257812,211.66941833496094,0.1077958419919014,3
