xmin,ymin,xmax,ymax,score,label
233.62057495117188,198.88807678222656,247.62620544433594,213.36351013183594,0.1534862071275711,3
238.26390075683594,199.50743103027344,246.41554260253906,211.0802459716797,0.06230797618627548,3
