xmin,ymin,xmax,ymax,score,label
233.8895721435547,199.1178436279297,247.53517150878906,213.15570068359375,0.11653967946767807,3
237.78697204589844,199.29920959472656,246.12197875976562,210.76979064941406,0.07496453076601028,3
