xmin,ymin,xmax,ymax,score,label
235.5392608642578,198.23326110839844,247.47032165527344,211.828369140625,0.08465506881475449,3
