xmin,ymin,xmax,ymax,score,label
235.86326599121094,198.82513427734375,247.09735107421875,212.0608367919922,0.07295883446931839,3
