xmin,ymin,xmax,ymax,score,label
233.4987335205078,198.4166717529297,247.18255615234375,212.29222106933594,0.08513347059488297,3
