xmin,ymin,xmax,ymax,score,label
236.89599609375,199.498046875,247.46072387695312,211.81280517578125,0.05096594616770744,3
