xmin,ymin,xmax,ymax,score,label
232.21603393554688,198.32469177246094,247.30799865722656,212.0546417236328,0.05218148231506348,3
