xmin,ymin,xmax,ymax,score,label
236.29331970214844,198.99658203125,247.30992126464844,212.16490173339844,0.07145628333091736,3
