xmin,ymin,xmax,ymax,score,label
237.26364135742188,200.15695190429688,246.79266357421875,210.9547576904297,0.14300912618637085,3
