xmin,ymin,xmax,ymax,score,label
236.54087829589844,198.81446838378906,246.43820190429688,210.49461364746094,0.16413910686969757,3
235.90643310546875,197.25003051757812,245.32455444335938,206.08937072753906,0.05568748340010643,3
