xmin,ymin,xmax,ymax,score,label
234.3776092529297,198.4318389892578,247.51913452148438,212.0603790283203,0.07433359324932098,3
