xmin,ymin,xmax,ymax,score,label
236.1217803955078,200.42959594726562,246.78228759765625,211.51205444335938,0.12878988683223724,3
