xmin,ymin,xmax,ymax,score,label
233.03749084472656,197.90444946289062,247.0309600830078,211.27426147460938,0.1311764419078827,3
237.5609893798828,199.77235412597656,246.2141876220703,210.34681701660156,0.08093282580375671,3
