xmin,ymin,xmax,ymax,score,label
284.8290100097656,280.34344482421875,349.6464538574219,310.55743408203125,0.07570625841617584,3
