xmin,ymin,xmax,ymax,score,label
235.8002166748047,198.01763916015625,247.14280700683594,211.3230438232422,0.06847810000181198,3
