xmin,ymin,xmax,ymax,score,label
237.89443969726562,200.1116180419922,246.73825073242188,210.6784210205078,0.07922536879777908,3
