xmin,ymin,xmax,ymax,score,label
234.9324951171875,198.18992614746094,247.5039520263672,211.76844787597656,0.051297836005687714,3
