xmin,ymin,xmax,ymax,score,label
237.32164001464844,199.5823211669922,246.85548400878906,211.26316833496094,0.05047784745693207,3
