xmin,ymin,xmax,ymax,score,label
236.657958984375,199.00059509277344,247.6797332763672,211.20567321777344,0.12750735878944397,3
