xmin,ymin,xmax,ymax,score,label
235.7209014892578,198.8195037841797,247.19512939453125,211.5332489013672,0.11023575067520142,3
