xmin,ymin,xmax,ymax,score,label
235.8271026611328,198.6588592529297,247.3074951171875,211.56881713867188,0.06450562179088593,3
