xmin,ymin,xmax,ymax,score,label
235.8660125732422,198.42230224609375,247.2847137451172,211.6693572998047,0.14629621803760529,3
