xmin,ymin,xmax,ymax,score,label
235.8543243408203,198.5936737060547,247.06832885742188,211.3865509033203,0.16846783459186554,3
