xmin,ymin,xmax,ymax,score,label
235.12242126464844,198.82171630859375,246.96353149414062,212.00025939941406,0.09079791605472565,3
