xmin,ymin,xmax,ymax,score,label
235.84178161621094,198.90843200683594,247.14503479003906,211.171630859375,0.05259183421730995,3
