xmin,ymin,xmax,ymax,score,label
236.978515625,199.0876922607422,247.0883026123047,211.79627990722656,0.06345605105161667,3
