xmin,ymin,xmax,ymax,score,label
234.6356964111328,198.8845672607422,247.26780700683594,212.42617797851562,0.15427637100219727,3
