xmin,ymin,xmax,ymax,score,label
234.22772216796875,198.30516052246094,247.42579650878906,212.4849853515625,0.16989761590957642,3
