xmin,ymin,xmax,ymax,score,label
233.7426300048828,198.82162475585938,247.55364990234375,213.11062622070312,0.11111246049404144,3
