xmin,ymin,xmax,ymax,score,label
233.77456665039062,198.63999938964844,247.58192443847656,212.76119995117188,0.08719515055418015,3
