xmin,ymin,xmax,ymax,score,label
233.57485961914062,198.88790893554688,247.07215881347656,212.34161376953125,0.14497125148773193,3
