xmin,ymin,xmax,ymax,score,label
237.17417907714844,199.01951599121094,247.4173126220703,211.00787353515625,0.31556451320648193,3
237.6051025390625,198.55575561523438,245.42210388183594,206.72171020507812,0.07587797939777374,3
