xmin,ymin,xmax,ymax,score,label
236.7543182373047,198.66261291503906,247.6420440673828,211.1834716796875,0.06589265912771225,3
