xmin,ymin,xmax,ymax,score,label
237.3958740234375,199.73663330078125,247.12368774414062,211.20416259765625,0.08925113826990128,3
