xmin,ymin,xmax,ymax,score,label
234.54180908203125,199.03826904296875,247.5968475341797,212.8922576904297,0.05130273476243019,3
