xmin,ymin,xmax,ymax,score,label
237.1542205810547,198.35157775878906,246.6318359375,210.36463928222656,0.05673912540078163,3
