xmin,ymin,xmax,ymax,score,label
235.87582397460938,199.3820037841797,247.0959930419922,211.58187866210938,0.10069472342729568,3
