xmin,ymin,xmax,ymax,score,label
233.7378692626953,198.56610107421875,247.55555725097656,212.4007110595703,0.05110831931233406,3
