xmin,ymin,xmax,ymax,score,label
233.77162170410156,197.80250549316406,247.40684509277344,211.75123596191406,0.12782426178455353,3
