xmin,ymin,xmax,ymax,score,label
238.3802947998047,199.3639678955078,247.07752990722656,211.07366943359375,0.06801488995552063,3
