xmin,ymin,xmax,ymax,score,label
236.92544555664062,199.27297973632812,247.2628936767578,211.3018035888672,0.07471265643835068,3
