xmin,ymin,xmax,ymax,score,label
237.03555297851562,199.91915893554688,246.76901245117188,210.44024658203125,0.15947748720645905,3
