xmin,ymin,xmax,ymax,score,label
233.11520385742188,197.09535217285156,247.15721130371094,211.30690002441406,0.07862863689661026,3
