xmin,ymin,xmax,ymax,score,label
234.3512725830078,199.46807861328125,247.02059936523438,210.892578125,0.11299921572208405,3
