xmin,ymin,xmax,ymax,score,label
236.99142456054688,199.3857879638672,246.7423553466797,210.4235382080078,0.0667196735739708,3
