xmin,ymin,xmax,ymax,score,label
236.9552459716797,198.26918029785156,246.20657348632812,211.39125061035156,0.10277768969535828,3
