xmin,ymin,xmax,ymax,score,label
237.56179809570312,198.4780731201172,246.7042236328125,211.2230987548828,0.148135244846344,3
