xmin,ymin,xmax,ymax,score,label
237.0113525390625,198.85202026367188,247.7254638671875,211.2864532470703,0.07146591693162918,3
