xmin,ymin,xmax,ymax,score,label
236.85638427734375,198.65769958496094,247.02711486816406,210.27395629882812,0.09916794300079346,3
