xmin,ymin,xmax,ymax,score,label
237.90933227539062,198.8144989013672,246.9983673095703,210.4530487060547,0.0816849023103714,3
