xmin,ymin,xmax,ymax,score,label
435.48675537109375,290.855712890625,567.42138671875,376.4892883300781,0.9949100613594055,8
