xmin,ymin,xmax,ymax,score,label
376.99212646484375,262.07904052734375,455.56475830078125,310.54742431640625,0.9925593137741089,8
364.6766052246094,283.38580322265625,444.06488037109375,311.0699157714844,0.1115945428609848,8
379.8558654785156,260.274169921875,455.4614562988281,306.4275207519531,0.08351995795965195,3
