xmin,ymin,xmax,ymax,score,label
484.26580810546875,346.5664367675781,640.0,462.5081787109375,0.21754220128059387,8
493.3438415527344,347.98486328125,639.3973388671875,456.8360900878906,0.08289860188961029,3
580.6105346679688,343.1065979003906,591.8531494140625,356.03179931640625,0.07471147179603577,1
