xmin,ymin,xmax,ymax,score,label
465.5269470214844,315.7810974121094,629.0625,410.80596923828125,0.9691100716590881,8
495.6558532714844,313.6229248046875,622.9426879882812,406.9779968261719,0.05612209066748619,3
