xmin,ymin,xmax,ymax,score,label
236.8617401123047,199.2305450439453,247.4163818359375,212.0817413330078,0.07369579374790192,3
