xmin,ymin,xmax,ymax,score,label
410.36761474609375,281.06878662109375,519.8336181640625,351.41705322265625,0.9788419604301453,8
412.7991638183594,282.5302429199219,522.9713134765625,348.7195129394531,0.06722661107778549,3
