xmin,ymin,xmax,ymax,score,label
361.854248046875,254.05767822265625,433.4578857421875,295.7955017089844,0.8757551312446594,8
368.5486145019531,253.42742919921875,434.15673828125,289.94622802734375,0.5373231172561646,3
352.8156433105469,269.9878234863281,419.91241455078125,298.1830749511719,0.3868686854839325,8
354.34271240234375,271.809814453125,418.16571044921875,298.91497802734375,0.08253830671310425,3
