xmin,ymin,xmax,ymax,score,label
235.1480255126953,198.0437469482422,247.68759155273438,212.49868774414062,0.054653994739055634,3
