xmin,ymin,xmax,ymax,score,label
313.9065856933594,227.78634643554688,342.95037841796875,247.66526794433594,0.9302051067352295,3
308.0785827636719,226.9740753173828,344.0116882324219,248.0777130126953,0.14862877130508423,8
320.43048095703125,228.06715393066406,341.6426086425781,239.77012634277344,0.10428589582443237,3
