xmin,ymin,xmax,ymax,score,label
323.88775634765625,231.1240692138672,358.3992004394531,254.98789978027344,0.974905788898468,3
298.12689208984375,229.67027282714844,361.5809020996094,256.53973388671875,0.051591046154499054,3
320.5481262207031,230.3792266845703,358.4230651855469,255.59640502929688,0.050130151212215424,8
