xmin,ymin,xmax,ymax,score,label
311.4324035644531,225.75331115722656,336.3648376464844,245.17929077148438,0.8202222585678101,3
306.40667724609375,225.48951721191406,337.0375671386719,246.08709716796875,0.40171563625335693,8
