xmin,ymin,xmax,ymax,score,label
355.764892578125,249.5139617919922,414.2021179199219,283.4286193847656,0.9344351291656494,8
344.5593566894531,264.8021545410156,404.88958740234375,288.38232421875,0.3409718871116638,8
358.5232238769531,248.76263427734375,413.92169189453125,277.92120361328125,0.25101158022880554,3
345.122314453125,265.96075439453125,404.21551513671875,288.8033752441406,0.06751897186040878,3
