xmin,ymin,xmax,ymax,score,label
340.3303527832031,241.43063354492188,386.3590087890625,272.0842590332031,0.7310137748718262,3
335.9353332519531,241.65603637695312,387.6482238769531,271.9660949707031,0.6204700469970703,8
