xmin,ymin,xmax,ymax,score,label
333.82763671875,236.32090759277344,374.45513916015625,265.356689453125,0.6815422177314758,8
334.2636413574219,236.29481506347656,375.07861328125,262.9472351074219,0.561993420124054,3
