xmin,ymin,xmax,ymax,score,label
326.5778503417969,232.8413848876953,366.8015441894531,259.0899353027344,0.7536823749542236,8
329.9625549316406,233.15892028808594,367.0610656738281,257.6466369628906,0.6929228901863098,3
