xmin,ymin,xmax,ymax,score,label
347.8599548339844,245.15548706054688,399.9562072753906,278.5501708984375,0.9384627342224121,8
350.51129150390625,245.23907470703125,399.06304931640625,274.8006591796875,0.31594428420066833,3
339.6063232421875,256.161865234375,392.6901550292969,280.2022399902344,0.20823699235916138,8
339.8792724609375,256.15167236328125,392.1575012207031,279.7495422363281,0.06860961019992828,3
