xmin,ymin,xmax,ymax,score,label
319.5086669921875,230.14244079589844,350.0823669433594,250.85324096679688,0.9057798385620117,3
318.7599792480469,229.5503692626953,349.3810729980469,251.9414520263672,0.2191794514656067,8
313.9393615722656,239.23301696777344,346.7490234375,252.7006378173828,0.13396230340003967,3
323.2898864746094,230.3468475341797,347.5184020996094,240.83041381835938,0.07763973623514175,3
235.71693420410156,198.5859832763672,247.51495361328125,211.96571350097656,0.05742823705077171,3
341.7955322265625,232.29139709472656,352.0757141113281,244.2500457763672,0.05503629520535469,3
