xmin,ymin,xmax,ymax,score,label
306.8687438964844,223.2402801513672,330.38763427734375,240.8997039794922,0.8374926447868347,3
299.0965881347656,222.4697723388672,331.3957824707031,241.0361785888672,0.2428639978170395,8
234.04144287109375,197.84750366210938,246.89132690429688,210.9695281982422,0.0581015981733799,3
