xmin,ymin,xmax,ymax,score,label
300.8736267089844,220.98768615722656,321.08428955078125,237.17919921875,0.8336209058761597,3
298.4394836425781,219.74266052246094,321.8690185546875,237.2156524658203,0.25584909319877625,8
305.2754821777344,220.2394256591797,321.72186279296875,231.282958984375,0.1414707750082016,3
307.2434997558594,219.8455047607422,319.6482238769531,227.18748474121094,0.06008858606219292,3
