xmin,ymin,xmax,ymax,score,label
298.5324401855469,220.97018432617188,318.2325134277344,236.14820861816406,0.8530920147895813,3
298.1955261230469,220.36363220214844,318.7142639160156,235.839599609375,0.2074190229177475,8
