xmin,ymin,xmax,ymax,score,label
281.664794921875,212.3746337890625,296.635009765625,223.65890502929688,0.8015497326850891,3
280.121337890625,210.98167419433594,296.8315734863281,223.84036254882812,0.3217596113681793,8
282.576416015625,218.31459045410156,295.47991943359375,224.7284393310547,0.29803672432899475,3
284.0148010253906,210.7103729248047,296.63580322265625,219.883544921875,0.2501278817653656,3
283.2982177734375,220.80848693847656,293.8428955078125,225.44427490234375,0.07370682805776596,3
284.8677062988281,191.11383056640625,294.98870849609375,197.21519470214844,0.05269543454051018,3
