xmin,ymin,xmax,ymax,score,label
285.97760009765625,214.32168579101562,301.0582580566406,226.31582641601562,0.8885692358016968,3
287.6620178222656,221.35714721679688,300.38720703125,227.5636444091797,0.29472655057907104,3
283.3746643066406,213.77662658691406,301.41571044921875,227.01768493652344,0.1836772859096527,8
283.6798095703125,214.50148010253906,294.56695556640625,225.36434936523438,0.09234499931335449,3
291.428466796875,214.11155700683594,302.7794189453125,223.15945434570312,0.05918978154659271,3
