xmin,ymin,xmax,ymax,score,label
304.2871398925781,220.66612243652344,324.5606689453125,238.2502899169922,0.5446634292602539,3
301.0730895996094,219.22268676757812,325.2808532714844,238.00363159179688,0.5425362586975098,8
298.9376220703125,228.73272705078125,323.4591979980469,238.97198486328125,0.14884759485721588,3
310.9442443847656,218.7607421875,324.50823974609375,227.17308044433594,0.14826002717018127,3
309.2104797363281,217.89273071289062,327.00421142578125,232.7146453857422,0.06805621832609177,3
