xmin,ymin,xmax,ymax,score,label
295.930419921875,218.4025421142578,313.3608703613281,232.7081298828125,0.6419945955276489,3
294.7622985839844,218.13905334472656,313.7451171875,233.00991821289062,0.5008314847946167,8
