xmin,ymin,xmax,ymax,score,label
290.3600158691406,214.7415313720703,306.9704284667969,228.36647033691406,0.7791591286659241,3
289.98590087890625,214.38743591308594,306.91455078125,228.1810302734375,0.2513839602470398,8
