xmin,ymin,xmax,ymax,score,label
287.8342590332031,214.6545867919922,304.4853210449219,227.6540069580078,0.8553692698478699,3
287.3565673828125,214.65634155273438,304.6316833496094,227.83323669433594,0.2590351104736328,8
289.64923095703125,219.80198669433594,303.1312255859375,228.1621856689453,0.1259864866733551,3
