xmin,ymin,xmax,ymax,score,label
283.4106750488281,213.2137908935547,298.7488708496094,225.20298767089844,0.9020799994468689,3
285.251953125,221.31578063964844,297.8707580566406,226.63722229003906,0.22869202494621277,3
280.9134216308594,212.0165252685547,299.7684020996094,225.49771118164062,0.16191062331199646,8
285.5492248535156,211.79522705078125,298.5268249511719,220.1399383544922,0.0689554437994957,3
