xmin,ymin,xmax,ymax,score,label
291.30987548828125,215.410888671875,309.59808349609375,229.6099090576172,0.5765739679336548,3
291.9698486328125,215.21322631835938,309.6724853515625,229.6473846435547,0.5219261646270752,8
236.05606079101562,197.8593292236328,247.55996704101562,211.02362060546875,0.08812011778354645,3
292.4427490234375,222.1376495361328,308.2355041503906,229.61109924316406,0.07397208362817764,3
