xmin,ymin,xmax,ymax,score,label
268.5738220214844,207.78660583496094,279.2380676269531,216.70169067382812,0.8612961769104004,3
266.73724365234375,206.97520446777344,279.25543212890625,216.5975341796875,0.25676167011260986,8
269.2452392578125,211.2855682373047,277.8476257324219,217.4456787109375,0.23794354498386383,3
238.0712432861328,202.06143188476562,246.80076599121094,212.06466674804688,0.15010936558246613,3
