xmin,ymin,xmax,ymax,score,label
270.0129089355469,208.30552673339844,280.0823974609375,216.9341278076172,0.8687876462936401,3
270.3877258300781,213.5214080810547,278.69317626953125,218.09036254882812,0.3007858693599701,3
268.9378662109375,207.42466735839844,280.1593933105469,217.09732055664062,0.254414826631546,8
238.04815673828125,201.93991088867188,246.81533813476562,212.01382446289062,0.1182636171579361,3
