xmin,ymin,xmax,ymax,score,label
275.8075866699219,211.37831115722656,286.5440979003906,220.25607299804688,0.7513288259506226,3
274.6242980957031,210.506591796875,287.05389404296875,220.55581665039062,0.35800591111183167,8
235.31109619140625,200.83847045898438,285.328857421875,221.2545928955078,0.31645655632019043,8
236.05348205566406,200.01693725585938,247.76376342773438,213.35873413085938,0.11217876523733139,3
276.9843444824219,215.14759826660156,286.09234619140625,221.68431091308594,0.09259133785963058,3
284.63616943359375,191.9440155029297,294.1982116699219,197.8909454345703,0.05199788510799408,3
