xmin,ymin,xmax,ymax,score,label
280.47979736328125,211.12025451660156,292.9718017578125,222.2432098388672,0.6751185059547424,3
278.7320251464844,210.00076293945312,293.03411865234375,221.93678283691406,0.6219843029975891,8
281.0115966796875,216.32745361328125,292.8990783691406,222.72618103027344,0.4191835820674896,3
281.203857421875,210.82064819335938,291.5232849121094,216.20457458496094,0.12160076946020126,3
239.23696899414062,200.74862670898438,288.2496337890625,222.4880828857422,0.11282044649124146,8
275.30462646484375,210.59483337402344,281.7569580078125,219.5730743408203,0.07714477181434631,8
281.634765625,218.7142791748047,291.94512939453125,223.64280700683594,0.07031171768903732,3
281.1824951171875,210.70199584960938,291.46417236328125,216.3607635498047,0.06293770670890808,8
280.91461181640625,216.22006225585938,292.8706970214844,222.6519775390625,0.051818616688251495,8
