xmin,ymin,xmax,ymax,score,label
273.4824523925781,209.74371337890625,284.9482116699219,218.21974182128906,0.7889581918716431,3
272.46746826171875,209.05946350097656,285.5285949707031,219.06130981445312,0.2276354432106018,8
237.19947814941406,197.749267578125,277.09637451171875,218.201416015625,0.17097479104995728,8
234.93882751464844,198.98927307128906,247.3568115234375,212.63612365722656,0.15356086194515228,3
273.3937072753906,213.42483520507812,283.89251708984375,219.5542449951172,0.14164026081562042,3
269.97515869140625,210.9155731201172,275.8830871582031,217.40567016601562,0.10702700912952423,3
274.51910400390625,208.86158752441406,283.9241027832031,214.242431640625,0.07792520523071289,3
277.12548828125,211.88719177246094,285.45440673828125,219.52667236328125,0.07707320153713226,3
271.8523254394531,211.15591430664062,279.2923889160156,217.8435516357422,0.07378619909286499,3
