xmin,ymin,xmax,ymax,score,label
278.72540283203125,210.75460815429688,290.5631408691406,221.75466918945312,0.803982675075531,3
276.05389404296875,210.06556701660156,290.99749755859375,221.17233276367188,0.32064226269721985,8
279.3226318359375,211.19737243652344,289.7919006347656,217.0803985595703,0.2362084984779358,3
274.75518798828125,210.93121337890625,281.0904846191406,219.08482360839844,0.06252186000347137,3
274.7180480957031,210.7043914794922,281.149658203125,219.12522888183594,0.060215458273887634,8
238.10714721679688,197.95848083496094,281.5265197753906,221.55421447753906,0.05732996389269829,8
279.4296569824219,216.21665954589844,289.6437072753906,222.4660186767578,0.05415749549865723,3
234.1100616455078,198.14642333984375,246.84710693359375,211.95150756835938,0.05331367999315262,3
