xmin,ymin,xmax,ymax,score,label
272.46356201171875,207.63311767578125,283.2044982910156,216.39840698242188,0.7569912672042847,3
271.34771728515625,206.80853271484375,283.61590576171875,216.73435974121094,0.3973679542541504,8
272.41534423828125,211.5346221923828,282.4285583496094,217.4939727783203,0.38183829188346863,3
235.7179718017578,198.1212615966797,247.00013732910156,210.86268615722656,0.2230200618505478,3
272.7729797363281,213.9771728515625,281.7669677734375,218.6942901611328,0.08701403439044952,3
239.58436584472656,200.55145263671875,245.5915985107422,209.8600311279297,0.06738430261611938,3
