xmin,ymin,xmax,ymax,score,label
271.2327880859375,208.0826873779297,281.2617492675781,216.4543914794922,0.7728847861289978,3
269.6967468261719,206.8737335205078,281.467041015625,216.75514221191406,0.36905595660209656,8
272.4729309082031,211.26670837402344,280.90966796875,217.25718688964844,0.2820359170436859,3
272.465576171875,213.85166931152344,280.3451232910156,217.8842010498047,0.22280782461166382,3
238.40113830566406,199.95494079589844,246.36822509765625,210.6990509033203,0.10831507295370102,3
