xmin,ymin,xmax,ymax,score,label
277.1865539550781,211.4987030029297,288.6185607910156,221.11427307128906,0.8400713205337524,3
275.7928161621094,210.69703674316406,288.9576110839844,221.28280639648438,0.2871701717376709,8
234.9470977783203,200.6653594970703,286.2070007324219,221.63401794433594,0.2833685278892517,8
277.25775146484375,215.73085021972656,287.4710693359375,222.24844360351562,0.06575187295675278,3
237.71804809570312,200.37948608398438,247.18356323242188,212.61048889160156,0.06180613487958908,3
237.23326110839844,198.56747436523438,280.41278076171875,221.2279052734375,0.060299262404441833,6
274.7055358886719,212.30499267578125,283.48095703125,220.22361755371094,0.05577562749385834,3
246.48826599121094,204.5956268310547,278.3663024902344,220.92677307128906,0.05079516023397446,8
