xmin,ymin,xmax,ymax,score,label
266.59588623046875,207.12384033203125,276.3697814941406,214.98031616210938,0.830406129360199,3
268.08837890625,210.36407470703125,275.88385009765625,215.63311767578125,0.32835105061531067,3
265.7477111816406,206.25030517578125,276.9341735839844,215.2932891845703,0.2211625874042511,8
261.20806884765625,207.6598358154297,267.4359436035156,214.1337127685547,0.09125347435474396,3
264.5751647949219,207.2285614013672,271.63470458984375,214.0269012451172,0.068215511739254,3
237.73260498046875,203.12599182128906,246.54086303710938,211.52378845214844,0.062103431671857834,3
268.6695251464844,212.95314025878906,275.5122985839844,217.32957458496094,0.05270981043577194,3
236.63917541503906,199.427734375,248.17918395996094,212.5531768798828,0.05035892501473427,3
