xmin,ymin,xmax,ymax,score,label
265.9413757324219,206.21652221679688,275.267822265625,213.6106414794922,0.9023945927619934,3
264.8408203125,204.9014129638672,276.04901123046875,213.89578247070312,0.14042077958583832,8
236.2080078125,198.72792053222656,249.15406799316406,211.9444122314453,0.10618805140256882,3
266.2798767089844,209.68594360351562,273.7723388671875,214.36227416992188,0.08493784070014954,3
264.1542053222656,207.2433319091797,271.017333984375,213.21044921875,0.055234093219041824,3
