xmin,ymin,xmax,ymax,score,label
263.99749755859375,206.23988342285156,273.5450439453125,212.9669189453125,0.8448637127876282,3
264.5105285644531,208.84632873535156,272.3929138183594,213.828857421875,0.21675387024879456,3
262.4067077636719,204.5749969482422,274.2138977050781,213.31546020507812,0.16615821421146393,8
260.7996520996094,203.90028381347656,273.9453430175781,213.67434692382812,0.14042353630065918,3
263.00555419921875,207.71775817871094,269.9201965332031,213.48265075683594,0.07910127937793732,3
