xmin,ymin,xmax,ymax,score,label
262.99432373046875,206.38491821289062,272.5269470214844,213.3014373779297,0.8053824305534363,3
261.2618408203125,205.07350158691406,273.3016357421875,213.8187713623047,0.1645684391260147,8
