xmin,ymin,xmax,ymax,score,label
258.552001953125,204.98353576660156,266.70654296875,211.2877960205078,0.5384085774421692,3
258.1139221191406,204.1034698486328,266.8626708984375,211.1210479736328,0.18096379935741425,8
259.6748046875,206.8578643798828,265.8751525878906,211.96771240234375,0.10429958999156952,3
257.4924011230469,205.87852478027344,263.0972900390625,211.03448486328125,0.06553445756435394,3
244.08766174316406,199.5103759765625,266.7806091308594,211.9718780517578,0.05557909980416298,8
