xmin,ymin,xmax,ymax,score,label
258.7252502441406,203.15411376953125,267.5041198730469,210.77354431152344,0.05086573585867882,3
