xmin,ymin,xmax,ymax,score,label
259.0931701660156,202.40818786621094,268.5570983886719,209.63539123535156,0.18058781325817108,3
