xmin,ymin,xmax,ymax,score,label
260.520751953125,203.8556671142578,269.7344665527344,211.10089111328125,0.6436978578567505,3
255.7698516845703,200.875732421875,270.0445251464844,211.5980987548828,0.11099700629711151,3
259.14422607421875,201.6987762451172,270.172119140625,211.5696258544922,0.10153394937515259,8
240.92068481445312,197.85704040527344,262.8017883300781,211.4283447265625,0.06125712767243385,3
240.8402862548828,198.07798767089844,264.6396789550781,211.6595916748047,0.053881172090768814,8
