xmin,ymin,xmax,ymax,score,label
262.0598449707031,205.4164276123047,271.08294677734375,212.42738342285156,0.7469456791877747,3
261.2652893066406,204.5217742919922,271.6426086425781,212.78575134277344,0.2312435805797577,8
284.82293701171875,280.4582214355469,386.38287353515625,324.1221923828125,0.09345819801092148,3
261.1509704589844,206.90774536132812,267.3996887207031,212.6300506591797,0.07323914766311646,3
