xmin,ymin,xmax,ymax,score,label
264.86627197265625,205.6893768310547,274.014404296875,213.0342559814453,0.8221869468688965,3
264.2096862792969,204.43069458007812,274.77581787109375,213.4276123046875,0.1863000988960266,8
235.7127685546875,198.18231201171875,248.21844482421875,211.34950256347656,0.06118584796786308,3
