xmin,ymin,xmax,ymax,score,label
257.88458251953125,204.48793029785156,265.58026123046875,210.66627502441406,0.2002076953649521,3
260.3799133300781,204.7394256591797,264.50933837890625,210.62451171875,0.13613277673721313,1
258.7457275390625,202.5555419921875,265.5752258300781,210.81752014160156,0.08587318658828735,1
257.5677490234375,202.95448303222656,265.7906494140625,210.5142364501953,0.07125928997993469,8
243.4872283935547,198.84959411621094,265.5857238769531,211.29937744140625,0.06499230861663818,8
257.66021728515625,204.7251434326172,263.71429443359375,210.89320373535156,0.053503550589084625,1
