xmin,ymin,xmax,ymax,score,label
252.6170654296875,201.64364624023438,261.43359375,208.54627990722656,0.43269723653793335,3
252.3649139404297,201.5565948486328,261.4134826660156,208.5726776123047,0.2759518325328827,8
238.91793823242188,200.71693420410156,254.80868530273438,210.95606994628906,0.19028514623641968,3
249.16290283203125,199.4810028076172,261.7398986816406,209.5452117919922,0.10749335587024689,3
248.6128387451172,198.83389282226562,261.7364196777344,209.29151916503906,0.08975566923618317,8
252.883056640625,204.1269989013672,260.7005310058594,209.69515991210938,0.07504349201917648,3
