xmin,ymin,xmax,ymax,score,label
251.397216796875,199.06126403808594,258.8167419433594,206.2366180419922,0.06900328397750854,3
