xmin,ymin,xmax,ymax,score,label
253.13560485839844,201.79208374023438,262.0094299316406,208.5407257080078,0.16634854674339294,3
252.86585998535156,201.7003936767578,261.993408203125,208.5897674560547,0.06539567559957504,8
