xmin,ymin,xmax,ymax,score,label
254.3418426513672,201.21641540527344,262.9168701171875,208.3731689453125,0.1895861178636551,3
254.2017059326172,201.17401123046875,262.9172668457031,208.39715576171875,0.13080981373786926,8
