xmin,ymin,xmax,ymax,score,label
251.01809692382812,198.97825622558594,258.0638732910156,205.8745574951172,0.06826642155647278,3
