xmin,ymin,xmax,ymax,score,label
252.06045532226562,199.74337768554688,260.3157958984375,207.30072021484375,0.09148262441158295,3
