xmin,ymin,xmax,ymax,score,label
255.75296020507812,201.82765197753906,264.39910888671875,208.9761505126953,0.32054412364959717,3
255.28329467773438,200.9631805419922,264.84954833984375,208.9345703125,0.30626380443573,8
