xmin,ymin,xmax,ymax,score,label
236.01795959472656,198.22378540039062,248.28717041015625,210.73179626464844,0.13571028411388397,3
