xmin,ymin,xmax,ymax,score,label
235.33766174316406,198.66163635253906,248.55657958984375,211.5811309814453,0.15509755909442902,3
