xmin,ymin,xmax,ymax,score,label
238.50885009765625,200.14512634277344,248.4297637939453,211.24746704101562,0.31163039803504944,3
