xmin,ymin,xmax,ymax,score,label
238.05813598632812,199.1931915283203,248.26034545898438,209.9414520263672,0.2255980223417282,3
