xmin,ymin,xmax,ymax,score,label
235.5624542236328,198.10655212402344,248.00906372070312,212.1465301513672,0.056659139692783356,3
