xmin,ymin,xmax,ymax,score,label
237.4146270751953,199.3413848876953,247.18728637695312,210.83656311035156,0.09494350105524063,3
