xmin,ymin,xmax,ymax,score,label
236.5410614013672,198.8143768310547,247.2376708984375,210.93309020996094,0.2662528157234192,3
