xmin,ymin,xmax,ymax,score,label
237.1658477783203,200.55787658691406,247.05789184570312,212.47401428222656,0.05806180089712143,3
