xmin,ymin,xmax,ymax,score,label
236.7886962890625,200.13851928710938,246.81776428222656,211.7590789794922,0.18818405270576477,3
