xmin,ymin,xmax,ymax,score,label
233.91778564453125,198.2164764404297,247.5121307373047,212.24330139160156,0.0721723809838295,3
