xmin,ymin,xmax,ymax,score,label
237.3231201171875,199.6482391357422,246.85440063476562,212.01319885253906,0.08699474483728409,3
