xmin,ymin,xmax,ymax,score,label
237.4830322265625,199.6975860595703,247.7476043701172,211.75466918945312,0.05940508469939232,3
