xmin,ymin,xmax,ymax,score,label
237.3451385498047,200.11485290527344,247.1738739013672,211.8756866455078,0.0839921161532402,3
