xmin,ymin,xmax,ymax,score,label
237.41046142578125,199.06507873535156,246.891845703125,211.1974334716797,0.07223230600357056,3
