xmin,ymin,xmax,ymax,score,label
238.6627655029297,200.80543518066406,247.1146697998047,211.2623748779297,0.05811387300491333,3
