xmin,ymin,xmax,ymax,score,label
235.63906860351562,198.23643493652344,247.39956665039062,211.02313232421875,0.07715368270874023,3
