xmin,ymin,xmax,ymax,score,label
238.59957885742188,200.30020141601562,246.26992797851562,210.80857849121094,0.06964433938264847,3
