xmin,ymin,xmax,ymax,score,label
237.68377685546875,200.0731658935547,247.29281616210938,211.0709228515625,0.074435755610466,3
