xmin,ymin,xmax,ymax,score,label
231.50155639648438,198.04713439941406,247.18930053710938,211.51681518554688,0.06839685142040253,3
