xmin,ymin,xmax,ymax,score,label
237.28549194335938,200.22666931152344,247.3268280029297,211.78146362304688,0.12718775868415833,3
