xmin,ymin,xmax,ymax,score,label
236.54852294921875,198.9686737060547,247.1165771484375,210.0853729248047,0.1126621663570404,3
