xmin,ymin,xmax,ymax,score,label
235.89959716796875,197.5706787109375,247.83047485351562,210.6847381591797,0.08183970302343369,3
