xmin,ymin,xmax,ymax,score,label
233.5782470703125,198.7347412109375,247.34646606445312,211.45782470703125,0.05086711049079895,3
