xmin,ymin,xmax,ymax,score,label
236.74574279785156,198.7266845703125,246.75035095214844,209.7032012939453,0.10764610767364502,3
