xmin,ymin,xmax,ymax,score,label
236.0301513671875,199.4029083251953,247.44992065429688,212.68472290039062,0.060080211609601974,3
