xmin,ymin,xmax,ymax,score,label
234.07662963867188,198.8347930908203,247.23507690429688,211.751708984375,0.08431748300790787,3
