xmin,ymin,xmax,ymax,score,label
237.2814178466797,199.57359313964844,246.87599182128906,210.9901885986328,0.13090495765209198,3
