xmin,ymin,xmax,ymax,score,label
237.2535858154297,198.98361206054688,246.59678649902344,210.47952270507812,0.055199410766363144,3
