xmin,ymin,xmax,ymax,score,label
234.74119567871094,198.42469787597656,247.77748107910156,212.0960235595703,0.06571320444345474,3
