xmin,ymin,xmax,ymax,score,label
233.35693359375,198.97596740722656,247.29144287109375,211.70091247558594,0.3789162337779999,3
238.53656005859375,198.71826171875,246.5465850830078,209.1614532470703,0.16574278473854065,3
229.71421813964844,197.82290649414062,244.4965057373047,207.842041015625,0.0609695166349411,3
