xmin,ymin,xmax,ymax,score,label
233.64273071289062,198.78868103027344,247.38624572753906,212.66525268554688,0.06182805821299553,3
