xmin,ymin,xmax,ymax,score,label
232.7421875,198.3059539794922,247.28244018554688,211.90524291992188,0.2717556059360504,3
238.4298858642578,198.690185546875,246.46597290039062,208.96998596191406,0.13303996622562408,3
229.58189392089844,197.95359802246094,242.997802734375,209.00759887695312,0.07013706117868423,3
