xmin,ymin,xmax,ymax,score,label
236.38710021972656,198.4804229736328,246.74258422851562,210.9465789794922,0.14336669445037842,3
