xmin,ymin,xmax,ymax,score,label
235.7664794921875,198.55970764160156,247.2443389892578,211.8650665283203,0.0699729397892952,3
