xmin,ymin,xmax,ymax,score,label
237.2665252685547,199.4883575439453,246.72250366210938,211.08651733398438,0.06770788133144379,3
