xmin,ymin,xmax,ymax,score,label
237.38963317871094,198.98388671875,247.31483459472656,211.18548583984375,0.09739774465560913,3
