xmin,ymin,xmax,ymax,score,label
237.4691162109375,199.4327850341797,247.35122680664062,210.93983459472656,0.22223922610282898,3
238.02798461914062,198.0198211669922,245.25025939941406,205.7583770751953,0.06404870748519897,3
