xmin,ymin,xmax,ymax,score,label
236.3251953125,199.44720458984375,247.3300018310547,211.85108947753906,0.0824335515499115,3
