xmin,ymin,xmax,ymax,score,label
233.0838623046875,197.8394012451172,247.49697875976562,211.7998046875,0.06111081317067146,3
