xmin,ymin,xmax,ymax,score,label
232.1790771484375,197.92147827148438,247.6156463623047,211.53445434570312,0.12093669176101685,3
