xmin,ymin,xmax,ymax,score,label
232.6624755859375,197.8389129638672,247.6968536376953,211.70779418945312,0.10585203021764755,3
