xmin,ymin,xmax,ymax,score,label
232.5690155029297,197.89926147460938,247.6217803955078,211.92909240722656,0.07187505066394806,3
