xmin,ymin,xmax,ymax,score,label
284.015380859375,279.7486267089844,357.3139953613281,307.4271240234375,0.16087424755096436,3
