xmin,ymin,xmax,ymax,score,label
284.48931884765625,279.00244140625,356.7633972167969,307.9034729003906,0.11838570237159729,3
