xmin,ymin,xmax,ymax,score,label
234.8886260986328,198.45736694335938,247.79470825195312,212.53598022460938,0.06934873014688492,3
