xmin,ymin,xmax,ymax,score,label
236.54248046875,199.37396240234375,246.99630737304688,210.8895721435547,0.08787868916988373,3
