xmin,ymin,xmax,ymax,score,label
233.84347534179688,198.74720764160156,247.666259765625,212.1038360595703,0.05992196127772331,3
