xmin,ymin,xmax,ymax,score,label
232.79141235351562,198.10496520996094,247.58206176757812,212.10714721679688,0.11592237651348114,3
236.33705139160156,197.86570739746094,245.38540649414062,206.91781616210938,0.06769616156816483,3
