xmin,ymin,xmax,ymax,score,label
234.09434509277344,198.6959991455078,247.65650939941406,212.4197540283203,0.07491975277662277,3
