xmin,ymin,xmax,ymax,score,label
238.3138427734375,199.6924285888672,247.02488708496094,211.1333465576172,0.06394805014133453,3
