xmin,ymin,xmax,ymax,score,label
237.25765991210938,199.46656799316406,247.11485290527344,211.80506896972656,0.05876879766583443,3
