xmin,ymin,xmax,ymax,score,label
237.88894653320312,200.2727508544922,246.46905517578125,210.5025177001953,0.07403799146413803,3
237.70436096191406,198.31802368164062,244.8005828857422,204.9560089111328,0.05994214117527008,3
