xmin,ymin,xmax,ymax,score,label
237.53981018066406,198.4351348876953,244.95077514648438,205.21681213378906,0.06552426517009735,3
237.8590545654297,199.8437957763672,246.71018981933594,210.55722045898438,0.060533471405506134,3
