xmin,ymin,xmax,ymax,score,label
237.75521850585938,199.67864990234375,246.731689453125,210.97683715820312,0.051358770579099655,3
