xmin,ymin,xmax,ymax,score,label
233.85870361328125,198.8163604736328,247.82119750976562,212.78688049316406,0.061502501368522644,3
