xmin,ymin,xmax,ymax,score,label
233.16815185546875,199.83840942382812,247.1678009033203,212.8391876220703,0.20732596516609192,3
237.49090576171875,202.12815856933594,245.9530792236328,211.6362762451172,0.05880110338330269,3
