xmin,ymin,xmax,ymax,score,label
236.14857482910156,199.35072326660156,247.04824829101562,211.18226623535156,0.06268160045146942,3
