xmin,ymin,xmax,ymax,score,label
234.352294921875,199.50840759277344,247.17601013183594,212.67625427246094,0.10082054883241653,3
