xmin,ymin,xmax,ymax,score,label
236.359130859375,198.9881591796875,246.80845642089844,211.40106201171875,0.09768785536289215,3
