xmin,ymin,xmax,ymax,score,label
234.91893005371094,198.7293243408203,247.35226440429688,212.37953186035156,0.08889726549386978,3
237.66647338867188,198.51487731933594,246.31105041503906,208.4834442138672,0.05853399634361267,3
