xmin,ymin,xmax,ymax,score,label
236.7697296142578,198.57516479492188,246.59371948242188,210.96609497070312,0.08090928196907043,3
