xmin,ymin,xmax,ymax,score,label
237.19134521484375,198.95248413085938,247.20713806152344,211.493896484375,0.06675392389297485,3
