xmin,ymin,xmax,ymax,score,label
233.5188751220703,198.28457641601562,247.21585083007812,211.9672088623047,0.11767727136611938,3
