xmin,ymin,xmax,ymax,score,label
233.74620056152344,198.5787353515625,247.52581787109375,212.62721252441406,0.12239190191030502,3
