xmin,ymin,xmax,ymax,score,label
280.8548583984375,279.3185119628906,369.8859558105469,308.48870849609375,0.050750892609357834,3
