xmin,ymin,xmax,ymax,score,label
235.15618896484375,198.3457794189453,247.4781036376953,211.9996337890625,0.18151694536209106,3
