xmin,ymin,xmax,ymax,score,label
234.91111755371094,198.36416625976562,247.4165802001953,212.17262268066406,0.4593809247016907,3
237.54190063476562,197.75222778320312,246.27867126464844,206.1064910888672,0.1070047989487648,3
239.37576293945312,201.29502868652344,246.8319091796875,211.2583770751953,0.10605300217866898,3
