xmin,ymin,xmax,ymax,score,label
233.43563842773438,197.8168182373047,247.45291137695312,212.59225463867188,0.08124534040689468,3
