xmin,ymin,xmax,ymax,score,label
233.9242401123047,198.8202362060547,247.70286560058594,212.32264709472656,0.07001175731420517,3
