xmin,ymin,xmax,ymax,score,label
233.2932891845703,198.04052734375,247.3856201171875,212.93479919433594,0.18200591206550598,3
