xmin,ymin,xmax,ymax,score,label
234.8560028076172,198.4165496826172,247.3592987060547,213.3119354248047,0.060938578099012375,3
