xmin,ymin,xmax,ymax,score,label
232.87872314453125,197.68492126464844,247.13345336914062,212.66407775878906,0.09574614465236664,3
