xmin,ymin,xmax,ymax,score,label
232.93087768554688,197.8301544189453,247.20631408691406,212.318603515625,0.06166591867804527,3
