xmin,ymin,xmax,ymax,score,label
234.61538696289062,198.9169464111328,247.610595703125,212.68655395507812,0.19139492511749268,3
