xmin,ymin,xmax,ymax,score,label
233.12644958496094,198.64675903320312,247.60752868652344,212.39186096191406,0.32445305585861206,3
237.98556518554688,200.36538696289062,247.1824493408203,211.14590454101562,0.1110268086194992,3
