xmin,ymin,xmax,ymax,score,label
235.3664093017578,198.55349731445312,247.73092651367188,212.20913696289062,0.11709510535001755,3
