xmin,ymin,xmax,ymax,score,label
235.2121124267578,198.568603515625,247.6399688720703,212.26669311523438,0.1395854502916336,3
