xmin,ymin,xmax,ymax,score,label
235.62173461914062,198.14688110351562,247.5965576171875,212.1663055419922,0.1339074671268463,3
