xmin,ymin,xmax,ymax,score,label
233.15618896484375,198.9670867919922,247.7649688720703,212.98007202148438,0.052598413079977036,3
