xmin,ymin,xmax,ymax,score,label
233.2708282470703,199.23196411132812,247.98199462890625,212.98944091796875,0.08452416956424713,3
