xmin,ymin,xmax,ymax,score,label
235.17404174804688,198.18772888183594,247.360595703125,211.89529418945312,0.0755176991224289,3
