xmin,ymin,xmax,ymax,score,label
237.6197509765625,199.84007263183594,246.7791748046875,211.1717071533203,0.10460732877254486,3
