xmin,ymin,xmax,ymax,score,label
235.5514678955078,198.2009735107422,247.30239868164062,211.87081909179688,0.09654893726110458,3
