xmin,ymin,xmax,ymax,score,label
237.448486328125,198.9560089111328,246.97467041015625,210.76234436035156,0.11767696589231491,3
