xmin,ymin,xmax,ymax,score,label
237.39479064941406,198.96206665039062,247.0342559814453,210.75296020507812,0.0641990602016449,3
