xmin,ymin,xmax,ymax,score,label
235.75363159179688,198.06321716308594,247.6197052001953,212.0810089111328,0.05066286399960518,3
