xmin,ymin,xmax,ymax,score,label
235.7382049560547,198.18296813964844,247.58184814453125,212.13934326171875,0.0613282285630703,3
