xmin,ymin,xmax,ymax,score,label
234.91172790527344,199.35450744628906,247.25254821777344,212.44644165039062,0.05428633838891983,3
