xmin,ymin,xmax,ymax,score,label
235.67665100097656,198.20620727539062,247.09982299804688,211.69297790527344,0.17085222899913788,3
238.4031982421875,197.98228454589844,245.40455627441406,207.7984619140625,0.060725633054971695,3
