xmin,ymin,xmax,ymax,score,label
234.90362548828125,199.27896118164062,247.2472686767578,212.4434814453125,0.061973605304956436,3
