xmin,ymin,xmax,ymax,score,label
233.86383056640625,198.9965362548828,247.3970184326172,212.7620086669922,0.0520407035946846,3
