xmin,ymin,xmax,ymax,score,label
233.38502502441406,198.63929748535156,247.1355438232422,212.37026977539062,0.1874990165233612,3
