xmin,ymin,xmax,ymax,score,label
234.45074462890625,198.97332763671875,247.51748657226562,212.46922302246094,0.08336882293224335,3
