xmin,ymin,xmax,ymax,score,label
234.2515869140625,198.93417358398438,247.50308227539062,212.4127960205078,0.06849490106105804,3
