xmin,ymin,xmax,ymax,score,label
233.89773559570312,199.23629760742188,247.27047729492188,212.47804260253906,0.11553163081407547,3
