xmin,ymin,xmax,ymax,score,label
235.6685028076172,199.07838439941406,247.19163513183594,211.76466369628906,0.06651296466588974,3
