xmin,ymin,xmax,ymax,score,label
234.45333862304688,198.6519317626953,247.61744689941406,212.77943420410156,0.06950528174638748,3
