xmin,ymin,xmax,ymax,score,label
234.2178192138672,198.76605224609375,247.36561584472656,212.54934692382812,0.05860190838575363,3
