xmin,ymin,xmax,ymax,score,label
233.62066650390625,198.2489013671875,247.2786865234375,212.16656494140625,0.10891173034906387,3
