xmin,ymin,xmax,ymax,score,label
234.27342224121094,198.79425048828125,247.36328125,212.599853515625,0.0776897743344307,3
