xmin,ymin,xmax,ymax,score,label
233.88157653808594,198.5883331298828,247.42672729492188,212.60765075683594,0.05061960592865944,3
