xmin,ymin,xmax,ymax,score,label
234.62890625,198.83453369140625,247.56222534179688,212.3657684326172,0.08619499951601028,3
