xmin,ymin,xmax,ymax,score,label
236.26649475097656,198.5640106201172,247.55728149414062,211.97413635253906,0.09383662790060043,3
237.6394805908203,197.70274353027344,244.98858642578125,205.153076171875,0.05020468309521675,3
