xmin,ymin,xmax,ymax,score,label
233.84744262695312,198.4980926513672,247.43638610839844,212.0867156982422,0.08492011576890945,3
