xmin,ymin,xmax,ymax,score,label
236.7313995361328,197.70095825195312,244.3447265625,204.41624450683594,0.10454531759023666,3
235.76123046875,197.92514038085938,247.3408660888672,211.54196166992188,0.10405703634023666,3
