xmin,ymin,xmax,ymax,score,label
235.07217407226562,198.32652282714844,247.80592346191406,212.44322204589844,0.06153220683336258,3
