xmin,ymin,xmax,ymax,score,label
237.34609985351562,199.26528930664062,247.0224609375,211.7041473388672,0.06889981031417847,3
