xmin,ymin,xmax,ymax,score,label
233.69122314453125,198.3968505859375,247.6396484375,212.29026794433594,0.0676053836941719,3
