xmin,ymin,xmax,ymax,score,label
236.8315887451172,199.78907775878906,247.1827850341797,211.63706970214844,0.1113121509552002,3
