xmin,ymin,xmax,ymax,score,label
237.30780029296875,199.1082305908203,246.84864807128906,211.64590454101562,0.08083569258451462,3
