xmin,ymin,xmax,ymax,score,label
235.21714782714844,198.8288116455078,247.07144165039062,212.60914611816406,0.19983938336372375,3
237.93052673339844,201.58157348632812,246.04830932617188,211.48666381835938,0.06252766400575638,3
