xmin,ymin,xmax,ymax,score,label
234.24803161621094,198.96363830566406,247.36602783203125,212.41127014160156,0.15299353003501892,3
238.7625274658203,201.70179748535156,246.33612060546875,211.4347381591797,0.05777325853705406,3
