xmin,ymin,xmax,ymax,score,label
235.52256774902344,198.38194274902344,247.0727081298828,211.97906494140625,0.2603253424167633,3
238.91014099121094,201.44337463378906,246.26686096191406,211.2382354736328,0.05769587308168411,3
