xmin,ymin,xmax,ymax,score,label
235.7315216064453,198.2032012939453,247.08921813964844,211.62435913085938,0.11864704638719559,3
