xmin,ymin,xmax,ymax,score,label
235.1903076171875,198.8727569580078,247.1227264404297,212.25656127929688,0.1198435127735138,3
