xmin,ymin,xmax,ymax,score,label
237.28457641601562,199.71173095703125,246.76400756835938,211.99334716796875,0.05552002415060997,3
