xmin,ymin,xmax,ymax,score,label
237.8029327392578,199.38002014160156,246.9928436279297,211.49717712402344,0.05134018883109093,3
