xmin,ymin,xmax,ymax,score,label
236.45407104492188,198.6494598388672,246.82505798339844,210.62730407714844,0.07047373056411743,3
