xmin,ymin,xmax,ymax,score,label
236.56771850585938,199.25753784179688,246.6592559814453,210.93666076660156,0.06500265747308731,3
