xmin,ymin,xmax,ymax,score,label
234.35987854003906,198.51158142089844,247.0838165283203,211.9961700439453,0.0657418742775917,3
