xmin,ymin,xmax,ymax,score,label
237.657958984375,199.2296600341797,247.0606231689453,211.194091796875,0.11242736876010895,3
