xmin,ymin,xmax,ymax,score,label
236.00120544433594,198.37232971191406,246.81166076660156,211.5426788330078,0.06310387700796127,3
