xmin,ymin,xmax,ymax,score,label
236.3045196533203,198.2213897705078,247.3714599609375,211.302734375,0.06917593628168106,3
