xmin,ymin,xmax,ymax,score,label
237.4765167236328,198.97821044921875,247.16114807128906,211.4957733154297,0.06629972159862518,3
