xmin,ymin,xmax,ymax,score,label
236.86297607421875,199.0873260498047,246.94776916503906,211.13665771484375,0.09899136424064636,3
