xmin,ymin,xmax,ymax,score,label
232.7327880859375,198.6692657470703,247.25392150878906,212.87574768066406,0.06548579782247543,3
