xmin,ymin,xmax,ymax,score,label
237.47801208496094,198.9738311767578,247.11761474609375,211.46009826660156,0.05969315394759178,3
