xmin,ymin,xmax,ymax,score,label
236.22315979003906,199.7584991455078,247.29238891601562,211.5673065185547,0.05827486142516136,3
