xmin,ymin,xmax,ymax,score,label
233.498046875,199.02305603027344,247.33892822265625,212.41627502441406,0.05746229365468025,3
