xmin,ymin,xmax,ymax,score,label
235.86346435546875,198.2361602783203,247.1582794189453,212.09881591796875,0.05025940388441086,3
