xmin,ymin,xmax,ymax,score,label
235.26441955566406,198.3272247314453,247.2386932373047,212.10487365722656,0.052544403821229935,3
