xmin,ymin,xmax,ymax,score,label
236.77432250976562,199.04953002929688,247.04632568359375,211.93711853027344,0.0555211640894413,3
