xmin,ymin,xmax,ymax,score,label
234.4779510498047,198.50758361816406,247.5624542236328,212.22085571289062,0.0735471248626709,3
