xmin,ymin,xmax,ymax,score,label
236.1375732421875,198.1916046142578,247.27174377441406,211.26185607910156,0.0858657956123352,3
