xmin,ymin,xmax,ymax,score,label
237.25840759277344,200.24851989746094,246.5846710205078,211.41873168945312,0.054700590670108795,3
