xmin,ymin,xmax,ymax,score,label
234.34877014160156,198.69317626953125,247.1912078857422,212.28834533691406,0.06584762036800385,3
