xmin,ymin,xmax,ymax,score,label
237.8799591064453,199.718505859375,246.75619506835938,211.33460998535156,0.06361079961061478,3
