xmin,ymin,xmax,ymax,score,label
235.84352111816406,198.54617309570312,247.45135498046875,211.88848876953125,0.05110008642077446,3
