xmin,ymin,xmax,ymax,score,label
235.08956909179688,198.45755004882812,247.68594360351562,212.07177734375,0.13378337025642395,3
