xmin,ymin,xmax,ymax,score,label
238.089111328125,199.82833862304688,247.03897094726562,211.404296875,0.06768250465393066,3
