xmin,ymin,xmax,ymax,score,label
235.26885986328125,198.4706573486328,247.62139892578125,211.9572296142578,0.10155763477087021,3
