xmin,ymin,xmax,ymax,score,label
235.21719360351562,198.409912109375,247.5552215576172,211.73756408691406,0.06705749779939651,3
