xmin,ymin,xmax,ymax,score,label
235.85443115234375,198.2705841064453,247.39358520507812,211.64413452148438,0.12527228891849518,3
