xmin,ymin,xmax,ymax,score,label
235.9854736328125,198.39108276367188,247.40480041503906,211.4899444580078,0.09949228912591934,3
