xmin,ymin,xmax,ymax,score,label
236.30467224121094,198.28787231445312,247.45565795898438,211.4592742919922,0.06906777620315552,3
