xmin,ymin,xmax,ymax,score,label
234.54539489746094,198.9607696533203,247.8975067138672,212.39166259765625,0.06597337871789932,3
