xmin,ymin,xmax,ymax,score,label
235.5186767578125,198.34695434570312,247.57659912109375,212.608642578125,0.06595515459775925,3
