xmin,ymin,xmax,ymax,score,label
235.3469696044922,199.11929321289062,247.5374298095703,212.7675323486328,0.09180402755737305,3
