xmin,ymin,xmax,ymax,score,label
235.22369384765625,199.21612548828125,247.5657958984375,212.6955108642578,0.08212054520845413,3
