xmin,ymin,xmax,ymax,score,label
235.1461944580078,198.8157501220703,247.78631591796875,212.72227478027344,0.06995885819196701,3
