xmin,ymin,xmax,ymax,score,label
233.20352172851562,198.3515167236328,247.63140869140625,212.34286499023438,0.06230495870113373,3
