xmin,ymin,xmax,ymax,score,label
234.98574829101562,198.8619842529297,247.323486328125,212.35304260253906,0.07770954072475433,3
