xmin,ymin,xmax,ymax,score,label
234.70301818847656,199.30950927734375,247.2027587890625,212.8115234375,0.06614309549331665,3
