xmin,ymin,xmax,ymax,score,label
234.69236755371094,199.3062286376953,247.19662475585938,212.8014373779297,0.06832695752382278,3
