xmin,ymin,xmax,ymax,score,label
237.2198028564453,199.5894012451172,247.1137237548828,211.7988739013672,0.1418483406305313,3
