xmin,ymin,xmax,ymax,score,label
236.92437744140625,199.4207000732422,247.3373565673828,212.04747009277344,0.06629475206136703,3
