xmin,ymin,xmax,ymax,score,label
235.42942810058594,198.15367126464844,247.62799072265625,212.35987854003906,0.08990076184272766,3
