xmin,ymin,xmax,ymax,score,label
234.82980346679688,199.15907287597656,247.4732666015625,212.89633178710938,0.11073323339223862,3
