xmin,ymin,xmax,ymax,score,label
234.0995330810547,199.103515625,247.41893005371094,212.9821014404297,0.08104056864976883,3
