xmin,ymin,xmax,ymax,score,label
234.47885131835938,199.04188537597656,247.4561767578125,212.9411163330078,0.05159533768892288,3
