xmin,ymin,xmax,ymax,score,label
234.8368682861328,198.95545959472656,247.84921264648438,212.7371063232422,0.07830684632062912,3
