xmin,ymin,xmax,ymax,score,label
234.9142303466797,198.94972229003906,247.74539184570312,212.75657653808594,0.07608294486999512,3
