xmin,ymin,xmax,ymax,score,label
235.4025115966797,198.2626953125,247.75418090820312,211.9026641845703,0.05387444049119949,3
