xmin,ymin,xmax,ymax,score,label
233.60594177246094,199.0120391845703,247.84242248535156,212.2736358642578,0.07304190844297409,3
