xmin,ymin,xmax,ymax,score,label
235.6330108642578,198.2747344970703,247.5974578857422,211.9978790283203,0.057459283620119095,3
