xmin,ymin,xmax,ymax,score,label
237.68177795410156,199.69532775878906,247.46905517578125,210.71934509277344,0.05292612686753273,3
