xmin,ymin,xmax,ymax,score,label
235.3644561767578,198.21339416503906,247.4362030029297,212.18035888671875,0.08155810087919235,3
