xmin,ymin,xmax,ymax,score,label
235.83209228515625,198.5985107421875,247.42881774902344,212.31541442871094,0.0720209851861,3
