xmin,ymin,xmax,ymax,score,label
235.97740173339844,198.37672424316406,247.3651123046875,211.85691833496094,0.09756947308778763,3
