xmin,ymin,xmax,ymax,score,label
235.1431121826172,198.37887573242188,247.21609497070312,212.58815002441406,0.05999727174639702,3
