xmin,ymin,xmax,ymax,score,label
237.51023864746094,199.3942108154297,246.99070739746094,211.43138122558594,0.07660692930221558,3
