xmin,ymin,xmax,ymax,score,label
235.3500213623047,198.16456604003906,247.28724670410156,212.2114715576172,0.08526980131864548,3
