xmin,ymin,xmax,ymax,score,label
235.88392639160156,198.26373291015625,247.3102569580078,211.6966094970703,0.09199930727481842,3
