xmin,ymin,xmax,ymax,score,label
236.3828125,199.54617309570312,246.9887237548828,212.19740295410156,0.07451584190130234,3
