xmin,ymin,xmax,ymax,score,label
234.64422607421875,198.8190155029297,247.45675659179688,212.4883270263672,0.06067221239209175,3
