xmin,ymin,xmax,ymax,score,label
237.21485900878906,199.87257385253906,246.8762969970703,212.070068359375,0.058394819498062134,3
