xmin,ymin,xmax,ymax,score,label
233.27243041992188,198.677001953125,247.09173583984375,211.8496856689453,0.0602119117975235,3
