xmin,ymin,xmax,ymax,score,label
234.42210388183594,199.52212524414062,247.12562561035156,212.4602508544922,0.08610314875841141,3
