xmin,ymin,xmax,ymax,score,label
235.1799774169922,198.51742553710938,247.18487548828125,211.9385528564453,0.09737522155046463,3
