xmin,ymin,xmax,ymax,score,label
233.13388061523438,198.37149047851562,247.82424926757812,212.6287841796875,0.05497550964355469,3
