xmin,ymin,xmax,ymax,score,label
235.34378051757812,198.61314392089844,247.37197875976562,212.0514373779297,0.10587984323501587,3
