xmin,ymin,xmax,ymax,score,label
234.3185272216797,199.58338928222656,247.3171844482422,212.772705078125,0.052650198340415955,3
