xmin,ymin,xmax,ymax,score,label
236.9886932373047,199.65089416503906,247.14581298828125,211.76515197753906,0.05819542706012726,3
