xmin,ymin,xmax,ymax,score,label
234.147705078125,198.82786560058594,247.7558135986328,212.2574462890625,0.05931543558835983,3
