xmin,ymin,xmax,ymax,score,label
237.37533569335938,199.6698455810547,246.9398193359375,211.16429138183594,0.129713237285614,3
