xmin,ymin,xmax,ymax,score,label
237.54632568359375,199.2934112548828,246.8692169189453,211.2507781982422,0.10904916375875473,3
