xmin,ymin,xmax,ymax,score,label
235.55104064941406,198.46359252929688,247.2720184326172,212.39495849609375,0.08456048369407654,3
