xmin,ymin,xmax,ymax,score,label
234.05462646484375,198.7305450439453,247.5537872314453,212.87973022460938,0.10940993577241898,3
