xmin,ymin,xmax,ymax,score,label
238.02159118652344,200.0279083251953,247.3171844482422,211.771484375,0.08070403337478638,3
