xmin,ymin,xmax,ymax,score,label
237.43577575683594,201.4282684326172,247.23538208007812,211.19317626953125,0.06272558867931366,3
