xmin,ymin,xmax,ymax,score,label
234.55264282226562,198.68504333496094,247.67507934570312,212.57058715820312,0.1108008474111557,3
