xmin,ymin,xmax,ymax,score,label
237.37904357910156,198.98435974121094,247.48658752441406,211.6503143310547,0.05817250907421112,3
