xmin,ymin,xmax,ymax,score,label
235.2618408203125,198.7749786376953,247.6416473388672,211.9947967529297,0.08340886980295181,3
