xmin,ymin,xmax,ymax,score,label
234.39273071289062,198.61209106445312,247.50975036621094,212.96925354003906,0.07550156116485596,3
