xmin,ymin,xmax,ymax,score,label
233.25531005859375,198.3530731201172,247.73309326171875,212.1866912841797,0.08062980324029922,3
