xmin,ymin,xmax,ymax,score,label
236.36984252929688,198.81419372558594,247.0138702392578,211.6042938232422,0.0760793685913086,3
