xmin,ymin,xmax,ymax,score,label
238.08721923828125,199.00120544433594,247.13389587402344,211.8214111328125,0.058821722865104675,3
