xmin,ymin,xmax,ymax,score,label
236.38153076171875,197.57351684570312,246.94215393066406,211.15496826171875,0.2305528223514557,3
