xmin,ymin,xmax,ymax,score,label
232.31300354003906,198.1036834716797,247.5387725830078,212.72128295898438,0.11688059568405151,3
