xmin,ymin,xmax,ymax,score,label
236.3118133544922,199.0938262939453,247.230224609375,211.8873291015625,0.056551493704319,3
