xmin,ymin,xmax,ymax,score,label
236.89405822753906,198.22262573242188,246.91952514648438,211.05831909179688,0.19430145621299744,3
