xmin,ymin,xmax,ymax,score,label
237.9433135986328,199.71229553222656,246.6763916015625,211.2218780517578,0.07341387867927551,3
229.83023071289062,197.3402557373047,245.38967895507812,211.53338623046875,0.05372576043009758,3
