xmin,ymin,xmax,ymax,score,label
236.02737426757812,198.86436462402344,247.63160705566406,211.914794921875,0.2091948390007019,3
