xmin,ymin,xmax,ymax,score,label
238.40802001953125,199.97482299804688,246.67630004882812,211.35116577148438,0.08834385871887207,3
232.4303741455078,198.0477752685547,246.40855407714844,211.90260314941406,0.06758783757686615,3
