xmin,ymin,xmax,ymax,score,label
235.9539337158203,198.88267517089844,247.6501922607422,211.908203125,0.2528124451637268,3
239.76881408691406,201.07028198242188,247.15609741210938,210.80699157714844,0.06665271520614624,3
