xmin,ymin,xmax,ymax,score,label
234.7238311767578,198.47537231445312,247.2428436279297,212.43324279785156,0.2597287595272064,3
