xmin,ymin,xmax,ymax,score,label
236.05368041992188,198.7489471435547,247.28924560546875,211.7919158935547,0.05034792050719261,3
