xmin,ymin,xmax,ymax,score,label
233.5113525390625,198.6984100341797,247.7589111328125,212.69671630859375,0.05323716998100281,3
