xmin,ymin,xmax,ymax,score,label
235.64015197753906,198.41029357910156,247.45310974121094,212.14898681640625,0.09013401716947556,3
