xmin,ymin,xmax,ymax,score,label
235.8902587890625,198.08961486816406,247.10446166992188,212.01742553710938,0.054718274623155594,3
