xmin,ymin,xmax,ymax,score,label
237.23464965820312,199.7573699951172,247.05262756347656,211.065185546875,0.07318801432847977,3
