xmin,ymin,xmax,ymax,score,label
237.58055114746094,199.90792846679688,247.1712646484375,211.61749267578125,0.10204707831144333,3
