xmin,ymin,xmax,ymax,score,label
237.77789306640625,198.4495849609375,247.46246337890625,210.4214630126953,0.1252974271774292,3
