xmin,ymin,xmax,ymax,score,label
233.76678466796875,199.04063415527344,247.58795166015625,212.23011779785156,0.17076805233955383,3
