xmin,ymin,xmax,ymax,score,label
235.32470703125,198.06167602539062,247.4369659423828,211.68325805664062,0.06248704716563225,3
