xmin,ymin,xmax,ymax,score,label
235.83489990234375,199.86697387695312,247.248291015625,211.23814392089844,0.08097188174724579,3
