xmin,ymin,xmax,ymax,score,label
235.4143829345703,198.36607360839844,247.90896606445312,211.83212280273438,0.06323665380477905,3
