xmin,ymin,xmax,ymax,score,label
235.49424743652344,198.6720733642578,247.7310028076172,212.75611877441406,0.05570947378873825,3
