xmin,ymin,xmax,ymax,score,label
235.25283813476562,199.14913940429688,247.5921173095703,213.25306701660156,0.0856044739484787,3
