xmin,ymin,xmax,ymax,score,label
235.40689086914062,198.39291381835938,247.93397521972656,212.23602294921875,0.06721708923578262,3
