xmin,ymin,xmax,ymax,score,label
235.42733764648438,199.01170349121094,247.45892333984375,212.27040100097656,0.07328084856271744,3
