xmin,ymin,xmax,ymax,score,label
234.13877868652344,199.12110900878906,247.2159881591797,212.8783721923828,0.05365823581814766,3
