xmin,ymin,xmax,ymax,score,label
236.7479248046875,199.3612518310547,246.7850799560547,211.5029754638672,0.05441124364733696,3
