xmin,ymin,xmax,ymax,score,label
236.79225158691406,199.1699981689453,247.68344116210938,211.4859619140625,0.0702681690454483,3
