xmin,ymin,xmax,ymax,score,label
237.49899291992188,198.8995361328125,247.1685028076172,211.74522399902344,0.16059228777885437,3
