xmin,ymin,xmax,ymax,score,label
233.66246032714844,198.30177307128906,247.7516326904297,212.38214111328125,0.25714996457099915,3
