xmin,ymin,xmax,ymax,score,label
234.511962890625,198.50259399414062,247.6646270751953,212.5189208984375,0.08576223999261856,3
