xmin,ymin,xmax,ymax,score,label
235.23118591308594,198.39109802246094,247.3731689453125,212.07388305664062,0.2042701691389084,3
