xmin,ymin,xmax,ymax,score,label
233.71702575683594,198.2460174560547,247.71206665039062,212.35589599609375,0.19281527400016785,3
239.00364685058594,199.11427307128906,247.1643829345703,211.15792846679688,0.060729045420885086,3
