xmin,ymin,xmax,ymax,score,label
235.61912536621094,199.02139282226562,247.74380493164062,212.05941772460938,0.12867245078086853,3
