xmin,ymin,xmax,ymax,score,label
234.83956909179688,198.1231689453125,248.07791137695312,212.4690704345703,0.2165929526090622,3
