xmin,ymin,xmax,ymax,score,label
235.7775115966797,198.89710998535156,247.8359832763672,212.1519775390625,0.3365761935710907,3
