xmin,ymin,xmax,ymax,score,label
236.2344512939453,199.04811096191406,247.94546508789062,211.8314971923828,0.1429586112499237,3
