xmin,ymin,xmax,ymax,score,label
236.986083984375,199.5864715576172,247.2429962158203,211.83274841308594,0.09795119613409042,3
