xmin,ymin,xmax,ymax,score,label
238.39462280273438,199.49136352539062,247.01417541503906,211.88339233398438,0.0685688853263855,3
