xmin,ymin,xmax,ymax,score,label
237.947509765625,199.0634002685547,246.90965270996094,211.7931365966797,0.05369538068771362,3
