xmin,ymin,xmax,ymax,score,label
237.15768432617188,199.63308715820312,247.24014282226562,211.86329650878906,0.08512530475854874,3
