xmin,ymin,xmax,ymax,score,label
237.94100952148438,199.0892791748047,247.03125,211.82888793945312,0.07078003138303757,3
