xmin,ymin,xmax,ymax,score,label
234.15635681152344,198.99671936035156,247.91720581054688,212.67401123046875,0.14765426516532898,3
