xmin,ymin,xmax,ymax,score,label
232.71090698242188,198.5721435546875,247.9158477783203,212.3712615966797,0.05045890063047409,3
