xmin,ymin,xmax,ymax,score,label
232.6836395263672,198.57118225097656,246.91140747070312,212.56373596191406,0.05091023072600365,3
