xmin,ymin,xmax,ymax,score,label
237.09251403808594,199.98361206054688,247.03648376464844,211.4479217529297,0.0737905353307724,3
