xmin,ymin,xmax,ymax,score,label
237.44544982910156,199.9559783935547,247.15574645996094,211.18905639648438,0.11433474719524384,3
