xmin,ymin,xmax,ymax,score,label
234.7878875732422,198.95135498046875,247.3642578125,212.5647735595703,0.08587218075990677,3
