xmin,ymin,xmax,ymax,score,label
236.77088928222656,199.71109008789062,246.96112060546875,211.23153686523438,0.05928532034158707,3
