xmin,ymin,xmax,ymax,score,label
234.53082275390625,199.00555419921875,247.1442108154297,212.22396850585938,0.4551989436149597,3
236.52145385742188,198.03614807128906,246.2046661376953,207.99053955078125,0.13563700020313263,3
