xmin,ymin,xmax,ymax,score,label
234.29833984375,199.1595001220703,246.842529296875,212.1918487548828,0.3334190547466278,3
237.7787628173828,198.34072875976562,245.52597045898438,209.6420440673828,0.08246036618947983,3
236.21197509765625,197.85630798339844,244.37945556640625,205.99095153808594,0.0672655701637268,3
