xmin,ymin,xmax,ymax,score,label
234.71185302734375,199.0656280517578,247.0966339111328,212.03927612304688,0.3707290291786194,3
236.09039306640625,198.1196746826172,244.78085327148438,206.46165466308594,0.11865177750587463,3
238.9780731201172,200.7050323486328,246.45436096191406,210.98800659179688,0.0847959965467453,3
