xmin,ymin,xmax,ymax,score,label
233.67340087890625,198.8404998779297,247.1201629638672,212.321533203125,0.22086134552955627,3
