xmin,ymin,xmax,ymax,score,label
233.22113037109375,198.87562561035156,247.29078674316406,212.5734405517578,0.26767054200172424,3
