xmin,ymin,xmax,ymax,score,label
231.88124084472656,198.41717529296875,246.8903350830078,212.2374267578125,0.09636027365922928,3
237.88905334472656,199.10574340820312,246.64601135253906,210.32626342773438,0.07913621515035629,3
