xmin,ymin,xmax,ymax,score,label
236.33314514160156,199.2832489013672,246.74099731445312,211.67849731445312,0.08708259463310242,3
