xmin,ymin,xmax,ymax,score,label
231.49693298339844,198.22598266601562,247.0361785888672,212.12144470214844,0.09646395593881607,3
238.1551971435547,199.6091766357422,246.53167724609375,210.68544006347656,0.06728406995534897,3
