xmin,ymin,xmax,ymax,score,label
231.34356689453125,198.0945281982422,247.06951904296875,212.26568603515625,0.06487835943698883,3
