xmin,ymin,xmax,ymax,score,label
235.86631774902344,199.28369140625,246.6678009033203,211.48719787597656,0.0721077099442482,3
