xmin,ymin,xmax,ymax,score,label
237.6766357421875,199.8670654296875,247.16432189941406,211.37721252441406,0.12269127368927002,3
