xmin,ymin,xmax,ymax,score,label
237.67286682128906,199.57861328125,246.93617248535156,211.60055541992188,0.07585663348436356,3
