xmin,ymin,xmax,ymax,score,label
235.31362915039062,198.4162139892578,247.4190216064453,212.15438842773438,0.16286960244178772,3
