xmin,ymin,xmax,ymax,score,label
237.46717834472656,199.78294372558594,247.1416473388672,211.53114318847656,0.08100421726703644,3
