xmin,ymin,xmax,ymax,score,label
232.92095947265625,198.794921875,247.5711669921875,212.197509765625,0.08331096172332764,3
