xmin,ymin,xmax,ymax,score,label
234.3631134033203,199.4407958984375,247.3609619140625,212.8209991455078,0.06323015689849854,3
