xmin,ymin,xmax,ymax,score,label
237.3594207763672,198.9678497314453,246.88047790527344,210.97825622558594,0.0719965249300003,3
