xmin,ymin,xmax,ymax,score,label
233.9713592529297,197.821044921875,247.60897827148438,212.19801330566406,0.051219746470451355,3
