xmin,ymin,xmax,ymax,score,label
234.1328125,197.9969024658203,247.50311279296875,212.04852294921875,0.14879320561885834,3
