xmin,ymin,xmax,ymax,score,label
234.86244201660156,198.61842346191406,247.50857543945312,212.56666564941406,0.06616318970918655,3
