xmin,ymin,xmax,ymax,score,label
232.29832458496094,198.7098388671875,247.45985412597656,212.5478515625,0.08550751954317093,3
