xmin,ymin,xmax,ymax,score,label
235.1793212890625,198.21861267089844,247.33053588867188,212.70559692382812,0.058786697685718536,3
