xmin,ymin,xmax,ymax,score,label
235.08050537109375,198.2512969970703,247.296142578125,212.5665283203125,0.051971472799777985,3
