xmin,ymin,xmax,ymax,score,label
237.25640869140625,199.1225128173828,247.41258239746094,212.03170776367188,0.05786266550421715,3
