xmin,ymin,xmax,ymax,score,label
237.49610900878906,198.89710998535156,247.10794067382812,211.92140197753906,0.05830176919698715,3
