xmin,ymin,xmax,ymax,score,label
238.05767822265625,199.28724670410156,247.14576721191406,211.34799194335938,0.05812564864754677,3
