xmin,ymin,xmax,ymax,score,label
237.7382049560547,199.1976318359375,246.8998565673828,211.35968017578125,0.08479607105255127,3
