xmin,ymin,xmax,ymax,score,label
236.8970489501953,198.78466796875,247.64395141601562,211.55906677246094,0.10594719648361206,3
