xmin,ymin,xmax,ymax,score,label
234.21209716796875,199.36474609375,247.74395751953125,212.8054656982422,0.1627773493528366,3
