xmin,ymin,xmax,ymax,score,label
235.85128784179688,199.39468383789062,247.50701904296875,212.793212890625,0.12215384840965271,3
238.75973510742188,198.49037170410156,246.98114013671875,208.00888061523438,0.05625493451952934,3
