xmin,ymin,xmax,ymax,score,label
238.11196899414062,200.3348846435547,247.16270446777344,211.4266815185547,0.08410556614398956,3
