xmin,ymin,xmax,ymax,score,label
237.91299438476562,199.53294372558594,247.1246795654297,211.31883239746094,0.07652943581342697,3
