xmin,ymin,xmax,ymax,score,label
232.41851806640625,198.5924835205078,247.45663452148438,212.8262176513672,0.07879141718149185,3
