xmin,ymin,xmax,ymax,score,label
232.13650512695312,198.3976287841797,247.43992614746094,212.7392120361328,0.07687357813119888,3
