xmin,ymin,xmax,ymax,score,label
237.36228942871094,199.36753845214844,247.28482055664062,211.44583129882812,0.05748233199119568,3
