xmin,ymin,xmax,ymax,score,label
237.87684631347656,199.8965606689453,246.98133850097656,211.44114685058594,0.06365310400724411,3
