xmin,ymin,xmax,ymax,score,label
237.38565063476562,199.32569885253906,247.3979949951172,211.54908752441406,0.06317064166069031,3
