xmin,ymin,xmax,ymax,score,label
237.86900329589844,199.63418579101562,247.0021209716797,211.6455078125,0.05084165185689926,3
