xmin,ymin,xmax,ymax,score,label
234.13906860351562,198.90826416015625,247.5727996826172,213.17562866210938,0.056894559413194656,3
