xmin,ymin,xmax,ymax,score,label
232.7640380859375,198.7262725830078,247.59515380859375,212.77061462402344,0.10016683489084244,3
