xmin,ymin,xmax,ymax,score,label
234.27005004882812,198.49880981445312,247.6647491455078,212.45748901367188,0.0703197792172432,3
