xmin,ymin,xmax,ymax,score,label
236.82022094726562,199.39109802246094,246.70175170898438,211.83010864257812,0.07184281945228577,3
