xmin,ymin,xmax,ymax,score,label
234.3623504638672,199.3460235595703,247.30047607421875,213.38265991210938,0.11328494548797607,3
