xmin,ymin,xmax,ymax,score,label
237.16529846191406,198.84852600097656,247.68409729003906,211.7637481689453,0.15863732993602753,3
