xmin,ymin,xmax,ymax,score,label
234.42274475097656,199.158203125,247.3836212158203,213.3631591796875,0.07426899671554565,3
