xmin,ymin,xmax,ymax,score,label
235.3921661376953,198.27427673339844,247.684326171875,212.3513641357422,0.05089404806494713,3
