xmin,ymin,xmax,ymax,score,label
236.99600219726562,199.62681579589844,247.65643310546875,211.221923828125,0.13896526396274567,3
