xmin,ymin,xmax,ymax,score,label
235.37417602539062,198.1007537841797,247.8084259033203,211.8553009033203,0.07294489443302155,3
