xmin,ymin,xmax,ymax,score,label
233.66368103027344,198.6540069580078,247.18228149414062,213.18089294433594,0.09870988130569458,3
