xmin,ymin,xmax,ymax,score,label
236.24537658691406,199.4982147216797,247.5272674560547,211.6285858154297,0.05118701979517937,3
