xmin,ymin,xmax,ymax,score,label
236.65086364746094,199.47000122070312,247.38465881347656,211.45480346679688,0.07336366176605225,3
