xmin,ymin,xmax,ymax,score,label
232.43649291992188,198.39686584472656,247.42172241210938,213.06617736816406,0.05175086855888367,3
