xmin,ymin,xmax,ymax,score,label
233.83251953125,198.53134155273438,247.41766357421875,212.89967346191406,0.09639453887939453,3
