xmin,ymin,xmax,ymax,score,label
233.8094940185547,198.48748779296875,247.37088012695312,213.069091796875,0.10103505849838257,3
