xmin,ymin,xmax,ymax,score,label
232.831298828125,198.56321716308594,247.34400939941406,212.5941162109375,0.10206928849220276,3
