xmin,ymin,xmax,ymax,score,label
232.6627655029297,198.55015563964844,247.17848205566406,212.3171844482422,0.07441222667694092,3
