xmin,ymin,xmax,ymax,score,label
234.00277709960938,198.98915100097656,247.59710693359375,212.33489990234375,0.12253061681985855,3
