xmin,ymin,xmax,ymax,score,label
234.87083435058594,198.49281311035156,247.59109497070312,211.9810333251953,0.15031538903713226,3
