xmin,ymin,xmax,ymax,score,label
235.10174560546875,198.4825897216797,247.79188537597656,212.17930603027344,0.09906502813100815,3
