xmin,ymin,xmax,ymax,score,label
235.12460327148438,198.44866943359375,247.82150268554688,212.17681884765625,0.0900680422782898,3
