xmin,ymin,xmax,ymax,score,label
237.5452117919922,199.3336639404297,247.19754028320312,211.95358276367188,0.07391625642776489,3
