xmin,ymin,xmax,ymax,score,label
233.43101501464844,198.31053161621094,247.2560272216797,212.3858184814453,0.07357148826122284,3
