xmin,ymin,xmax,ymax,score,label
233.7584991455078,199.0687255859375,247.6883544921875,212.9209747314453,0.058361299335956573,3
