xmin,ymin,xmax,ymax,score,label
237.84774780273438,199.43247985839844,247.91525268554688,210.58985900878906,0.08487974107265472,3
