xmin,ymin,xmax,ymax,score,label
234.510986328125,198.60316467285156,247.7332763671875,212.0164794921875,0.055425893515348434,3
