xmin,ymin,xmax,ymax,score,label
235.7067413330078,198.29092407226562,247.03599548339844,211.96084594726562,0.05871334671974182,3
