xmin,ymin,xmax,ymax,score,label
236.5637969970703,199.3656768798828,247.00425720214844,211.5434112548828,0.2084149867296219,3
