xmin,ymin,xmax,ymax,score,label
236.94244384765625,199.48733520507812,247.14955139160156,211.0929718017578,0.12398189306259155,3
