xmin,ymin,xmax,ymax,score,label
235.82669067382812,198.4707794189453,246.8797607421875,211.7073974609375,0.10538730025291443,3
