xmin,ymin,xmax,ymax,score,label
234.368408203125,199.2252655029297,247.64859008789062,212.37428283691406,0.09275143593549728,3
