xmin,ymin,xmax,ymax,score,label
234.08045959472656,199.19175720214844,247.5862274169922,213.04031372070312,0.08206957578659058,3
