xmin,ymin,xmax,ymax,score,label
237.32476806640625,199.21640014648438,247.19680786132812,211.57850646972656,0.07870341092348099,3
