xmin,ymin,xmax,ymax,score,label
234.57212829589844,198.67147827148438,247.66073608398438,212.4912567138672,0.11246366053819656,3
