xmin,ymin,xmax,ymax,score,label
233.72918701171875,198.54783630371094,247.59732055664062,212.77938842773438,0.1280973255634308,3
