xmin,ymin,xmax,ymax,score,label
233.11985778808594,198.47885131835938,247.8115234375,212.29188537597656,0.05377093702554703,3
