xmin,ymin,xmax,ymax,score,label
233.1979522705078,198.7692108154297,247.53880310058594,212.59613037109375,0.12578901648521423,3
