xmin,ymin,xmax,ymax,score,label
232.90469360351562,198.13986206054688,247.84210205078125,212.24282836914062,0.05479510873556137,3
