xmin,ymin,xmax,ymax,score,label
233.02252197265625,198.49180603027344,247.69239807128906,212.53086853027344,0.1103627011179924,3
