xmin,ymin,xmax,ymax,score,label
234.4287567138672,198.6351318359375,247.82473754882812,212.4274444580078,0.08183632045984268,3
