xmin,ymin,xmax,ymax,score,label
233.2922821044922,198.25833129882812,247.7716064453125,212.5251007080078,0.08544299751520157,3
