xmin,ymin,xmax,ymax,score,label
235.1881561279297,198.9726104736328,247.34182739257812,212.27391052246094,0.13750095665454865,3
