xmin,ymin,xmax,ymax,score,label
235.62884521484375,198.5574493408203,247.8858642578125,212.15805053710938,0.12598206102848053,3
