xmin,ymin,xmax,ymax,score,label
234.89205932617188,198.4339141845703,247.66539001464844,212.49539184570312,0.10222648084163666,3
