xmin,ymin,xmax,ymax,score,label
237.18943786621094,199.53384399414062,247.03182983398438,211.49188232421875,0.21607162058353424,3
