xmin,ymin,xmax,ymax,score,label
233.29818725585938,198.25209045410156,247.2092742919922,212.3828125,0.12446518242359161,3
237.06097412109375,196.5657958984375,244.19126892089844,204.42596435546875,0.054539479315280914,3
