xmin,ymin,xmax,ymax,score,label
234.73330688476562,198.32081604003906,247.47032165527344,212.41256713867188,0.07794191688299179,3
