xmin,ymin,xmax,ymax,score,label
234.8995819091797,197.8749237060547,247.37399291992188,211.9265594482422,0.09624601900577545,3
