xmin,ymin,xmax,ymax,score,label
234.55892944335938,198.52145385742188,247.64443969726562,212.76332092285156,0.16029854118824005,3
