xmin,ymin,xmax,ymax,score,label
235.37440490722656,197.7619171142578,247.208251953125,211.7229461669922,0.08666827529668808,3
