xmin,ymin,xmax,ymax,score,label
235.3788604736328,198.1781463623047,247.0143585205078,212.0689697265625,0.13832645118236542,3
237.725830078125,198.45718383789062,245.53536987304688,208.6989288330078,0.06932805478572845,3
238.6190185546875,201.64390563964844,246.64215087890625,211.53477478027344,0.0649498999118805,3
