xmin,ymin,xmax,ymax,score,label
236.00169372558594,199.1835174560547,247.37371826171875,212.0730743408203,0.31872257590293884,3
239.37063598632812,201.6262664794922,245.90089416503906,211.51077270507812,0.1252363622188568,3
237.01966857910156,196.98370361328125,243.9342803955078,204.95436096191406,0.08204323053359985,3
238.49447631835938,198.4132537841797,245.78912353515625,208.5406036376953,0.07448194921016693,3
