xmin,ymin,xmax,ymax,score,label
235.4199981689453,198.12245178222656,247.0818328857422,211.93797302246094,0.10349851101636887,3
