xmin,ymin,xmax,ymax,score,label
235.525390625,198.69119262695312,247.00437927246094,211.5994415283203,0.5892519950866699,3
239.28665161132812,201.1085662841797,246.48727416992188,210.6100311279297,0.31448251008987427,3
237.23570251464844,197.64305114746094,244.5811767578125,205.4494171142578,0.16316097974777222,3
239.7494354248047,198.75509643554688,246.42955017089844,206.74607849121094,0.06553780287504196,3
