xmin,ymin,xmax,ymax,score,label
235.13656616210938,198.796630859375,247.17327880859375,212.1128692626953,0.05101162940263748,3
