xmin,ymin,xmax,ymax,score,label
237.98472595214844,199.56671142578125,247.06910705566406,210.90159606933594,0.05708976462483406,3
