xmin,ymin,xmax,ymax,score,label
235.83311462402344,197.9518585205078,247.52786254882812,211.76510620117188,0.06152370572090149,3
