xmin,ymin,xmax,ymax,score,label
233.66574096679688,198.53004455566406,247.66114807128906,212.45272827148438,0.08542169630527496,3
