xmin,ymin,xmax,ymax,score,label
234.02381896972656,199.1550750732422,247.52981567382812,212.76995849609375,0.16338381171226501,3
238.25502014160156,195.45423889160156,245.81764221191406,202.20578002929688,0.14181475341320038,3
