xmin,ymin,xmax,ymax,score,label
237.5613555908203,200.19822692871094,247.28326416015625,212.12066650390625,0.059662628918886185,3
