xmin,ymin,xmax,ymax,score,label
237.2197723388672,199.7651824951172,247.3277130126953,212.2018585205078,0.12961776554584503,3
