xmin,ymin,xmax,ymax,score,label
235.9634552001953,197.5724639892578,248.0839385986328,212.25344848632812,0.0733550488948822,3
238.1649932861328,195.68190002441406,245.37547302246094,202.5692596435547,0.07002898305654526,3
