xmin,ymin,xmax,ymax,score,label
234.0790252685547,199.3592987060547,247.45822143554688,212.55181884765625,0.1405756026506424,3
240.01243591308594,193.92318725585938,247.3296661376953,200.73162841796875,0.05882563069462776,3
239.15220642089844,201.8335418701172,247.06764221191406,211.3643341064453,0.05039848014712334,3
