xmin,ymin,xmax,ymax,score,label
234.51319885253906,198.43260192871094,247.61753845214844,212.12591552734375,0.05289602652192116,3
