xmin,ymin,xmax,ymax,score,label
233.5711212158203,198.34046936035156,247.1795654296875,211.75257873535156,0.056172411888837814,3
