xmin,ymin,xmax,ymax,score,label
234.88174438476562,198.9401092529297,248.2791290283203,212.57066345214844,0.11995942145586014,3
