xmin,ymin,xmax,ymax,score,label
235.29074096679688,198.6245880126953,248.23321533203125,212.3245391845703,0.07092603296041489,3
