xmin,ymin,xmax,ymax,score,label
237.36595153808594,199.15208435058594,247.78952026367188,212.05348205566406,0.09014160186052322,3
