xmin,ymin,xmax,ymax,score,label
235.93185424804688,198.52235412597656,248.58425903320312,211.4185028076172,0.20017768442630768,3
