xmin,ymin,xmax,ymax,score,label
235.761474609375,198.50074768066406,248.5278778076172,212.0236358642578,0.05483347922563553,3
