xmin,ymin,xmax,ymax,score,label
253.63055419921875,198.2938232421875,265.27947998046875,207.12220764160156,0.5334967970848083,8
235.1348876953125,198.80526733398438,248.17886352539062,212.1017608642578,0.190740704536438,3
254.83566284179688,198.1268310546875,265.27978515625,206.7745361328125,0.18846866488456726,3
237.54876708984375,199.24232482910156,257.15496826171875,212.07765197753906,0.07318270951509476,3
235.1191864013672,203.2942657470703,245.85726928710938,211.29385375976562,0.072662353515625,3
238.6632843017578,198.87298583984375,253.40077209472656,206.9024200439453,0.06269153952598572,3
