xmin,ymin,xmax,ymax,score,label
258.84814453125,199.16078186035156,270.66748046875,208.8960723876953,0.3592927157878876,8
259.51031494140625,200.34939575195312,270.50469970703125,208.97857666015625,0.24153971672058105,3
