xmin,ymin,xmax,ymax,score,label
253.2120819091797,197.476806640625,264.6434020996094,206.66012573242188,0.3230409324169159,3
234.090576171875,199.04515075683594,247.71092224121094,212.5530242919922,0.2553916871547699,3
253.46881103515625,197.33050537109375,264.5910339355469,207.1397247314453,0.20968256890773773,8
235.2649688720703,202.64466857910156,246.00595092773438,211.0877227783203,0.15577775239944458,3
237.00613403320312,198.85121154785156,255.10067749023438,212.08592224121094,0.06879869848489761,3
237.66519165039062,199.52633666992188,250.2607879638672,208.9743194580078,0.06360728293657303,3
