xmin,ymin,xmax,ymax,score,label
252.93997192382812,198.12338256835938,263.9417724609375,206.6855010986328,0.18138892948627472,3
252.56866455078125,197.9188232421875,263.9968566894531,206.81668090820312,0.17628853023052216,8
235.31703186035156,198.48965454101562,248.2471160888672,211.5841064453125,0.13949955999851227,3
