xmin,ymin,xmax,ymax,score,label
255.47325134277344,198.86085510253906,266.54473876953125,207.9647216796875,0.23474624752998352,8
255.89479064941406,199.13182067871094,266.5326232910156,207.84130859375,0.06876468658447266,3
