xmin,ymin,xmax,ymax,score,label
252.91232299804688,198.58164978027344,265.6150817871094,207.7510223388672,0.37602654099464417,8
254.4171600341797,199.6621856689453,264.9060363769531,207.55685424804688,0.17134957015514374,3
244.94302368164062,197.60313415527344,265.4006652832031,208.9876708984375,0.06392309069633484,8
233.84014892578125,199.64588928222656,247.60498046875,213.136474609375,0.06367342174053192,3
