xmin,ymin,xmax,ymax,score,label
256.41925048828125,199.29454040527344,267.10894775390625,207.70040893554688,0.16288024187088013,3
256.07647705078125,199.05540466308594,267.0888977050781,207.80616760253906,0.15350042283535004,8
