xmin,ymin,xmax,ymax,score,label
237.4147186279297,199.1190185546875,247.62258911132812,212.11895751953125,0.0815127044916153,3
