xmin,ymin,xmax,ymax,score,label
256.3454895019531,198.29786682128906,268.10662841796875,208.6470947265625,0.3401680886745453,8
257.4107971191406,199.4093780517578,267.3519592285156,207.82830810546875,0.18260549008846283,3
