xmin,ymin,xmax,ymax,score,label
258.7918701171875,198.936279296875,269.5982971191406,209.02854919433594,0.1342172920703888,8
259.10601806640625,199.3520965576172,269.6453552246094,209.13304138183594,0.08086095005273819,3
