xmin,ymin,xmax,ymax,score,label
265.12762451171875,201.01426696777344,278.5302429199219,211.7994384765625,0.17311449348926544,3
264.5824890136719,200.63262939453125,278.45513916015625,211.89991760253906,0.08410937339067459,8
