xmin,ymin,xmax,ymax,score,label
265.5972900390625,202.35348510742188,280.59490966796875,212.5805206298828,0.6791252493858337,3
267.328857421875,201.9010467529297,280.6871643066406,212.8844451904297,0.34353819489479065,8
262.898681640625,206.0238800048828,269.63226318359375,211.8838348388672,0.31857800483703613,3
263.8045349121094,205.22080993652344,273.8238830566406,212.3060760498047,0.21161289513111115,3
234.52432250976562,199.31109619140625,247.08837890625,213.23728942871094,0.07325568050146103,3
