xmin,ymin,xmax,ymax,score,label
257.8362731933594,199.5933074951172,271.2864685058594,209.7010955810547,0.18107233941555023,8
258.3999938964844,200.0022735595703,271.3986511230469,209.7958526611328,0.11976119130849838,3
