xmin,ymin,xmax,ymax,score,label
263.2401123046875,199.71435546875,274.85052490234375,210.87327575683594,0.3854518532752991,8
262.6912536621094,200.6367645263672,274.701171875,211.2843475341797,0.12613995373249054,3
260.9866943359375,205.22727966308594,264.49560546875,209.5044403076172,0.10491803288459778,1
259.7911071777344,205.54025268554688,263.2607421875,209.8220672607422,0.08397389948368073,1
260.08203125,204.51878356933594,266.15374755859375,211.09242248535156,0.05299307033419609,1
