xmin,ymin,xmax,ymax,score,label
263.0589904785156,200.86959838867188,275.756103515625,211.27613830566406,0.2375750094652176,3
262.58270263671875,200.55776977539062,275.7274475097656,211.34132385253906,0.11942580342292786,8
