xmin,ymin,xmax,ymax,score,label
265.7518310546875,201.43431091308594,279.53857421875,212.08963012695312,0.3314969837665558,3
265.37451171875,201.2437286376953,279.43695068359375,212.1165313720703,0.16447173058986664,8
