xmin,ymin,xmax,ymax,score,label
260.1014404296875,199.72828674316406,272.40911865234375,209.8505096435547,0.0993502289056778,8
