xmin,ymin,xmax,ymax,score,label
261.2001647949219,199.31219482421875,274.1288757324219,210.62445068359375,0.3045467734336853,8
261.5605163574219,200.463623046875,273.8113098144531,210.8957977294922,0.16673271358013153,3
259.1356201171875,205.38238525390625,263.0945129394531,210.19732666015625,0.09094459563493729,1
260.50848388671875,204.92271423339844,264.28668212890625,209.884765625,0.06830234080553055,1
