xmin,ymin,xmax,ymax,score,label
259.34283447265625,200.16854858398438,271.93359375,209.25042724609375,0.11114668846130371,3
258.8912658691406,199.9304962158203,271.9341735839844,209.33181762695312,0.10747052729129791,8
