xmin,ymin,xmax,ymax,score,label
262.4334716796875,200.5507049560547,276.48736572265625,211.3939208984375,0.34234827756881714,8
262.9884948730469,200.88328552246094,276.5295715332031,211.37705993652344,0.3362768292427063,3
261.2688293457031,205.40724182128906,265.8316650390625,210.88543701171875,0.09603383392095566,1
260.0113525390625,203.6146240234375,267.0110168457031,210.93504333496094,0.056256573647260666,1
