xmin,ymin,xmax,ymax,score,label
270.1739196777344,201.99127197265625,284.5924072265625,213.27928161621094,0.6679580211639404,8
270.3870849609375,202.26698303222656,284.6591796875,213.28558349609375,0.28697091341018677,3
265.1542053222656,205.96363830566406,271.36968994140625,211.940673828125,0.23117540776729584,3
266.80999755859375,203.12998962402344,275.63677978515625,212.59115600585938,0.2082805633544922,8
266.0283203125,204.5131072998047,274.5843505859375,212.5686798095703,0.20775999128818512,3
265.76739501953125,204.32102966308594,272.308837890625,211.8575439453125,0.11186462640762329,8
236.08670043945312,198.1881866455078,247.6493377685547,211.61000061035156,0.06803297996520996,3
