xmin,ymin,xmax,ymax,score,label
280.5134582519531,204.17254638671875,294.0718688964844,217.36712646484375,0.6956769227981567,8
271.6430358886719,208.45603942871094,278.33514404296875,215.13661193847656,0.3475826382637024,3
280.6286926269531,205.85397338867188,294.1055603027344,218.12913513183594,0.22644048929214478,3
272.5782165527344,209.29891967773438,281.7705078125,215.92250061035156,0.13375669717788696,3
272.2606506347656,202.79034423828125,287.73748779296875,215.9730224609375,0.09717736393213272,8
272.7808532714844,211.64773559570312,280.1003723144531,216.5139923095703,0.08059395104646683,3
281.9886474609375,210.04342651367188,291.3913879394531,217.40921020507812,0.07080737501382828,3
271.84796142578125,207.75730895996094,280.8316955566406,215.5044403076172,0.05758126825094223,8
271.7782897949219,206.1632843017578,287.5496520996094,216.7683563232422,0.05346766486763954,3
