xmin,ymin,xmax,ymax,score,label
273.0491027832031,202.1322479248047,286.2608337402344,213.9546661376953,0.6130114197731018,8
266.91571044921875,207.3307647705078,273.1758117675781,212.88113403320312,0.5215912461280823,3
273.5860595703125,202.22080993652344,286.3860168457031,213.8650360107422,0.48937660455703735,3
265.38690185546875,206.6493377685547,271.002197265625,212.31019592285156,0.166860431432724,3
267.9149169921875,208.01846313476562,274.69476318359375,214.2882080078125,0.09012793004512787,3
267.28277587890625,205.06021118164062,274.28411865234375,213.19195556640625,0.08739855140447617,8
274.5371398925781,208.4556427001953,284.7699279785156,214.5142364501953,0.06111133471131325,3
