xmin,ymin,xmax,ymax,score,label
275.50048828125,203.6696014404297,288.8337097167969,215.25706481933594,0.3720801770687103,8
273.78021240234375,204.68869018554688,288.73748779296875,215.2195281982422,0.2820417284965515,3
269.5589599609375,207.33680725097656,276.577880859375,213.76513671875,0.27167993783950806,3
268.0637512207031,207.20382690429688,273.8441467285156,213.37210083007812,0.11969947814941406,3
280.07012939453125,205.7480010986328,288.0115051269531,215.23890686035156,0.06687748432159424,3
