xmin,ymin,xmax,ymax,score,label
266.2591857910156,201.78147888183594,282.0536804199219,212.828125,0.4204612970352173,3
266.72564697265625,201.47560119628906,282.18408203125,212.86700439453125,0.4087103307247162,8
264.1745300292969,205.81822204589844,271.0354309082031,211.91275024414062,0.05636685714125633,3
