xmin,ymin,xmax,ymax,score,label
266.3667907714844,202.31198120117188,283.0615539550781,213.2950897216797,0.5818490386009216,3
268.0855407714844,201.7403564453125,283.0982360839844,213.56321716308594,0.41326582431793213,8
264.9842224121094,205.87786865234375,271.7598571777344,212.06375122070312,0.2926401197910309,3
265.3284912109375,204.68020629882812,275.9328918457031,212.6031494140625,0.22961823642253876,3
266.09893798828125,203.20346069335938,277.9363708496094,212.66983032226562,0.07314255833625793,8
264.95574951171875,205.73489379882812,271.8636474609375,211.9781036376953,0.05333508923649788,8
