xmin,ymin,xmax,ymax,score,label
281.3253173828125,204.46510314941406,295.6117248535156,218.22715759277344,0.545272707939148,8
273.5835266113281,208.72232055664062,281.4192810058594,216.15928649902344,0.2032163441181183,3
280.90069580078125,204.39657592773438,295.8631591796875,217.8846435546875,0.07896050810813904,3
273.43072509765625,205.6859588623047,285.3734130859375,216.91851806640625,0.06290262192487717,8
234.1123046875,199.25157165527344,247.7108917236328,212.98609924316406,0.05242837965488434,3
