xmin,ymin,xmax,ymax,score,label
273.91552734375,202.75648498535156,288.4120788574219,214.80804443359375,0.42051804065704346,8
274.75421142578125,203.11436462402344,288.5959167480469,214.88587951660156,0.38629966974258423,3
267.9832458496094,208.02957153320312,273.57196044921875,213.5260772705078,0.25546902418136597,3
268.7721252441406,206.77015686035156,275.35345458984375,214.18508911132812,0.2162213772535324,3
266.8496398925781,207.2611541748047,271.7067565917969,213.0015106201172,0.12173475325107574,3
268.26666259765625,203.3992156982422,283.7566833496094,214.47567749023438,0.10162638127803802,3
268.24639892578125,202.84022521972656,284.0527038574219,214.3546905517578,0.0734197348356247,8
279.947509765625,205.30015563964844,287.7129821777344,215.1891632080078,0.061259154230356216,3
