xmin,ymin,xmax,ymax,score,label
278.1548767089844,205.40760803222656,299.32574462890625,219.25856018066406,0.505790114402771,8
277.6705017089844,205.5811004638672,299.49871826171875,219.4041748046875,0.2290586233139038,3
274.87567138671875,209.17115783691406,285.2797546386719,217.64491271972656,0.12159749120473862,3
275.27484130859375,207.16036987304688,290.7278137207031,218.56378173828125,0.0837259292602539,3
275.3883056640625,206.67221069335938,291.1374816894531,218.40158081054688,0.05793483555316925,8
