xmin,ymin,xmax,ymax,score,label
280.78411865234375,205.4051971435547,297.6817626953125,218.81129455566406,0.7363395690917969,8
274.1572265625,208.67909240722656,283.9391784667969,216.69064331054688,0.44987359642982483,3
274.4085693359375,206.63934326171875,290.4047546386719,217.88949584960938,0.16989195346832275,3
279.93743896484375,206.52032470703125,297.2391052246094,219.26022338867188,0.13909503817558289,3
274.43292236328125,206.01171875,290.8092346191406,217.61830139160156,0.11793968081474304,8
235.44822692871094,198.2935791015625,247.408935546875,211.8665313720703,0.11687276512384415,3
275.10028076171875,211.72120666503906,283.6763916015625,218.3558807373047,0.07383263856172562,3
274.0146484375,208.76882934570312,285.4320068359375,216.96444702148438,0.06302794069051743,8
274.7456970214844,199.1712188720703,299.38134765625,218.260009765625,0.058912716805934906,8
