xmin,ymin,xmax,ymax,score,label
285.9271545410156,207.26820373535156,309.7169494628906,223.87074279785156,0.7431496381759644,8
283.2320556640625,209.76536560058594,296.7381286621094,221.5299530029297,0.4490564465522766,3
283.228515625,207.95472717285156,309.7666931152344,223.5177001953125,0.32896238565444946,3
282.4610290527344,211.65753173828125,291.0200500488281,220.42601013183594,0.24560801684856415,3
283.56915283203125,209.44424438476562,301.4935302734375,222.08273315429688,0.23009303212165833,8
294.4859313964844,211.56460571289062,309.3924865722656,224.22950744628906,0.10393404215574265,3
283.97821044921875,215.2131805419922,292.3515625,222.1251220703125,0.05139954760670662,3
