xmin,ymin,xmax,ymax,score,label
290.07391357421875,207.92959594726562,307.52410888671875,223.18894958496094,0.8061882257461548,8
281.2519836425781,211.74981689453125,289.3136901855469,220.1860809326172,0.6213712096214294,3
282.24530029296875,211.0322265625,293.677490234375,221.1894989013672,0.4619247615337372,3
291.154052734375,208.367919921875,307.0128173828125,222.98028564453125,0.2572592496871948,3
282.3666076660156,209.68287658691406,296.2091369628906,221.41036987304688,0.2522846460342407,8
279.8730163574219,212.9189453125,286.7583923339844,219.57904052734375,0.08306986093521118,3
282.89349365234375,209.6442413330078,304.4666748046875,221.66221618652344,0.06005832180380821,3
282.0751953125,211.8452911376953,291.3821105957031,220.4995574951172,0.05719565227627754,8
291.79736328125,212.14451599121094,303.38909912109375,223.1044464111328,0.05487107113003731,8
