xmin,ymin,xmax,ymax,score,label
280.1087341308594,205.4290008544922,301.2265930175781,219.5486602783203,0.7508507966995239,8
279.2783508300781,206.0645751953125,301.10186767578125,219.858642578125,0.21860863268375397,3
277.1799011230469,211.0465087890625,285.8619689941406,218.3603973388672,0.1681225299835205,3
276.1526794433594,209.60418701171875,289.158935546875,219.8535614013672,0.10556621104478836,3
235.53260803222656,198.13539123535156,247.53164672851562,212.0889434814453,0.08146440237760544,3
284.26971435546875,211.54966735839844,299.904052734375,220.14401245117188,0.07281915098428726,3
283.5645751953125,211.0879364013672,299.9373474121094,219.96188354492188,0.061647411435842514,8
