xmin,ymin,xmax,ymax,score,label
330.7420654296875,225.28077697753906,372.2619934082031,254.86373901367188,0.8297542333602905,8
338.6341247558594,227.62232971191406,363.6044616699219,253.1859893798828,0.5028396844863892,3
348.765380859375,225.18276977539062,390.39434814453125,262.30462646484375,0.49468183517456055,8
338.7008361816406,226.8807830810547,362.2955322265625,252.76031494140625,0.3276340067386627,8
326.9102783203125,230.20054626464844,346.6946716308594,243.51173400878906,0.19747993350028992,3
327.96710205078125,228.42843627929688,357.52252197265625,249.83351135253906,0.07423096150159836,3
328.0511169433594,231.18267822265625,334.99383544921875,241.78224182128906,0.06750199943780899,1
238.3933563232422,199.4073944091797,246.85101318359375,211.4914093017578,0.05568580701947212,3
328.59027099609375,227.82730102539062,350.1934509277344,247.9398956298828,0.050816088914871216,8
