xmin,ymin,xmax,ymax,score,label
325.0257568359375,221.11764526367188,376.6872863769531,254.3133087158203,0.951042115688324,8
319.657958984375,224.20555114746094,357.05828857421875,249.2520294189453,0.6064772009849548,8
320.42034912109375,224.9521484375,349.94720458984375,247.8999786376953,0.18632297217845917,3
320.5733642578125,226.76260375976562,345.0843200683594,245.52537536621094,0.06739373505115509,8
348.1784362792969,221.828369140625,377.33062744140625,255.6293487548828,0.05319876968860626,3
