xmin,ymin,xmax,ymax,score,label
326.4569396972656,220.6868896484375,370.4283447265625,251.90878295898438,0.9606180787086487,8
318.7518005371094,222.00059509277344,350.05126953125,245.93350219726562,0.4765692353248596,8
319.41119384765625,223.36068725585938,344.21759033203125,243.02035522460938,0.1570516973733902,3
339.147216796875,219.92869567871094,370.73455810546875,251.14935302734375,0.1479930728673935,6
317.4755554199219,226.57257080078125,335.2839660644531,239.074462890625,0.1331024467945099,3
233.01480102539062,198.52255249023438,247.2212677001953,212.5166473388672,0.09227855503559113,3
336.0596618652344,221.0689239501953,371.2566833496094,250.9561309814453,0.07105832546949387,3
317.4921875,225.47044372558594,335.6520080566406,238.84310913085938,0.06475340574979782,8
