xmin,ymin,xmax,ymax,score,label
337.5602111816406,225.6349334716797,399.0832824707031,265.32275390625,0.9335137009620667,8
331.6807556152344,233.63702392578125,338.9731140136719,244.19473266601562,0.4353957772254944,1
331.91510009765625,228.9302520751953,373.3908996582031,256.52911376953125,0.1572088599205017,8
