xmin,ymin,xmax,ymax,score,label
340.2453308105469,228.24632263183594,408.19122314453125,269.4364013671875,0.8948100805282593,8
372.68328857421875,228.87466430664062,410.177734375,270.4128112792969,0.7417687177658081,8
336.9840393066406,229.92120361328125,381.7331237792969,260.6888122558594,0.6031048893928528,8
352.3975830078125,230.9237060546875,376.3612976074219,259.6471252441406,0.359322190284729,8
351.7890930175781,230.4989776611328,376.3646240234375,258.27911376953125,0.2569737434387207,3
335.2276611328125,233.90940856933594,360.7501525878906,248.51295471191406,0.08775441348552704,3
336.0473937988281,229.73141479492188,383.4421691894531,257.19775390625,0.06731083244085312,3
335.6871032714844,235.89939880371094,344.6604919433594,246.29330444335938,0.05681284889578819,1
334.1900634765625,232.50433349609375,370.6246032714844,252.7160186767578,0.05283384770154953,8
