xmin,ymin,xmax,ymax,score,label
353.48565673828125,230.09494018554688,419.05523681640625,274.8122863769531,0.9545523524284363,8
351.6804504394531,233.69642639160156,384.9430236816406,267.30633544921875,0.5777466297149658,8
357.4975891113281,234.08575439453125,381.8409118652344,262.9197082519531,0.24205505847930908,3
339.91778564453125,237.5050506591797,347.4075927734375,248.29080200195312,0.16201147437095642,1
338.73577880859375,236.54563903808594,360.0068054199219,249.26597595214844,0.05664747953414917,8
355.1895446777344,233.47103881835938,399.844970703125,267.3932189941406,0.056114617735147476,3
