xmin,ymin,xmax,ymax,score,label
333.4886474609375,219.2522735595703,359.9251708984375,247.61512756347656,0.8828800320625305,8
319.2400817871094,221.3778839111328,336.98968505859375,241.80897521972656,0.6117140650749207,8
315.2543029785156,219.81890869140625,354.0841979980469,245.790771484375,0.2570934295654297,8
315.72216796875,222.34539794921875,337.5711669921875,241.38731384277344,0.24070191383361816,3
313.3787536621094,227.3128204345703,326.2182922363281,237.15594482421875,0.1371433287858963,3
313.1532287597656,222.04379272460938,330.6168518066406,237.51495361328125,0.1327476054430008,3
313.1369323730469,221.2771453857422,331.1863098144531,237.79336547851562,0.08539564162492752,8
335.9266662597656,224.81317138671875,359.4839172363281,247.15049743652344,0.0637945756316185,3
335.9187316894531,218.2108917236328,360.0976257324219,248.2613983154297,0.05918096378445625,6
