xmin,ymin,xmax,ymax,score,label
419.5252685546875,263.7406921386719,589.6581420898438,357.24285888671875,0.9803194403648376,8
417.6212463378906,262.95123291015625,508.82861328125,323.14764404296875,0.8409077525138855,8
473.3920593261719,264.1678466796875,515.8041381835938,286.53875732421875,0.2672618627548218,8
468.0376281738281,267.5533142089844,589.9461059570312,358.48004150390625,0.21052755415439606,6
433.6671447753906,264.21466064453125,497.3671569824219,325.6416015625,0.14003832638263702,3
442.11077880859375,260.92962646484375,528.3828125,338.78704833984375,0.0649639442563057,8
395.4114685058594,264.4437255859375,431.8844299316406,280.12725830078125,0.05046319216489792,8
