xmin,ymin,xmax,ymax,score,label
356.587890625,236.87977600097656,447.9508361816406,287.09710693359375,0.9830159544944763,8
358.9572448730469,239.2655792236328,406.7076721191406,276.23614501953125,0.24572190642356873,8
368.1392822265625,240.26077270507812,397.16522216796875,269.9814758300781,0.20053888857364655,3
395.82012939453125,239.81997680664062,405.3502197265625,274.7198486328125,0.19627435505390167,1
350.2340393066406,241.3004608154297,358.9698181152344,254.08982849121094,0.09093927592039108,1
