xmin,ymin,xmax,ymax,score,label
353.7352294921875,233.7277374267578,431.6986389160156,281.189208984375,0.9912723898887634,8
345.927490234375,239.1237335205078,353.42816162109375,251.02566528320312,0.5204594135284424,1
357.9061584472656,235.6879119873047,399.1402587890625,270.77178955078125,0.19839327037334442,8
356.1239929199219,237.68775939941406,389.24920654296875,265.5577392578125,0.09207359701395035,3
345.8576965332031,237.49188232421875,387.49237060546875,264.8227844238281,0.07347458600997925,8
