xmin,ymin,xmax,ymax,score,label
444.2393798828125,296.1004943847656,635.6866455078125,399.2627868652344,0.9322227239608765,8
537.1640625,306.51068115234375,640.0,399.7400207519531,0.4647313952445984,8
553.5626831054688,303.50384521484375,640.0,353.4636535644531,0.08133236318826675,8
454.98358154296875,294.9053649902344,525.2200927734375,329.0252380371094,0.05187060311436653,8
540.630615234375,309.56292724609375,639.999755859375,399.836181640625,0.05123722553253174,3
