xmin,ymin,xmax,ymax,score,label
582.6174926757812,369.8904113769531,638.2756958007812,445.3931579589844,0.14326578378677368,3
