xmin,ymin,xmax,ymax,score,label
509.43756103515625,333.2165222167969,633.302490234375,383.9715270996094,0.2308771163225174,8
528.630126953125,337.08721923828125,587.0130615234375,374.6921691894531,0.12272521108388901,8
533.7685546875,336.59295654296875,624.1450805664062,365.6925048828125,0.10330414026975632,8
