xmin,ymin,xmax,ymax,score,label
563.5613403320312,355.9655456542969,639.91943359375,408.0044860839844,0.7697715163230896,8
574.7053833007812,359.1819763183594,638.3287353515625,408.3912048339844,0.261650025844574,3
563.7579345703125,356.3729248046875,609.289794921875,393.984619140625,0.14816509187221527,8
564.8021240234375,357.079345703125,607.3118896484375,393.69281005859375,0.09092963486909866,3
