xmin,ymin,xmax,ymax,score,label
591.4359130859375,316.65411376953125,639.8798828125,415.7613525390625,0.47869133949279785,3
532.1851806640625,320.44873046875,635.5771484375,409.1719055175781,0.4513791501522064,8
464.042236328125,301.9287109375,634.4774780273438,410.3541564941406,0.3794192969799042,8
573.870361328125,322.710693359375,638.3687744140625,385.3515319824219,0.24425828456878662,3
585.008544921875,319.69482421875,639.342041015625,406.6968078613281,0.20204536616802216,8
557.9957275390625,326.2845458984375,620.6165161132812,377.4934997558594,0.10155648738145828,8
550.0101318359375,324.2803039550781,628.953369140625,407.2593994140625,0.09559113532304764,3
559.1033325195312,327.9179992675781,618.40673828125,376.44049072265625,0.05705219507217407,3
