xmin,ymin,xmax,ymax,score,label
431.0160217285156,284.6374206542969,628.9277954101562,399.5172119140625,0.9679204225540161,8
522.053466796875,288.90557861328125,638.004638671875,407.7430725097656,0.35783112049102783,8
433.20343017578125,286.32244873046875,494.02703857421875,309.19720458984375,0.2576163113117218,8
552.5748901367188,290.26434326171875,619.2086181640625,324.15728759765625,0.20978479087352753,8
590.0501708984375,315.610595703125,639.53076171875,410.2334289550781,0.19212903082370758,3
549.4800415039062,290.8298645019531,625.3840942382812,359.8723449707031,0.09236233681440353,8
448.7673645019531,287.9949645996094,619.7440185546875,352.7176208496094,0.08458016067743301,8
587.60595703125,310.06304931640625,638.303955078125,408.9969787597656,0.06362274289131165,8
310.2436218261719,242.74192810058594,618.6453247070312,393.40606689453125,0.05889100953936577,8
