xmin,ymin,xmax,ymax,score,label
234.6377410888672,198.7762451171875,247.69589233398438,212.61741638183594,0.12652847170829773,3
