xmin,ymin,xmax,ymax,score,label
234.16685485839844,198.72740173339844,247.5774688720703,212.3286895751953,0.11335369944572449,3
