xmin,ymin,xmax,ymax,score,label
235.04800415039062,198.8162078857422,247.50498962402344,212.3502197265625,0.10765525698661804,3
