xmin,ymin,xmax,ymax,score,label
235.36312866210938,199.20338439941406,247.64520263671875,213.12152099609375,0.0897986888885498,3
