xmin,ymin,xmax,ymax,score,label
237.80801391601562,199.79063415527344,247.02096557617188,211.2843780517578,0.05313555896282196,3
