xmin,ymin,xmax,ymax,score,label
237.99415588378906,199.64414978027344,246.9989471435547,211.2705078125,0.0717177540063858,3
