xmin,ymin,xmax,ymax,score,label
234.85244750976562,199.098876953125,247.3649139404297,212.81329345703125,0.050663866102695465,3
