xmin,ymin,xmax,ymax,score,label
234.7578125,199.1280975341797,247.43397521972656,212.85592651367188,0.06396446377038956,3
