xmin,ymin,xmax,ymax,score,label
235.3340301513672,198.2313232421875,247.52273559570312,211.9884490966797,0.1100941002368927,3
