xmin,ymin,xmax,ymax,score,label
235.19305419921875,198.7344512939453,247.593017578125,212.6265869140625,0.07732252776622772,3
