xmin,ymin,xmax,ymax,score,label
235.36563110351562,198.57533264160156,247.41583251953125,211.93638610839844,0.14507578313350677,3
