xmin,ymin,xmax,ymax,score,label
233.96022033691406,198.62454223632812,247.46115112304688,212.2476348876953,0.09448688477277756,3
