xmin,ymin,xmax,ymax,score,label
235.211181640625,198.52232360839844,247.4296112060547,212.32228088378906,0.18105201423168182,3
