xmin,ymin,xmax,ymax,score,label
233.24032592773438,198.36883544921875,247.40579223632812,212.05633544921875,0.05396371707320213,3
