xmin,ymin,xmax,ymax,score,label
236.02606201171875,198.48602294921875,247.60479736328125,212.0959930419922,0.1565323919057846,3
