xmin,ymin,xmax,ymax,score,label
234.52650451660156,199.3651123046875,247.24765014648438,212.86053466796875,0.06442227214574814,3
