xmin,ymin,xmax,ymax,score,label
235.23912048339844,199.2777557373047,247.48858642578125,212.63697814941406,0.1767825484275818,3
238.96766662597656,202.1038360595703,246.6502685546875,211.3111572265625,0.05246741324663162,3
