xmin,ymin,xmax,ymax,score,label
233.24867248535156,198.8493194580078,247.3326416015625,212.62640380859375,0.17624437808990479,3
