xmin,ymin,xmax,ymax,score,label
236.28927612304688,200.1868438720703,247.1875,211.70091247558594,0.31200042366981506,3
238.779052734375,198.6896514892578,246.07521057128906,208.6580352783203,0.06524311751127243,3
