xmin,ymin,xmax,ymax,score,label
235.54425048828125,198.86538696289062,247.11573791503906,211.65867614746094,0.08810556679964066,3
