xmin,ymin,xmax,ymax,score,label
235.5508270263672,199.21630859375,246.87709045410156,212.58509826660156,0.2201673835515976,3
