xmin,ymin,xmax,ymax,score,label
235.55238342285156,198.77256774902344,247.31834411621094,211.72962951660156,0.12182382494211197,3
