xmin,ymin,xmax,ymax,score,label
235.29722595214844,198.83590698242188,247.0139617919922,211.80636596679688,0.15378688275814056,3
