xmin,ymin,xmax,ymax,score,label
234.11441040039062,199.5073699951172,247.3362579345703,212.5572967529297,0.18139486014842987,3
