xmin,ymin,xmax,ymax,score,label
233.57305908203125,199.447021484375,247.26992797851562,212.68063354492188,0.17890770733356476,3
