xmin,ymin,xmax,ymax,score,label
236.3977813720703,199.76487731933594,247.0574493408203,211.96080017089844,0.056971475481987,3
