xmin,ymin,xmax,ymax,score,label
237.72787475585938,199.40245056152344,247.1851806640625,212.11062622070312,0.11622664332389832,3
