xmin,ymin,xmax,ymax,score,label
237.09120178222656,198.81790161132812,247.138427734375,211.71987915039062,0.11018215864896774,3
