xmin,ymin,xmax,ymax,score,label
237.1834716796875,199.01063537597656,247.25372314453125,211.53366088867188,0.16051092743873596,3
