xmin,ymin,xmax,ymax,score,label
237.82882690429688,199.2467498779297,246.9861297607422,211.86367797851562,0.051122285425662994,3
