xmin,ymin,xmax,ymax,score,label
236.67706298828125,199.27696228027344,246.99322509765625,212.2367706298828,0.0837865099310875,3
