xmin,ymin,xmax,ymax,score,label
237.16131591796875,198.92855834960938,247.28836059570312,211.52796936035156,0.15447668731212616,3
