xmin,ymin,xmax,ymax,score,label
237.6967010498047,199.47378540039062,247.4166717529297,211.8128204345703,0.10076088458299637,3
