xmin,ymin,xmax,ymax,score,label
237.78309631347656,199.5264129638672,247.37579345703125,211.757568359375,0.12648144364356995,3
