xmin,ymin,xmax,ymax,score,label
237.47032165527344,199.1819305419922,247.46002197265625,211.5153045654297,0.20033840835094452,3
