xmin,ymin,xmax,ymax,score,label
231.8731689453125,197.68023681640625,247.01527404785156,212.69674682617188,0.06534569710493088,3
