xmin,ymin,xmax,ymax,score,label
231.83131408691406,197.80479431152344,247.2129364013672,212.75328063964844,0.1138317659497261,3
