xmin,ymin,xmax,ymax,score,label
234.7778778076172,198.8753662109375,247.5145263671875,212.49420166015625,0.05496257543563843,3
