xmin,ymin,xmax,ymax,score,label
233.94212341308594,198.7576141357422,247.51417541503906,212.4673309326172,0.10222066938877106,3
