xmin,ymin,xmax,ymax,score,label
234.51255798339844,199.7371826171875,247.3563232421875,212.4671173095703,0.1783508062362671,3
