xmin,ymin,xmax,ymax,score,label
234.8153076171875,199.49110412597656,247.44873046875,212.41810607910156,0.06864821165800095,3
