xmin,ymin,xmax,ymax,score,label
235.5987091064453,199.63116455078125,247.44395446777344,212.17832946777344,0.10281141847372055,3
