xmin,ymin,xmax,ymax,score,label
235.73104858398438,199.82315063476562,247.52206420898438,212.18836975097656,0.05876394733786583,3
