xmin,ymin,xmax,ymax,score,label
234.6775360107422,199.26893615722656,247.61546325683594,212.67605590820312,0.09032437205314636,3
