xmin,ymin,xmax,ymax,score,label
235.05308532714844,199.38670349121094,247.46908569335938,212.4741668701172,0.17350229620933533,3
