xmin,ymin,xmax,ymax,score,label
234.6228790283203,199.46560668945312,247.31983947753906,212.56507873535156,0.1210157498717308,3
