xmin,ymin,xmax,ymax,score,label
233.2510986328125,199.08689880371094,247.2169952392578,212.6395721435547,0.11392258107662201,3
