xmin,ymin,xmax,ymax,score,label
234.22579956054688,198.84669494628906,247.31185913085938,212.44534301757812,0.08173175901174545,3
