xmin,ymin,xmax,ymax,score,label
236.9300079345703,199.0841522216797,246.86940002441406,211.02149963378906,0.07956776767969131,3
