xmin,ymin,xmax,ymax,score,label
235.718017578125,198.24317932128906,247.17564392089844,211.48976135253906,0.06458789855241776,3
