xmin,ymin,xmax,ymax,score,label
233.86068725585938,198.94468688964844,247.62588500976562,212.45057678222656,0.054643966257572174,3
