xmin,ymin,xmax,ymax,score,label
235.74258422851562,198.23992919921875,247.62733459472656,211.95384216308594,0.1101369857788086,3
