xmin,ymin,xmax,ymax,score,label
235.55715942382812,198.4765625,247.7530517578125,212.6156005859375,0.05056281387805939,3
