xmin,ymin,xmax,ymax,score,label
235.4439239501953,198.2040557861328,247.48605346679688,212.0065155029297,0.10383829474449158,3
