xmin,ymin,xmax,ymax,score,label
233.77716064453125,198.9061737060547,247.6123809814453,212.5037384033203,0.06781747937202454,3
