xmin,ymin,xmax,ymax,score,label
231.86851501464844,198.34786987304688,246.9697265625,212.48416137695312,0.08813152462244034,3
