xmin,ymin,xmax,ymax,score,label
235.504638671875,198.15704345703125,247.00608825683594,211.95216369628906,0.08445493131875992,3
