xmin,ymin,xmax,ymax,score,label
235.03079223632812,198.62442016601562,247.73728942871094,212.47019958496094,0.07124575972557068,3
