xmin,ymin,xmax,ymax,score,label
235.169189453125,198.3621063232422,247.6905059814453,212.11830139160156,0.12656976282596588,3
