xmin,ymin,xmax,ymax,score,label
233.5853729248047,198.1683807373047,247.1448974609375,212.46646118164062,0.09996002912521362,3
