xmin,ymin,xmax,ymax,score,label
233.48828125,198.67416381835938,247.6466522216797,212.10235595703125,0.053694576025009155,3
