xmin,ymin,xmax,ymax,score,label
237.174560546875,199.90232849121094,247.07977294921875,211.484375,0.13487090170383453,3
