xmin,ymin,xmax,ymax,score,label
234.61793518066406,199.19215393066406,247.21224975585938,212.4268035888672,0.06217663735151291,3
