xmin,ymin,xmax,ymax,score,label
233.6139373779297,197.99200439453125,247.28732299804688,212.75828552246094,0.06716646254062653,3
