xmin,ymin,xmax,ymax,score,label
234.99252319335938,199.77056884765625,247.05979919433594,212.90870666503906,0.11895960569381714,3
