xmin,ymin,xmax,ymax,score,label
234.51976013183594,199.16197204589844,247.33636474609375,212.61741638183594,0.06273414939641953,3
