xmin,ymin,xmax,ymax,score,label
232.84970092773438,198.50460815429688,246.9976806640625,212.31512451171875,0.16751399636268616,3
237.563232421875,201.29017639160156,246.90586853027344,211.19021606445312,0.050858691334724426,3
