xmin,ymin,xmax,ymax,score,label
234.015625,198.3614044189453,247.57687377929688,212.53428649902344,0.10317986458539963,3
