xmin,ymin,xmax,ymax,score,label
233.9873046875,198.5866241455078,247.47317504882812,212.70921325683594,0.13726861774921417,3
