xmin,ymin,xmax,ymax,score,label
235.47853088378906,198.93600463867188,247.3206329345703,212.51107788085938,0.15602146089076996,3
