xmin,ymin,xmax,ymax,score,label
235.4454803466797,199.04739379882812,247.3101806640625,212.4883575439453,0.17544898390769958,3
