xmin,ymin,xmax,ymax,score,label
235.63894653320312,198.97323608398438,247.1534423828125,212.22512817382812,0.07487265765666962,3
