xmin,ymin,xmax,ymax,score,label
233.08343505859375,199.03616333007812,247.5178985595703,212.50306701660156,0.09841251373291016,3
