xmin,ymin,xmax,ymax,score,label
236.53184509277344,199.337890625,247.6100311279297,211.72691345214844,0.12554889917373657,3
