xmin,ymin,xmax,ymax,score,label
236.28701782226562,199.19052124023438,247.60179138183594,212.13644409179688,0.08450181037187576,3
