xmin,ymin,xmax,ymax,score,label
233.68954467773438,198.51588439941406,247.77610778808594,212.39718627929688,0.06218351051211357,3
