xmin,ymin,xmax,ymax,score,label
233.98129272460938,198.57041931152344,247.30604553222656,212.9436798095703,0.053518254309892654,3
