xmin,ymin,xmax,ymax,score,label
235.32022094726562,198.22166442871094,247.63003540039062,212.5914764404297,0.05482535809278488,3
