xmin,ymin,xmax,ymax,score,label
235.60598754882812,198.42803955078125,247.27587890625,212.13385009765625,0.13916952908039093,3
238.00389099121094,202.2830810546875,246.0981903076172,211.78662109375,0.06247032433748245,3
