xmin,ymin,xmax,ymax,score,label
233.7779083251953,198.59632873535156,247.32723999023438,213.10897827148438,0.059773191809654236,3
