xmin,ymin,xmax,ymax,score,label
236.57034301757812,200.4757080078125,247.1333770751953,211.49000549316406,0.08402365446090698,3
