xmin,ymin,xmax,ymax,score,label
233.67678833007812,198.432373046875,247.55911254882812,212.65084838867188,0.20214353501796722,3
