xmin,ymin,xmax,ymax,score,label
234.50746154785156,198.9865264892578,247.43484497070312,212.72665405273438,0.18296393752098083,3
