xmin,ymin,xmax,ymax,score,label
233.3034210205078,198.40553283691406,246.9578857421875,212.72299194335938,0.24327382445335388,3
