xmin,ymin,xmax,ymax,score,label
237.454833984375,200.0958709716797,247.1822052001953,211.27163696289062,0.05926084518432617,3
