xmin,ymin,xmax,ymax,score,label
233.0899658203125,199.38340759277344,247.51693725585938,212.66114807128906,0.07137326896190643,3
