xmin,ymin,xmax,ymax,score,label
235.30044555664062,198.4546661376953,247.73159790039062,212.2416229248047,0.13198812305927277,3
