xmin,ymin,xmax,ymax,score,label
235.5088348388672,198.33340454101562,247.7857208251953,212.22140502929688,0.06219862028956413,3
