xmin,ymin,xmax,ymax,score,label
233.36549377441406,198.91432189941406,247.61703491210938,212.94354248046875,0.0656723603606224,3
