xmin,ymin,xmax,ymax,score,label
235.70692443847656,199.29222106933594,247.39126586914062,211.9091033935547,0.05071204900741577,3
