xmin,ymin,xmax,ymax,score,label
233.8848114013672,198.34913635253906,247.6229705810547,212.76426696777344,0.051431652158498764,3
