xmin,ymin,xmax,ymax,score,label
234.94293212890625,199.1376495361328,247.5713348388672,212.20225524902344,0.20407022535800934,3
