xmin,ymin,xmax,ymax,score,label
234.8643035888672,198.81961059570312,247.16587829589844,212.55738830566406,0.06219641491770744,3
