xmin,ymin,xmax,ymax,score,label
234.75889587402344,198.94412231445312,247.5786895751953,212.71200561523438,0.10924825072288513,3
