xmin,ymin,xmax,ymax,score,label
237.46826171875,199.21473693847656,246.7486572265625,211.44313049316406,0.0709211602807045,3
