xmin,ymin,xmax,ymax,score,label
235.48095703125,198.42079162597656,247.5818328857422,212.14366149902344,0.08021236211061478,3
