xmin,ymin,xmax,ymax,score,label
237.6455841064453,199.79034423828125,246.75909423828125,211.20477294921875,0.06735042482614517,3
