xmin,ymin,xmax,ymax,score,label
237.89022827148438,199.970458984375,247.0963592529297,211.69342041015625,0.0782819539308548,3
