xmin,ymin,xmax,ymax,score,label
237.19805908203125,199.4478302001953,247.2516632080078,211.65447998046875,0.09410782158374786,3
