xmin,ymin,xmax,ymax,score,label
233.8700408935547,199.0959930419922,247.6263885498047,212.2367401123047,0.06592319905757904,3
