xmin,ymin,xmax,ymax,score,label
238.613525390625,199.85845947265625,246.68032836914062,211.34378051757812,0.0606175921857357,3
