xmin,ymin,xmax,ymax,score,label
235.03761291503906,198.07559204101562,247.4758758544922,211.7425079345703,0.090890072286129,3
