xmin,ymin,xmax,ymax,score,label
236.92300415039062,199.4364776611328,247.30714416503906,211.7432861328125,0.10463382303714752,3
