xmin,ymin,xmax,ymax,score,label
234.8787078857422,198.0963592529297,247.53770446777344,211.77064514160156,0.07922229170799255,3
