xmin,ymin,xmax,ymax,score,label
235.99427795410156,198.4892120361328,247.51329040527344,211.9136962890625,0.19269809126853943,3
