xmin,ymin,xmax,ymax,score,label
235.59800720214844,198.5604248046875,247.53123474121094,212.23129272460938,0.060853153467178345,3
