xmin,ymin,xmax,ymax,score,label
235.97410583496094,198.3585662841797,247.44041442871094,212.003662109375,0.2238769680261612,3
237.09593200683594,197.71786499023438,244.77195739746094,206.3136444091797,0.06424179673194885,3
