xmin,ymin,xmax,ymax,score,label
235.400390625,198.25682067871094,247.79287719726562,212.5815887451172,0.10839720070362091,3
