xmin,ymin,xmax,ymax,score,label
235.41445922851562,199.16744995117188,247.55484008789062,213.12136840820312,0.05728895962238312,3
