xmin,ymin,xmax,ymax,score,label
234.5110626220703,198.7001190185547,247.5991973876953,212.57196044921875,0.09736119210720062,3
