xmin,ymin,xmax,ymax,score,label
235.24314880371094,198.8844757080078,247.6660919189453,212.30519104003906,0.09346625953912735,3
