xmin,ymin,xmax,ymax,score,label
234.0348663330078,198.89544677734375,247.6441192626953,212.8490447998047,0.05305783823132515,3
