xmin,ymin,xmax,ymax,score,label
235.9084930419922,199.88267517089844,247.34046936035156,211.78494262695312,0.051662858575582504,3
