xmin,ymin,xmax,ymax,score,label
236.5552520751953,200.45567321777344,246.73158264160156,211.78887939453125,0.08071155846118927,3
