xmin,ymin,xmax,ymax,score,label
235.51783752441406,198.16578674316406,247.45333862304688,212.116455078125,0.06861967593431473,3
