xmin,ymin,xmax,ymax,score,label
235.87924194335938,199.1140899658203,247.77633666992188,212.51785278320312,0.05326173081994057,3
