xmin,ymin,xmax,ymax,score,label
236.7537841796875,198.81483459472656,247.23777770996094,211.55223083496094,0.06326310336589813,3
