xmin,ymin,xmax,ymax,score,label
235.52630615234375,198.2661895751953,247.43475341796875,212.1265411376953,0.06226702779531479,3
