xmin,ymin,xmax,ymax,score,label
235.6150665283203,198.48548889160156,247.37350463867188,212.23060607910156,0.10484395921230316,3
