xmin,ymin,xmax,ymax,score,label
235.36911010742188,198.17991638183594,247.82821655273438,211.78402709960938,0.06696008890867233,3
