xmin,ymin,xmax,ymax,score,label
236.13282775878906,198.6180419921875,247.21034240722656,211.8608856201172,0.14071397483348846,3
239.48178100585938,201.8837127685547,246.6236572265625,211.39486694335938,0.0618448369204998,3
