xmin,ymin,xmax,ymax,score,label
233.30007934570312,198.8847198486328,247.3360595703125,212.57533264160156,0.059601884335279465,3
