xmin,ymin,xmax,ymax,score,label
237.45655822753906,199.36268615722656,247.47462463378906,211.91880798339844,0.08379057794809341,3
