xmin,ymin,xmax,ymax,score,label
236.13731384277344,198.54324340820312,247.35752868652344,212.03317260742188,0.12412937730550766,3
238.56260681152344,201.989013671875,246.26641845703125,211.63746643066406,0.05022745206952095,3
