xmin,ymin,xmax,ymax,score,label
236.06785583496094,198.55438232421875,247.30506896972656,212.0253448486328,0.15753735601902008,3
239.18307495117188,201.70352172851562,246.43829345703125,211.51170349121094,0.09309244155883789,3
