xmin,ymin,xmax,ymax,score,label
237.27183532714844,200.02334594726562,247.0303192138672,211.32310485839844,0.06776773929595947,3
