xmin,ymin,xmax,ymax,score,label
237.17575073242188,200.265869140625,246.98963928222656,211.51898193359375,0.06846922636032104,3
