xmin,ymin,xmax,ymax,score,label
237.2775115966797,199.9438934326172,247.02255249023438,211.3572235107422,0.09662691503763199,3
