xmin,ymin,xmax,ymax,score,label
237.71282958984375,199.88963317871094,246.79727172851562,210.9904022216797,0.2472642958164215,3
232.79107666015625,197.9478302001953,246.8379669189453,212.5658721923828,0.11132293939590454,3
238.47772216796875,198.06468200683594,245.3153839111328,207.3377227783203,0.093320831656456,3
