xmin,ymin,xmax,ymax,score,label
235.81646728515625,199.22604370117188,247.5692138671875,212.36199951171875,0.066829614341259,3
