xmin,ymin,xmax,ymax,score,label
238.02825927734375,200.27049255371094,246.953857421875,211.13967895507812,0.10661795735359192,3
