xmin,ymin,xmax,ymax,score,label
237.64181518554688,199.80247497558594,246.77137756347656,211.0145721435547,0.23901967704296112,3
238.39671325683594,198.04864501953125,245.34317016601562,207.46876525878906,0.0864226371049881,3
