xmin,ymin,xmax,ymax,score,label
233.29214477539062,198.7067413330078,247.77774047851562,212.82171630859375,0.06247209012508392,3
