xmin,ymin,xmax,ymax,score,label
234.97525024414062,199.40426635742188,247.33596801757812,212.84896850585938,0.16556498408317566,3
