xmin,ymin,xmax,ymax,score,label
234.7196502685547,199.58206176757812,247.46234130859375,213.3668975830078,0.07736735045909882,3
