xmin,ymin,xmax,ymax,score,label
235.008544921875,199.4884490966797,247.4422149658203,212.97508239746094,0.1256464272737503,3
