xmin,ymin,xmax,ymax,score,label
233.22218322753906,198.3223876953125,247.25958251953125,212.45713806152344,0.05578254535794258,3
