xmin,ymin,xmax,ymax,score,label
235.01918029785156,199.20343017578125,247.24911499023438,212.62806701660156,0.2856306731700897,3
236.07296752929688,197.90948486328125,244.9683380126953,206.4719696044922,0.06923078745603561,3
