xmin,ymin,xmax,ymax,score,label
233.02076721191406,198.2200164794922,247.0882568359375,212.3799285888672,0.17295248806476593,3
