xmin,ymin,xmax,ymax,score,label
235.1282196044922,198.92674255371094,247.1385040283203,212.52613830566406,0.31029462814331055,3
235.71450805664062,197.7914276123047,244.50393676757812,206.6564483642578,0.07860180735588074,3
231.67730712890625,197.6438446044922,241.27232360839844,208.4163055419922,0.05571690946817398,3
