xmin,ymin,xmax,ymax,score,label
237.15567016601562,199.2935791015625,247.4859161376953,211.0964813232422,0.09736763685941696,3
231.37237548828125,197.9640350341797,246.95394897460938,212.42547607421875,0.050907280296087265,3
