xmin,ymin,xmax,ymax,score,label
235.06898498535156,199.1953582763672,247.45120239257812,212.837158203125,0.11559361964464188,3
