xmin,ymin,xmax,ymax,score,label
237.0191192626953,199.3508758544922,247.42294311523438,211.09646606445312,0.09174003452062607,3
