xmin,ymin,xmax,ymax,score,label
238.0666961669922,199.8994140625,247.21380615234375,211.31007385253906,0.07821142673492432,3
