xmin,ymin,xmax,ymax,score,label
235.1241912841797,198.4102783203125,247.7852783203125,212.06068420410156,0.06130443885922432,3
