xmin,ymin,xmax,ymax,score,label
235.20082092285156,199.2908172607422,247.29623413085938,212.7983856201172,0.05478406324982643,3
