xmin,ymin,xmax,ymax,score,label
235.6497344970703,198.4575653076172,247.5588836669922,212.03721618652344,0.11289965361356735,3
