xmin,ymin,xmax,ymax,score,label
235.5543212890625,197.90740966796875,247.50289916992188,212.0968017578125,0.06367941200733185,3
