xmin,ymin,xmax,ymax,score,label
233.95132446289062,198.9022979736328,246.9836883544922,211.8642578125,0.058903563767671585,3
