xmin,ymin,xmax,ymax,score,label
234.4729461669922,199.5944061279297,247.41400146484375,212.708740234375,0.08312319219112396,3
