xmin,ymin,xmax,ymax,score,label
235.48023986816406,198.1135711669922,247.2886962890625,211.8780059814453,0.05324307456612587,3
