xmin,ymin,xmax,ymax,score,label
236.43186950683594,198.44451904296875,246.63589477539062,212.03390502929688,0.11441407352685928,3
