xmin,ymin,xmax,ymax,score,label
237.6331329345703,199.55111694335938,246.89013671875,211.58795166015625,0.05811965838074684,3
