xmin,ymin,xmax,ymax,score,label
237.62696838378906,200.25758361816406,246.90841674804688,211.8165283203125,0.26967763900756836,3
282.104248046875,278.9828186035156,363.93585205078125,309.87432861328125,0.0785040408372879,3
