xmin,ymin,xmax,ymax,score,label
235.6686248779297,198.45962524414062,247.03280639648438,211.1828155517578,0.05572560057044029,3
