xmin,ymin,xmax,ymax,score,label
234.24085998535156,198.7991485595703,247.3904571533203,211.9900360107422,0.05726955831050873,3
