xmin,ymin,xmax,ymax,score,label
235.24913024902344,198.376953125,247.2698211669922,211.6646270751953,0.07166724652051926,3
