xmin,ymin,xmax,ymax,score,label
233.43283081054688,199.22723388671875,247.5894317626953,212.7643280029297,0.14252980053424835,3
281.92828369140625,278.8653259277344,363.8348693847656,310.24261474609375,0.08059058338403702,3
238.70143127441406,201.31106567382812,246.68051147460938,211.7076873779297,0.06238018348813057,3
