xmin,ymin,xmax,ymax,score,label
236.980712890625,199.89617919921875,246.79287719726562,211.83392333984375,0.07565624266862869,3
