xmin,ymin,xmax,ymax,score,label
238.4341583251953,199.900146484375,247.23085021972656,210.79444885253906,0.055172063410282135,3
