xmin,ymin,xmax,ymax,score,label
234.30850219726562,199.15379333496094,247.62281799316406,212.85609436035156,0.1107727587223053,3
