xmin,ymin,xmax,ymax,score,label
236.90933227539062,200.67117309570312,247.32388305664062,211.8086395263672,0.10810841619968414,3
