xmin,ymin,xmax,ymax,score,label
234.11920166015625,199.035888671875,247.55465698242188,212.83486938476562,0.07442111521959305,3
