xmin,ymin,xmax,ymax,score,label
234.07505798339844,199.09127807617188,247.5326385498047,212.892822265625,0.09657234698534012,3
