xmin,ymin,xmax,ymax,score,label
236.55101013183594,199.2927703857422,247.091552734375,210.92433166503906,0.07831321656703949,3
