xmin,ymin,xmax,ymax,score,label
236.81463623046875,199.64111328125,247.00022888183594,211.71255493164062,0.0638936460018158,3
