xmin,ymin,xmax,ymax,score,label
234.52903747558594,198.93289184570312,247.65084838867188,212.667236328125,0.057208169251680374,3
