xmin,ymin,xmax,ymax,score,label
237.2504119873047,198.91513061523438,247.04568481445312,212.24246215820312,0.09944739192724228,3
