xmin,ymin,xmax,ymax,score,label
234.74349975585938,199.00599670410156,247.508544921875,212.588134765625,0.0739791989326477,3
