xmin,ymin,xmax,ymax,score,label
235.61602783203125,198.69786071777344,247.3570556640625,212.6715850830078,0.10593540966510773,3
