xmin,ymin,xmax,ymax,score,label
236.16807556152344,199.21163940429688,247.41880798339844,211.29531860351562,0.09553670883178711,3
