xmin,ymin,xmax,ymax,score,label
232.04275512695312,198.4684295654297,247.7348175048828,212.71817016601562,0.0526091605424881,3
