xmin,ymin,xmax,ymax,score,label
232.9877166748047,197.6990203857422,247.57188415527344,211.9654998779297,0.10848888009786606,3
