xmin,ymin,xmax,ymax,score,label
235.08303833007812,199.42442321777344,247.61363220214844,212.90650939941406,0.0996803268790245,3
236.1901397705078,198.19483947753906,244.21763610839844,205.3634490966797,0.05407574772834778,3
