xmin,ymin,xmax,ymax,score,label
237.42713928222656,199.7913360595703,246.65460205078125,211.4708251953125,0.05675334110856056,3
