xmin,ymin,xmax,ymax,score,label
238.33682250976562,200.2496795654297,247.45794677734375,210.87631225585938,0.05663643777370453,3
