xmin,ymin,xmax,ymax,score,label
239.95516967773438,193.2772216796875,247.42892456054688,200.9756317138672,0.21362118422985077,3
238.69097900390625,201.00160217285156,247.3376922607422,211.2321014404297,0.10085566341876984,3
