xmin,ymin,xmax,ymax,score,label
237.79676818847656,199.64801025390625,247.96133422851562,210.65133666992188,0.09520900249481201,3
