xmin,ymin,xmax,ymax,score,label
235.56129455566406,198.24635314941406,248.5643768310547,211.750244140625,0.1470930427312851,3
