xmin,ymin,xmax,ymax,score,label
246.07342529296875,193.33517456054688,257.0767517089844,203.49009704589844,0.05392710119485855,3
