xmin,ymin,xmax,ymax,score,label
235.72317504882812,198.3289031982422,248.506103515625,211.86769104003906,0.22217193245887756,3
