xmin,ymin,xmax,ymax,score,label
246.75772094726562,193.66612243652344,256.5954284667969,203.25326538085938,0.06455137580633163,3
