xmin,ymin,xmax,ymax,score,label
236.29527282714844,198.67005920410156,249.2083282470703,212.14175415039062,0.3662926256656647,3
246.4733428955078,192.0967254638672,264.9703674316406,207.22866821289062,0.18154796957969666,8
246.93887329101562,192.4172821044922,264.4864807128906,207.07945251464844,0.17384299635887146,3
238.3733673095703,198.63743591308594,249.6484375,206.8733367919922,0.13023680448532104,3
245.1895751953125,189.35821533203125,284.9447937011719,209.7890167236328,0.09451418370008469,8
251.04736328125,194.53826904296875,262.23895263671875,206.57054138183594,0.05942711606621742,8
