xmin,ymin,xmax,ymax,score,label
235.90975952148438,199.03768920898438,249.39768981933594,212.75759887695312,0.2894741892814636,3
237.8437042236328,198.33880615234375,250.2407684326172,207.63983154296875,0.10458041727542877,3
248.74490356445312,192.9468536376953,264.2430114746094,207.31715393066406,0.08402635902166367,3
247.7681427001953,192.11424255371094,265.3105163574219,208.24156188964844,0.08373930305242538,8
