xmin,ymin,xmax,ymax,score,label
249.88278198242188,193.52969360351562,270.7069091796875,209.1121063232422,0.1327984780073166,8
237.2658233642578,198.81201171875,253.9763641357422,211.11636352539062,0.10716375708580017,3
259.0576477050781,197.40245056152344,269.6218566894531,208.88088989257812,0.07791194319725037,8
