xmin,ymin,xmax,ymax,score,label
237.2853240966797,198.2825164794922,253.8831024169922,211.18540954589844,0.0550546795129776,3
