xmin,ymin,xmax,ymax,score,label
237.4155731201172,199.1623077392578,248.01979064941406,210.59471130371094,0.15352796018123627,3
