xmin,ymin,xmax,ymax,score,label
238.17124938964844,198.9739227294922,253.0851287841797,208.80709838867188,0.15024898946285248,3
254.85084533691406,195.38180541992188,265.56854248046875,207.76258850097656,0.09952278435230255,8
233.75987243652344,198.71507263183594,249.63401794433594,212.23097229003906,0.0845680981874466,3
246.7080841064453,192.5860137939453,266.1206970214844,208.0691680908203,0.06299442797899246,8
