xmin,ymin,xmax,ymax,score,label
237.0919952392578,198.4663848876953,252.3704071044922,211.12303161621094,0.2501472234725952,3
