xmin,ymin,xmax,ymax,score,label
236.4821014404297,198.74778747558594,248.3784637451172,211.5701141357422,0.19296422600746155,3
