xmin,ymin,xmax,ymax,score,label
238.24974060058594,199.13441467285156,249.33392333984375,210.49916076660156,0.19750741124153137,3
