xmin,ymin,xmax,ymax,score,label
237.23289489746094,198.085205078125,252.94393920898438,210.49423217773438,0.06863927096128464,3
