xmin,ymin,xmax,ymax,score,label
237.42601013183594,199.1360321044922,250.77047729492188,210.19293212890625,0.24619781970977783,3
240.4340362548828,197.97174072265625,250.8256072998047,206.22744750976562,0.10083866864442825,3
234.97332763671875,200.65879821777344,246.60757446289062,211.8441925048828,0.09501515328884125,3
251.5354766845703,194.92735290527344,265.8982238769531,207.28231811523438,0.0883253812789917,8
231.06716918945312,198.1400909423828,241.23092651367188,208.1803436279297,0.0675671249628067,3
253.39146423339844,194.93099975585938,265.176025390625,206.80026245117188,0.06501347571611404,3
240.2122039794922,201.47921752929688,247.97860717773438,210.700439453125,0.05392151325941086,3
236.2295684814453,198.05230712890625,250.63113403320312,211.9806671142578,0.05042727664113045,8
