xmin,ymin,xmax,ymax,score,label
265.7340087890625,197.7397003173828,278.2663269042969,211.7692413330078,0.34076356887817383,8
243.01026916503906,188.0321502685547,299.97576904296875,211.9820098876953,0.29777657985687256,8
265.0750427246094,197.563232421875,278.71142578125,211.88336181640625,0.09596597403287888,3
245.14639282226562,188.84371948242188,298.56158447265625,211.6035614013672,0.07680365443229675,3
250.9093780517578,190.87054443359375,280.5057678222656,211.7674560546875,0.07610190659761429,8
242.70709228515625,188.14450073242188,300.0518798828125,211.77247619628906,0.06845962256193161,6
233.3940887451172,198.93972778320312,247.9972381591797,212.49644470214844,0.06022844836115837,3
