xmin,ymin,xmax,ymax,score,label
267.8002014160156,197.64002990722656,280.60357666015625,212.5071563720703,0.7003745436668396,8
268.1445007324219,198.72462463378906,280.7071228027344,212.40762329101562,0.1399189978837967,3
241.8527069091797,192.2042236328125,282.1518249511719,212.0437469482422,0.10404006391763687,8
238.31793212890625,198.480712890625,262.2939453125,211.98068237304688,0.07247345894575119,3
