xmin,ymin,xmax,ymax,score,label
265.556640625,196.61045837402344,275.96185302734375,211.40768432617188,0.21446026861667633,8
242.82192993164062,189.5558624267578,294.5287170410156,211.66859436035156,0.08273355662822723,8
249.75164794921875,191.71131896972656,277.1326599121094,211.11856079101562,0.0652398020029068,8
