xmin,ymin,xmax,ymax,score,label
265.24761962890625,196.908935546875,274.68536376953125,210.8856658935547,0.1427839696407318,8
