xmin,ymin,xmax,ymax,score,label
265.6461181640625,196.9146728515625,279.7770080566406,211.75741577148438,0.41755664348602295,8
266.5492858886719,197.71986389160156,279.3266906738281,211.80528259277344,0.30819767713546753,3
244.54039001464844,189.90846252441406,294.116455078125,211.74203491210938,0.29034414887428284,8
257.2998046875,193.37033081054688,281.2856750488281,211.71856689453125,0.13599364459514618,8
249.24063110351562,189.41915893554688,297.36260986328125,211.51878356933594,0.10050870478153229,3
258.12994384765625,194.88003540039062,281.1078796386719,211.68516540527344,0.08710244297981262,3
243.67034912109375,189.77403259277344,294.07208251953125,211.5414581298828,0.08316128700971603,6
