xmin,ymin,xmax,ymax,score,label
265.1280212402344,196.5848846435547,275.7052001953125,211.10086059570312,0.07626720517873764,8
