xmin,ymin,xmax,ymax,score,label
233.02972412109375,199.6093292236328,248.2558135986328,212.61727905273438,0.09468534588813782,3
263.30072021484375,197.2881317138672,273.7367248535156,210.4453582763672,0.07121536135673523,8
236.84959411621094,202.29229736328125,246.4086151123047,211.79550170898438,0.06559691578149796,3
