xmin,ymin,xmax,ymax,score,label
280.58306884765625,200.50054931640625,295.93865966796875,218.49081420898438,0.3754650950431824,8
254.05538940429688,190.3806915283203,295.7180480957031,217.71717834472656,0.2645591199398041,8
280.9171142578125,201.84954833984375,295.99127197265625,218.6002197265625,0.15581224858760834,3
274.86895751953125,190.00582885742188,296.1200256347656,218.12661743164062,0.06911827623844147,8
238.0875244140625,195.6674346923828,282.6915283203125,215.4254913330078,0.0675739124417305,8
257.26641845703125,205.75782775878906,271.0887451171875,214.23410034179688,0.06705570220947266,3
243.21212768554688,189.19058227539062,295.210693359375,215.98089599609375,0.05215383321046829,6
