xmin,ymin,xmax,ymax,score,label
270.83868408203125,199.07232666015625,283.39666748046875,213.1885528564453,0.2995173931121826,8
241.89881896972656,190.86058044433594,286.7688903808594,212.81228637695312,0.10009690374135971,8
271.1369934082031,200.0680389404297,283.520263671875,213.03839111328125,0.07126044481992722,3
