xmin,ymin,xmax,ymax,score,label
275.341552734375,196.87193298339844,290.8695983886719,216.10302734375,0.3079969882965088,8
239.54241943359375,193.2604217529297,277.2943420410156,213.719482421875,0.13821549713611603,8
271.6581726074219,190.43124389648438,296.23260498046875,215.70651245117188,0.13155072927474976,8
275.4101257324219,202.0366973876953,290.7459716796875,215.8900604248047,0.09695430099964142,3
240.6488037109375,196.10203552246094,268.2537536621094,212.9845733642578,0.06126856431365013,3
