xmin,ymin,xmax,ymax,score,label
271.9544372558594,198.86924743652344,284.5641174316406,213.5937042236328,0.2954009771347046,8
239.46853637695312,198.7826690673828,264.1734619140625,212.07437133789062,0.059477370232343674,8
272.7410583496094,199.95431518554688,284.337158203125,213.20220947265625,0.05411452054977417,3
