xmin,ymin,xmax,ymax,score,label
268.49237060546875,198.47125244140625,282.85382080078125,212.98037719726562,0.20823934674263,8
242.2333984375,191.21656799316406,287.4125061035156,212.73182678222656,0.18616238236427307,8
