xmin,ymin,xmax,ymax,score,label
282.2679748535156,197.2718505859375,298.9495849609375,220.60256958007812,0.5766676068305969,8
239.89089965820312,192.61756896972656,288.7536926269531,217.194091796875,0.12270946800708771,8
239.1825408935547,192.2581329345703,288.513427734375,216.4046173095703,0.06331727653741837,6
