xmin,ymin,xmax,ymax,score,label
287.879150390625,202.0709228515625,308.7066955566406,223.2949981689453,0.25643664598464966,3
286.92681884765625,200.87185668945312,308.24652099609375,223.22032165527344,0.22852958738803864,8
234.45425415039062,198.7624969482422,247.59201049804688,212.75640869140625,0.19358517229557037,3
234.1452178955078,198.4884796142578,276.4820861816406,218.84226989746094,0.07619612663984299,8
273.9329833984375,193.05059814453125,306.01007080078125,221.4991455078125,0.06361689418554306,8
293.7138366699219,201.99681091308594,308.4166564941406,211.3614959716797,0.0592002272605896,3
