xmin,ymin,xmax,ymax,score,label
291.5181579589844,203.33876037597656,310.3444519042969,224.94949340820312,0.40939685702323914,8
292.4797668457031,203.6039276123047,310.76483154296875,224.35081481933594,0.24196331202983856,3
274.2055358886719,190.40457153320312,296.1755676269531,218.5801544189453,0.24020442366600037,6
242.3690948486328,188.01922607421875,296.51019287109375,219.05526733398438,0.20371010899543762,6
242.66986083984375,188.23020935058594,296.3675842285156,220.02651977539062,0.1709720939397812,8
290.46734619140625,203.03736877441406,310.263916015625,224.5762481689453,0.10810527205467224,6
273.8577575683594,190.87196350097656,296.53546142578125,219.36094665527344,0.08201440423727036,8
