xmin,ymin,xmax,ymax,score,label
286.040771484375,201.7578582763672,302.8532409667969,221.7952117919922,0.33322861790657043,8
234.63475036621094,198.0363311767578,276.4700622558594,217.7336883544922,0.17125022411346436,8
239.97116088867188,192.1204376220703,295.930908203125,219.19192504882812,0.12305320799350739,8
286.8628845214844,202.65296936035156,302.5546569824219,221.70799255371094,0.08103624731302261,3
233.22532653808594,198.32598876953125,247.9112548828125,213.2859649658203,0.07231050729751587,3
235.0823974609375,198.8113555908203,275.5221862792969,217.84645080566406,0.05368734896183014,3
