xmin,ymin,xmax,ymax,score,label
301.943115234375,208.85264587402344,319.6351623535156,229.9752655029297,0.5440763831138611,3
295.1282958984375,202.44456481933594,320.0819091796875,229.57354736328125,0.4704461991786957,8
290.4940490722656,201.6614227294922,319.1083068847656,229.35704040527344,0.188934326171875,3
284.0760498046875,198.14468383789062,314.957275390625,226.8022918701172,0.18353576958179474,8
302.9903869628906,201.24415588378906,319.90521240234375,222.8317413330078,0.16693918406963348,3
306.9642028808594,204.59837341308594,319.39031982421875,218.03355407714844,0.08565796911716461,3
309.48748779296875,219.7183380126953,318.8541564941406,230.7792205810547,0.08235100656747818,3
304.34326171875,203.01072692871094,319.1693420410156,211.84046936035156,0.07538376748561859,3
