xmin,ymin,xmax,ymax,score,label
284.772705078125,197.9642333984375,300.07427978515625,221.67620849609375,0.34565675258636475,8
239.05824279785156,190.41729736328125,297.5903015136719,218.93359375,0.2730119824409485,8
234.90525817871094,198.82362365722656,247.79598999023438,213.15382385253906,0.09650176763534546,3
236.56239318847656,196.98455810546875,279.60333251953125,217.1447296142578,0.08389750123023987,8
239.5851593017578,190.8823699951172,290.3465576171875,217.0951690673828,0.07320120930671692,6
268.0076599121094,192.29931640625,298.87445068359375,220.06935119628906,0.0670698806643486,8
