xmin,ymin,xmax,ymax,score,label
287.467041015625,202.02207946777344,304.53515625,222.4302520751953,0.5395032167434692,8
231.9558868408203,198.36746215820312,247.3612518310547,212.69195556640625,0.2613511383533478,3
234.4379119873047,196.2688751220703,279.9266662597656,217.2252655029297,0.23742195963859558,8
272.77880859375,194.6512908935547,303.9234619140625,221.40277099609375,0.22884394228458405,8
288.23956298828125,202.11416625976562,305.0686950683594,222.00315856933594,0.18192502856254578,3
239.4552459716797,190.5008544921875,296.6579284667969,218.74095153808594,0.1778203696012497,8
232.88351440429688,198.3307647705078,247.3636474609375,212.8839569091797,0.06635166704654694,8
