xmin,ymin,xmax,ymax,score,label
292.9668884277344,200.623291015625,312.3537292480469,226.18133544921875,0.7029450535774231,8
294.0541687011719,200.88087463378906,312.4173278808594,226.3821258544922,0.29172027111053467,3
239.87359619140625,188.8422088623047,298.5730285644531,221.99143981933594,0.2668960988521576,8
237.38169860839844,190.1156005859375,297.7207946777344,219.9254608154297,0.14582431316375732,6
281.3458251953125,196.24647521972656,308.1542663574219,224.19943237304688,0.11955608427524567,8
278.9827880859375,193.95928955078125,298.102783203125,221.67337036132812,0.09262715280056,8
297.1087646484375,200.47262573242188,311.96942138671875,213.70602416992188,0.08532138168811798,3
293.1089782714844,200.98715209960938,311.7843933105469,226.54974365234375,0.07026718556880951,6
279.1717834472656,193.2733917236328,297.5181884765625,221.36524963378906,0.0667143389582634,6
