xmin,ymin,xmax,ymax,score,label
304.9942626953125,207.4825897216797,325.5426025390625,232.5438690185547,0.650653600692749,8
291.994873046875,200.01377868652344,323.3446960449219,231.87242126464844,0.20826750993728638,8
286.4587097167969,197.58128356933594,313.00750732421875,227.37550354003906,0.14045704901218414,8
305.4530944824219,213.77110290527344,325.11663818359375,232.7688446044922,0.12495145946741104,3
310.02301025390625,206.403564453125,324.13983154296875,217.7796173095703,0.0903574526309967,3
308.2626037597656,204.6761932373047,325.09393310546875,225.26658630371094,0.07763464003801346,3
308.5847473144531,217.21218872070312,325.57025146484375,233.0521697998047,0.05866825580596924,8
309.5869445800781,203.43096923828125,325.4447021484375,221.08152770996094,0.0572478286921978,8
