xmin,ymin,xmax,ymax,score,label
293.7043762207031,198.8399200439453,357.8905029296875,250.66802978515625,0.963864266872406,8
243.0673370361328,192.61883544921875,361.0035095214844,250.0649871826172,0.41302624344825745,8
290.1778869628906,200.06289672851562,359.4683837890625,248.4070281982422,0.07342062890529633,6
241.82838439941406,191.8711395263672,358.4217529296875,247.9907989501953,0.07184676080942154,6
