xmin,ymin,xmax,ymax,score,label
296.2777404785156,199.21978759765625,337.41436767578125,238.34762573242188,0.9184242486953735,8
315.1171875,205.4407958984375,341.8500061035156,240.9738311767578,0.8129306435585022,8
315.4210510253906,207.33592224121094,342.63037109375,241.01150512695312,0.19790391623973846,3
322.36468505859375,205.9352264404297,340.7885437011719,232.71803283691406,0.08515424281358719,3
322.6618957519531,200.4604949951172,351.3095703125,235.04969787597656,0.0646776556968689,8
294.5960388183594,198.9119110107422,328.4375,234.0518341064453,0.05638802796602249,3
