xmin,ymin,xmax,ymax,score,label
304.0850830078125,205.9641876220703,322.6911315917969,230.90036010742188,0.7072830200195312,8
284.5066833496094,197.96095275878906,309.1549072265625,225.9052276611328,0.2738853991031647,8
304.7890319824219,211.2590789794922,322.2868347167969,231.15492248535156,0.23093686997890472,3
291.0493469238281,198.40066528320312,321.3992004394531,230.2806854248047,0.09736413508653641,8
305.5217590332031,217.07644653320312,321.5116882324219,231.05335998535156,0.08974277973175049,8
