xmin,ymin,xmax,ymax,score,label
289.67889404296875,199.06443786621094,348.7135314941406,245.35595703125,0.9407304525375366,8
245.89712524414062,192.14439392089844,348.14678955078125,247.20394897460938,0.6592923402786255,8
318.3003845214844,205.47039794921875,349.9268493652344,246.06668090820312,0.4402313232421875,8
240.2693328857422,191.5172119140625,351.4139709472656,242.72181701660156,0.14024744927883148,6
307.8096923828125,206.46522521972656,349.4247131347656,246.56448364257812,0.06531732529401779,3
280.6523132324219,206.783447265625,329.3835144042969,237.8479461669922,0.060627710074186325,8
287.41455078125,198.95135498046875,350.0476989746094,246.43704223632812,0.050023403018713,6
