xmin,ymin,xmax,ymax,score,label
291.0301818847656,197.7187042236328,352.32470703125,247.25521850585938,0.9556881189346313,8
244.07142639160156,192.6560821533203,349.5620422363281,247.65557861328125,0.3355822265148163,8
321.81182861328125,201.6974334716797,354.1441345214844,247.86550903320312,0.07525485754013062,8
