xmin,ymin,xmax,ymax,score,label
310.2593994140625,205.30477905273438,329.00604248046875,234.8833465576172,0.7489117383956909,8
292.4781494140625,199.55772399902344,328.0295715332031,234.0954132080078,0.4422212541103363,8
283.9501037597656,198.12632751464844,317.5566101074219,229.5578155517578,0.287934809923172,8
313.7559814453125,204.0664520263672,328.4488220214844,224.409912109375,0.17973580956459045,8
309.2486572265625,203.08224487304688,328.9212646484375,234.67039489746094,0.1305510699748993,6
284.3699951171875,197.90765380859375,317.12847900390625,229.00148010253906,0.08881819248199463,6
250.53125,195.0930938720703,326.9546203613281,234.11448669433594,0.06475239247083664,8
313.9756774902344,204.63906860351562,328.3294372558594,223.62742614746094,0.054482351988554,3
292.2996826171875,199.36122131347656,328.033935546875,233.4010009765625,0.05313265696167946,6
