xmin,ymin,xmax,ymax,score,label
327.74481201171875,203.46925354003906,457.8442077636719,301.4192199707031,0.9779945015907288,8
235.50527954101562,199.01718139648438,247.37603759765625,211.94442749023438,0.07585778832435608,3
308.2732849121094,201.2754669189453,456.25933837890625,301.3649597167969,0.060262445360422134,6
