xmin,ymin,xmax,ymax,score,label
307.1543884277344,201.21388244628906,397.55255126953125,268.09259033203125,0.9860407710075378,8
361.4898681640625,239.41748046875,398.8175048828125,269.63092041015625,0.13431093096733093,3
360.4435729980469,237.60072326660156,399.0987548828125,268.9920654296875,0.1279374063014984,8
233.17637634277344,198.8153839111328,247.5652313232422,212.15310668945312,0.07774488627910614,3
