xmin,ymin,xmax,ymax,score,label
301.56219482421875,199.4041290283203,366.3680419921875,254.43341064453125,0.9777129292488098,8
333.5860595703125,205.51695251464844,367.0499267578125,253.7943572998047,0.1875486522912979,8
246.63009643554688,192.126953125,366.53253173828125,254.35531616210938,0.1873006522655487,8
272.14263916015625,197.94631958007812,364.9302978515625,254.58436584472656,0.14107804000377655,6
339.8943786621094,226.630126953125,366.95281982421875,253.6503448486328,0.12172172218561172,3
339.13330078125,224.5392303466797,367.0387268066406,252.73435974121094,0.05562196671962738,8
351.7939147949219,243.0004119873047,366.3829040527344,253.0746612548828,0.05053750053048134,3
