xmin,ymin,xmax,ymax,score,label
318.1974182128906,201.955322265625,422.55657958984375,283.3291931152344,0.989935576915741,8
