xmin,ymin,xmax,ymax,score,label
304.59173583984375,200.5031280517578,372.1632080078125,256.7083435058594,0.9923905730247498,8
