xmin,ymin,xmax,ymax,score,label
308.1688537597656,199.804931640625,387.1333923339844,263.0476379394531,0.9895187020301819,8
355.24078369140625,237.91539001464844,389.592041015625,264.62518310546875,0.20456315577030182,3
352.9285583496094,238.4016876220703,389.5660400390625,264.7550048828125,0.08115506172180176,8
