xmin,ymin,xmax,ymax,score,label
307.90728759765625,201.1693878173828,378.6173095703125,260.5718994140625,0.9922228455543518,8
362.71734619140625,241.88638305664062,381.48046875,260.8637390136719,0.12028174102306366,3
