xmin,ymin,xmax,ymax,score,label
318.6822509765625,201.5117950439453,408.85028076171875,273.16827392578125,0.9923398494720459,8
370.70599365234375,242.20062255859375,409.0633850097656,275.3047180175781,0.7492457628250122,8
353.020751953125,213.8123779296875,407.8066711425781,272.729736328125,0.5075830221176147,8
373.2667541503906,242.23069763183594,408.02569580078125,275.4476013183594,0.2844689190387726,3
400.2403564453125,253.6238250732422,410.9854736328125,268.2536926269531,0.094816192984581,3
372.87005615234375,209.98243713378906,407.1568908691406,250.73902893066406,0.09149036556482315,8
377.8433532714844,215.17738342285156,402.959228515625,237.39804077148438,0.05999714136123657,8
