xmin,ymin,xmax,ymax,score,label
319.97833251953125,201.26419067382812,434.8448181152344,289.3435363769531,0.9692474603652954,8
394.29913330078125,246.292724609375,434.1017761230469,290.5296936035156,0.5128408074378967,8
366.5997314453125,214.90306091308594,433.57623291015625,290.59979248046875,0.40937191247940063,8
426.2069396972656,267.7568359375,437.99993896484375,284.28997802734375,0.13312584161758423,3
431.19073486328125,267.0173645019531,438.67791748046875,277.6368713378906,0.11094491183757782,3
425.9070739746094,266.36224365234375,438.1058654785156,284.22747802734375,0.10765407234430313,8
424.919677734375,274.3057861328125,435.6113586425781,286.2818298339844,0.10368877649307251,3
