xmin,ymin,xmax,ymax,score,label
330.4901123046875,202.87803649902344,475.47509765625,313.9531555175781,0.9750017523765564,8
233.79507446289062,198.87911987304688,247.4535369873047,212.51161193847656,0.09869732707738876,3
