xmin,ymin,xmax,ymax,score,label
346.5344543457031,204.5585174560547,529.5880737304688,344.0126037597656,0.9944958090782166,8
153.48715209960938,207.19012451171875,532.9581298828125,342.6419677734375,0.06079065054655075,8
349.7998046875,202.29306030273438,500.7017822265625,286.32293701171875,0.056779444217681885,8
