xmin,ymin,xmax,ymax,score,label
435.81231689453125,215.67127990722656,638.6480102539062,425.5680236816406,0.976710855960846,8
531.25341796875,315.8096923828125,637.896484375,424.3727111816406,0.14243286848068237,3
450.8348388671875,252.33749389648438,629.9199829101562,428.1015625,0.1060633435845375,3
457.7444763183594,242.9066925048828,635.5586547851562,420.00579833984375,0.09772619605064392,6
506.0000915527344,284.2675476074219,640.0,421.2834777832031,0.09551705420017242,8
