xmin,ymin,xmax,ymax,score,label
345.1052551269531,203.44676208496094,490.579345703125,323.44873046875,0.9841867089271545,8
447.6836242675781,266.4589538574219,469.3998718261719,301.54669189453125,0.1303451806306839,1
332.15338134765625,203.3511505126953,494.9249267578125,326.48846435546875,0.05422917753458023,6
343.9302673339844,204.5980987548828,428.12371826171875,272.3636169433594,0.05169645696878433,8
