xmin,ymin,xmax,ymax,score,label
406.7948303222656,213.83096313476562,639.3902587890625,400.4320373535156,0.9571268558502197,8
282.0047912597656,278.2765197753906,363.7691955566406,312.71240234375,0.16598406434059143,3
