xmin,ymin,xmax,ymax,score,label
421.84527587890625,209.06942749023438,637.6780395507812,405.39300537109375,0.9822487831115723,8
364.0934753417969,275.9797668457031,608.3413696289062,416.4424133300781,0.29886093735694885,8
405.62127685546875,217.48963928222656,638.2622680664062,410.9305419921875,0.09191467612981796,6
403.54046630859375,231.61732482910156,633.1976318359375,414.5799255371094,0.05952391400933266,3
