xmin,ymin,xmax,ymax,score,label
366.2566223144531,208.3639373779297,632.7361450195312,424.27252197265625,0.9925948977470398,8
456.5,249.7083740234375,635.3313598632812,407.3018493652344,0.5617836713790894,8
610.3878173828125,366.7944641113281,639.4644165039062,430.17291259765625,0.1478164792060852,3
237.0432891845703,199.0337677001953,247.4938201904297,211.16241455078125,0.10050082951784134,3
