xmin,ymin,xmax,ymax,score,label
360.346435546875,208.3545379638672,621.2631225585938,387.84619140625,0.9952324032783508,8
508.4083251953125,247.99371337890625,618.144775390625,395.8158264160156,0.15648838877677917,8
551.1476440429688,306.849853515625,620.187744140625,391.40032958984375,0.0711614340543747,8
235.50592041015625,197.8097686767578,247.79518127441406,211.65374755859375,0.05381682887673378,3
