xmin,ymin,xmax,ymax,score,label
360.67169189453125,202.73155212402344,576.6135864257812,362.2998962402344,0.996364176273346,8
442.2319030761719,235.95626831054688,572.7237548828125,364.23162841796875,0.24374306201934814,8
354.8476257324219,207.1537322998047,536.7279052734375,298.7612609863281,0.12301118671894073,8
