xmin,ymin,xmax,ymax,score,label
391.6045227050781,210.07537841796875,639.4326171875,437.5445861816406,0.9182263016700745,8
