xmin,ymin,xmax,ymax,score,label
354.4065246582031,204.0869903564453,640.0,424.2966613769531,0.1644236147403717,8
