xmin,ymin,xmax,ymax,score,label
467.4571228027344,218.45347595214844,639.8160400390625,389.3195495605469,0.9578164219856262,8
470.3017272949219,212.25901794433594,640.0,384.6790771484375,0.21011681854724884,6
468.0174865722656,235.58372497558594,639.493408203125,396.6619873046875,0.05152258276939392,3
