xmin,ymin,xmax,ymax,score,label
593.704345703125,237.85316467285156,638.9957275390625,437.54193115234375,0.714938759803772,1
541.078857421875,236.84510803222656,637.5586547851562,461.8277587890625,0.2888089716434479,1
