xmin,ymin,xmax,ymax,score,label
500.24200439453125,222.0147247314453,639.872802734375,417.6856384277344,0.9691469073295593,8
495.90020751953125,269.7109680175781,636.79345703125,407.6794128417969,0.2702609896659851,3
509.0909118652344,224.2892608642578,640.0,404.26531982421875,0.23408286273479462,6
410.0312805175781,349.3871154785156,616.9447021484375,467.0887756347656,0.21129676699638367,3
