xmin,ymin,xmax,ymax,score,label
538.9227905273438,227.9405059814453,639.750244140625,434.09698486328125,0.9388251304626465,8
536.0253295898438,240.30897521972656,637.712890625,443.4457702636719,0.4070608913898468,3
457.166015625,338.7608642578125,627.9767456054688,451.4891662597656,0.12352676689624786,3
