xmin,ymin,xmax,ymax,score,label
232.61605834960938,198.80303955078125,247.0164031982422,212.5211944580078,0.09503898024559021,3
238.17514038085938,199.94383239746094,246.52114868164062,210.56358337402344,0.05014767870306969,3
