xmin,ymin,xmax,ymax,score,label
233.99595642089844,199.44659423828125,247.3834686279297,213.1993865966797,0.14160741865634918,3
