xmin,ymin,xmax,ymax,score,label
232.51161193847656,198.67929077148438,246.65829467773438,212.69949340820312,0.05978146940469742,3
237.93173217773438,200.28604125976562,246.84788513183594,211.45997619628906,0.05793071538209915,3
