xmin,ymin,xmax,ymax,score,label
235.14938354492188,198.04107666015625,247.43914794921875,212.1110076904297,0.05997595936059952,3
