xmin,ymin,xmax,ymax,score,label
234.13690185546875,199.18333435058594,247.7998046875,212.73902893066406,0.05781569331884384,3
