xmin,ymin,xmax,ymax,score,label
235.1621856689453,198.0719757080078,247.40663146972656,212.55535888671875,0.2601907253265381,3
234.92572021484375,197.80596923828125,247.27577209472656,212.6505889892578,0.06398408859968185,8
237.6522979736328,197.60940551757812,246.34010314941406,207.61524963378906,0.06290391832590103,3
