xmin,ymin,xmax,ymax,score,label
233.89727783203125,199.2971954345703,247.02798461914062,213.2044219970703,0.21961405873298645,3
