xmin,ymin,xmax,ymax,score,label
234.16390991210938,199.38233947753906,246.9860076904297,212.93038940429688,0.20965759456157684,3
239.12571716308594,200.37342834472656,246.72193908691406,211.30255126953125,0.0655270367860794,3
