xmin,ymin,xmax,ymax,score,label
237.30850219726562,200.636962890625,247.1004638671875,211.40968322753906,0.2962600290775299,3
232.1684112548828,198.26968383789062,247.34210205078125,212.20606994628906,0.13420318067073822,3
237.45069885253906,198.41957092285156,245.790283203125,208.02972412109375,0.05121110752224922,3
