xmin,ymin,xmax,ymax,score,label
233.15615844726562,198.6024627685547,247.4870147705078,212.75662231445312,0.10704413056373596,3
