xmin,ymin,xmax,ymax,score,label
233.0254364013672,197.9589385986328,247.44020080566406,212.69845581054688,0.06263159215450287,3
