xmin,ymin,xmax,ymax,score,label
234.3388671875,197.95928955078125,247.49923706054688,212.70338439941406,0.08732546865940094,3
