xmin,ymin,xmax,ymax,score,label
282.2544250488281,278.5382385253906,360.9643249511719,308.0937194824219,0.06999622285366058,3
