xmin,ymin,xmax,ymax,score,label
233.1190643310547,198.7052001953125,247.48739624023438,212.63018798828125,0.14083746075630188,3
281.88543701171875,278.8370056152344,356.4563293457031,307.476806640625,0.07928130030632019,3
