xmin,ymin,xmax,ymax,score,label
233.99095153808594,198.0489501953125,247.34161376953125,212.8005828857422,0.08750308305025101,3
