xmin,ymin,xmax,ymax,score,label
233.37130737304688,198.64698791503906,247.71292114257812,212.94712829589844,0.05722317844629288,3
