xmin,ymin,xmax,ymax,score,label
234.06365966796875,197.93275451660156,247.5370635986328,212.81187438964844,0.09914503246545792,3
