xmin,ymin,xmax,ymax,score,label
235.09336853027344,198.3404998779297,247.5865936279297,212.44635009765625,0.1782798022031784,3
