xmin,ymin,xmax,ymax,score,label
235.9972686767578,198.2454071044922,247.93507385253906,212.0369873046875,0.05964513123035431,3
