xmin,ymin,xmax,ymax,score,label
233.52281188964844,198.7666473388672,247.4491424560547,212.4249725341797,0.08041469007730484,3
