xmin,ymin,xmax,ymax,score,label
234.4932861328125,198.80906677246094,247.72781372070312,212.72079467773438,0.08192543685436249,3
