xmin,ymin,xmax,ymax,score,label
237.4637451171875,199.71612548828125,247.27000427246094,211.36526489257812,0.10385960340499878,3
