xmin,ymin,xmax,ymax,score,label
238.24383544921875,199.4990997314453,247.8854522705078,211.44833374023438,0.053559809923172,3
