xmin,ymin,xmax,ymax,score,label
231.9348907470703,198.44248962402344,247.13064575195312,212.60829162597656,0.05045011267066002,3
