xmin,ymin,xmax,ymax,score,label
234.45999145507812,198.7244415283203,247.86070251464844,212.74537658691406,0.10970046371221542,3
