xmin,ymin,xmax,ymax,score,label
233.072998046875,198.34458923339844,247.62843322753906,212.73741149902344,0.0648462176322937,3
