xmin,ymin,xmax,ymax,score,label
235.36618041992188,199.13087463378906,247.53001403808594,212.2413330078125,0.05292346701025963,3
