xmin,ymin,xmax,ymax,score,label
234.94137573242188,198.07785034179688,247.50714111328125,212.1580352783203,0.05103215575218201,3
