xmin,ymin,xmax,ymax,score,label
237.67459106445312,199.3206024169922,246.87677001953125,211.4718780517578,0.15424884855747223,3
