xmin,ymin,xmax,ymax,score,label
236.7603302001953,199.39208984375,247.32643127441406,211.45947265625,0.0756804421544075,3
