xmin,ymin,xmax,ymax,score,label
234.5217742919922,198.82972717285156,247.75546264648438,212.8055877685547,0.061473265290260315,3
