xmin,ymin,xmax,ymax,score,label
232.60128784179688,198.28076171875,247.71554565429688,212.80992126464844,0.18561674654483795,3
