xmin,ymin,xmax,ymax,score,label
234.47459411621094,198.53701782226562,247.41871643066406,212.84571838378906,0.07450331747531891,3
