xmin,ymin,xmax,ymax,score,label
233.3725128173828,198.06365966796875,247.77784729003906,212.47657775878906,0.09266279637813568,3
