xmin,ymin,xmax,ymax,score,label
233.33834838867188,198.0471649169922,247.83389282226562,212.46986389160156,0.08610573410987854,3
