xmin,ymin,xmax,ymax,score,label
234.09872436523438,199.6486053466797,247.24574279785156,212.5513153076172,0.1364624947309494,3
