xmin,ymin,xmax,ymax,score,label
237.46649169921875,199.76783752441406,247.15032958984375,211.34104919433594,0.099688321352005,3
