xmin,ymin,xmax,ymax,score,label
233.1269073486328,199.13934326171875,247.1503448486328,212.48780822753906,0.06505361944437027,3
