xmin,ymin,xmax,ymax,score,label
234.03355407714844,198.9252166748047,247.21234130859375,212.5647430419922,0.1088504046201706,3
