xmin,ymin,xmax,ymax,score,label
237.11109924316406,200.05154418945312,247.07180786132812,211.51486206054688,0.3518909811973572,3
