xmin,ymin,xmax,ymax,score,label
235.18406677246094,198.82852172851562,247.67926025390625,212.5496368408203,0.1825782060623169,3
