xmin,ymin,xmax,ymax,score,label
235.5498809814453,198.07374572753906,247.49017333984375,212.437744140625,0.05169671028852463,3
