xmin,ymin,xmax,ymax,score,label
235.6998748779297,198.0904083251953,247.6126251220703,212.3365936279297,0.05261077731847763,3
