xmin,ymin,xmax,ymax,score,label
236.6383056640625,198.52017211914062,247.8672332763672,211.80433654785156,0.2640242278575897,3
