xmin,ymin,xmax,ymax,score,label
237.09902954101562,199.78045654296875,247.05369567871094,211.56277465820312,0.25032877922058105,3
