xmin,ymin,xmax,ymax,score,label
236.81373596191406,199.72369384765625,247.25851440429688,212.01815795898438,0.2445656657218933,3
