xmin,ymin,xmax,ymax,score,label
235.56765747070312,198.07183837890625,247.45741271972656,212.33457946777344,0.07488760352134705,3
