xmin,ymin,xmax,ymax,score,label
233.43441772460938,198.05349731445312,247.26657104492188,212.40789794921875,0.12971794605255127,3
