xmin,ymin,xmax,ymax,score,label
235.40939331054688,198.15370178222656,247.88201904296875,212.25901794433594,0.07937948405742645,3
