xmin,ymin,xmax,ymax,score,label
234.2123565673828,198.90933227539062,247.6797637939453,212.82369995117188,0.11327660828828812,3
