xmin,ymin,xmax,ymax,score,label
235.1583709716797,198.37777709960938,247.59017944335938,212.0481719970703,0.0651635229587555,3
