xmin,ymin,xmax,ymax,score,label
233.8272247314453,199.0421600341797,247.4467010498047,212.7296600341797,0.18488195538520813,3
