xmin,ymin,xmax,ymax,score,label
234.28831481933594,198.98594665527344,247.56809997558594,213.06686401367188,0.11741801351308823,3
