xmin,ymin,xmax,ymax,score,label
237.9256591796875,200.1212615966797,247.2080535888672,211.4834442138672,0.10528072714805603,3
