xmin,ymin,xmax,ymax,score,label
235.76690673828125,199.30917358398438,247.57745361328125,212.45156860351562,0.28550347685813904,3
239.06138610839844,201.48672485351562,246.6414794921875,211.1156463623047,0.15338502824306488,3
