xmin,ymin,xmax,ymax,score,label
234.22549438476562,198.2725372314453,247.48130798339844,212.1623077392578,0.05667031183838844,3
