xmin,ymin,xmax,ymax,score,label
236.6026611328125,199.17002868652344,247.00970458984375,211.2366180419922,0.05043710023164749,3
