xmin,ymin,xmax,ymax,score,label
232.3948211669922,198.1772918701172,247.653564453125,212.39846801757812,0.05714831501245499,3
