xmin,ymin,xmax,ymax,score,label
233.59085083007812,198.4412078857422,247.50439453125,213.14541625976562,0.1341073364019394,3
