xmin,ymin,xmax,ymax,score,label
234.96530151367188,198.33628845214844,247.5840301513672,213.14405822753906,0.14567521214485168,3
