xmin,ymin,xmax,ymax,score,label
236.17190551757812,198.4263458251953,247.39398193359375,212.07643127441406,0.06831326335668564,3
