xmin,ymin,xmax,ymax,score,label
235.36276245117188,198.52723693847656,247.19656372070312,212.1403350830078,0.2149066925048828,3
237.5196533203125,197.7450408935547,244.1488494873047,205.2007598876953,0.13062860071659088,3
237.96885681152344,198.63145446777344,245.86956787109375,207.8387908935547,0.06876794248819351,3
