xmin,ymin,xmax,ymax,score,label
235.50808715820312,199.0174560546875,247.42599487304688,212.96910095214844,0.11170734465122223,3
240.30308532714844,201.99786376953125,246.1140899658203,212.4603271484375,0.06387355178594589,1
