xmin,ymin,xmax,ymax,score,label
235.8235626220703,199.0360565185547,247.49020385742188,212.88955688476562,0.18415339291095734,3
237.6143341064453,197.69654846191406,245.0920867919922,205.9374237060547,0.10798247903585434,3
238.85787963867188,202.0478057861328,245.96343994140625,211.64019775390625,0.06004450470209122,3
