xmin,ymin,xmax,ymax,score,label
238.47079467773438,200.85215759277344,246.7377166748047,211.06533813476562,0.06575372815132141,3
