xmin,ymin,xmax,ymax,score,label
234.32369995117188,198.98472595214844,247.6363525390625,213.0105743408203,0.09741328656673431,3
