xmin,ymin,xmax,ymax,score,label
234.2752227783203,198.9414520263672,247.62796020507812,212.89793395996094,0.05949597433209419,3
