xmin,ymin,xmax,ymax,score,label
235.55711364746094,198.34170532226562,247.6889190673828,211.76681518554688,0.06755527853965759,3
