xmin,ymin,xmax,ymax,score,label
235.90151977539062,198.7728729248047,247.79454040527344,211.73736572265625,0.15187104046344757,3
