xmin,ymin,xmax,ymax,score,label
236.87478637695312,198.7206268310547,247.02220153808594,211.52903747558594,0.05167659744620323,3
