xmin,ymin,xmax,ymax,score,label
236.54446411132812,198.72927856445312,247.65774536132812,211.72691345214844,0.06224929541349411,3
