xmin,ymin,xmax,ymax,score,label
235.9170379638672,198.95877075195312,247.0388946533203,212.07223510742188,0.113561250269413,3
