xmin,ymin,xmax,ymax,score,label
233.9678192138672,198.36260986328125,247.1639404296875,212.55877685546875,0.05555330589413643,3
