xmin,ymin,xmax,ymax,score,label
233.0489959716797,198.70437622070312,247.4605712890625,212.49061584472656,0.09109201282262802,3
