xmin,ymin,xmax,ymax,score,label
233.55667114257812,198.13230895996094,247.4502410888672,212.56573486328125,0.2391645312309265,3
