xmin,ymin,xmax,ymax,score,label
232.8164825439453,198.64256286621094,247.48953247070312,212.38436889648438,0.052342791110277176,3
