xmin,ymin,xmax,ymax,score,label
235.4534454345703,198.77679443359375,247.1725616455078,212.24461364746094,0.11783803999423981,3
