xmin,ymin,xmax,ymax,score,label
233.3813018798828,198.07557678222656,247.4448699951172,212.5696563720703,0.15390509366989136,3
