xmin,ymin,xmax,ymax,score,label
234.80325317382812,199.164306640625,247.40145874023438,212.77896118164062,0.0768301784992218,3
