xmin,ymin,xmax,ymax,score,label
235.24163818359375,198.2767333984375,247.54656982421875,212.1202392578125,0.06829915940761566,3
