xmin,ymin,xmax,ymax,score,label
235.58665466308594,198.1619110107422,247.65806579589844,211.98109436035156,0.05407676473259926,3
