xmin,ymin,xmax,ymax,score,label
235.29879760742188,198.3806610107422,247.64599609375,212.71456909179688,0.1172683909535408,3
