xmin,ymin,xmax,ymax,score,label
235.5743408203125,198.15065002441406,247.7685089111328,211.82273864746094,0.08899988979101181,3
