xmin,ymin,xmax,ymax,score,label
235.05430603027344,198.1371307373047,247.33847045898438,212.26654052734375,0.06416498124599457,3
