xmin,ymin,xmax,ymax,score,label
235.1117401123047,198.22323608398438,247.47103881835938,212.3545379638672,0.06668984144926071,3
