xmin,ymin,xmax,ymax,score,label
236.76071166992188,198.82171630859375,247.3893280029297,211.03338623046875,0.15930049121379852,3
