xmin,ymin,xmax,ymax,score,label
236.76832580566406,199.06021118164062,247.44525146484375,210.98294067382812,0.10312000662088394,3
