xmin,ymin,xmax,ymax,score,label
234.61094665527344,199.2744903564453,247.19369506835938,212.53404235839844,0.0927763283252716,3
