xmin,ymin,xmax,ymax,score,label
234.21133422851562,199.1869354248047,247.28485107421875,212.70652770996094,0.12031327933073044,3
