xmin,ymin,xmax,ymax,score,label
232.8289337158203,199.27169799804688,246.97666931152344,212.367431640625,0.10320866852998734,3
