xmin,ymin,xmax,ymax,score,label
234.5723876953125,199.25119018554688,247.20895385742188,212.54006958007812,0.062103282660245895,3
