xmin,ymin,xmax,ymax,score,label
235.7252655029297,198.5297088623047,247.34532165527344,211.84764099121094,0.14541207253932953,3
238.71762084960938,202.07315063476562,246.51231384277344,211.42860412597656,0.054736848920583725,3
