xmin,ymin,xmax,ymax,score,label
235.8047637939453,198.34869384765625,247.56817626953125,211.98350524902344,0.1317334920167923,3
