xmin,ymin,xmax,ymax,score,label
235.81813049316406,198.29495239257812,247.4456024169922,211.8326416015625,0.10119229555130005,3
