xmin,ymin,xmax,ymax,score,label
235.4077911376953,198.22816467285156,247.59188842773438,211.94122314453125,0.09568347036838531,3
