xmin,ymin,xmax,ymax,score,label
235.27645874023438,198.1642608642578,248.01065063476562,212.2523193359375,0.09543276578187943,3
