xmin,ymin,xmax,ymax,score,label
236.99557495117188,198.9405975341797,248.62265014648438,211.0801239013672,0.054233305156230927,3
