xmin,ymin,xmax,ymax,score,label
233.1901397705078,198.3392333984375,247.68280029296875,212.8078155517578,0.057565201073884964,3
