xmin,ymin,xmax,ymax,score,label
233.56544494628906,198.18919372558594,247.8915252685547,212.55245971679688,0.11946287006139755,3
