xmin,ymin,xmax,ymax,score,label
233.39532470703125,198.37889099121094,248.04891967773438,212.7759552001953,0.117117740213871,3
