xmin,ymin,xmax,ymax,score,label
235.53060913085938,198.38592529296875,248.0207061767578,211.89320373535156,0.07333418726921082,3
