xmin,ymin,xmax,ymax,score,label
234.8168487548828,198.302978515625,247.24591064453125,212.42864990234375,0.10057572275400162,3
