xmin,ymin,xmax,ymax,score,label
234.81898498535156,199.5032196044922,247.10435485839844,212.92825317382812,0.07050585746765137,3
