xmin,ymin,xmax,ymax,score,label
233.7556610107422,198.7368621826172,247.4348602294922,213.2003631591797,0.06593518704175949,3
