xmin,ymin,xmax,ymax,score,label
235.3447723388672,198.8870849609375,247.76683044433594,212.28758239746094,0.06779499351978302,3
