xmin,ymin,xmax,ymax,score,label
235.40567016601562,198.97938537597656,247.60940551757812,212.30572509765625,0.06528095155954361,3
