xmin,ymin,xmax,ymax,score,label
233.8230438232422,198.7935333251953,247.30462646484375,212.7930450439453,0.08571026474237442,3
