xmin,ymin,xmax,ymax,score,label
234.072509765625,198.6922149658203,247.47145080566406,212.84689331054688,0.0910797193646431,3
