xmin,ymin,xmax,ymax,score,label
232.8778533935547,198.1920166015625,247.12413024902344,212.49229431152344,0.16523033380508423,3
