xmin,ymin,xmax,ymax,score,label
234.88780212402344,199.1316375732422,247.30160522460938,212.35507202148438,0.0847170278429985,3
