xmin,ymin,xmax,ymax,score,label
237.28768920898438,200.97854614257812,246.92604064941406,211.84732055664062,0.24717400968074799,3
238.0553741455078,198.37008666992188,245.85597229003906,205.9198455810547,0.057655349373817444,3
