xmin,ymin,xmax,ymax,score,label
235.70834350585938,198.31826782226562,247.4925079345703,211.88824462890625,0.17174261808395386,3
