xmin,ymin,xmax,ymax,score,label
235.8630828857422,199.18287658691406,247.92877197265625,212.47698974609375,0.15802542865276337,3
