xmin,ymin,xmax,ymax,score,label
236.51171875,199.68682861328125,247.198974609375,211.59495544433594,0.05095742642879486,3
