xmin,ymin,xmax,ymax,score,label
233.8531494140625,198.7863311767578,247.2609405517578,212.5800018310547,0.06737089902162552,3
