xmin,ymin,xmax,ymax,score,label
234.1443634033203,198.8885498046875,247.2430877685547,212.7642364501953,0.06420239061117172,3
