xmin,ymin,xmax,ymax,score,label
237.2958526611328,199.73147583007812,246.9446563720703,211.6155242919922,0.05400797724723816,3
