xmin,ymin,xmax,ymax,score,label
235.38778686523438,198.21827697753906,247.4897918701172,211.90115356445312,0.054511941969394684,3
