xmin,ymin,xmax,ymax,score,label
234.69235229492188,198.4761199951172,247.62332153320312,212.70741271972656,0.05743943899869919,3
