xmin,ymin,xmax,ymax,score,label
233.0426483154297,199.021240234375,246.86251831054688,212.58665466308594,0.06798582524061203,3
