xmin,ymin,xmax,ymax,score,label
233.9886474609375,198.19772338867188,246.99037170410156,212.27194213867188,0.05234301835298538,3
