xmin,ymin,xmax,ymax,score,label
235.2166748046875,198.66278076171875,247.80873107910156,212.33786010742188,0.17614960670471191,3
