xmin,ymin,xmax,ymax,score,label
231.6524658203125,198.0775604248047,247.69285583496094,212.76023864746094,0.21181859076023102,3
