xmin,ymin,xmax,ymax,score,label
232.55331420898438,198.26873779296875,247.5321044921875,212.51565551757812,0.3561314046382904,3
232.20265197753906,198.16419982910156,247.387451171875,212.66278076171875,0.0707496702671051,8
