xmin,ymin,xmax,ymax,score,label
233.10397338867188,198.5086212158203,247.4579620361328,212.65992736816406,0.26908978819847107,3
