xmin,ymin,xmax,ymax,score,label
236.4443359375,198.81690979003906,247.62159729003906,211.98809814453125,0.2820347845554352,3
230.60061645507812,196.5931854248047,246.51275634765625,212.74298095703125,0.1545408070087433,3
