xmin,ymin,xmax,ymax,score,label
236.49720764160156,198.21156311035156,247.1605987548828,211.7853546142578,0.07548081874847412,3
