xmin,ymin,xmax,ymax,score,label
234.35714721679688,197.86865234375,247.32154846191406,212.50489807128906,0.10492898523807526,3
