xmin,ymin,xmax,ymax,score,label
234.30160522460938,198.3362274169922,247.4668426513672,213.1275177001953,0.3001798689365387,3
