xmin,ymin,xmax,ymax,score,label
232.9989471435547,198.41375732421875,247.40077209472656,212.0135040283203,0.07550343871116638,3
