xmin,ymin,xmax,ymax,score,label
234.7297821044922,198.4259490966797,247.6050262451172,212.11622619628906,0.09317881613969803,3
