xmin,ymin,xmax,ymax,score,label
235.13665771484375,198.58982849121094,247.8636016845703,212.19581604003906,0.07660862058401108,3
