xmin,ymin,xmax,ymax,score,label
236.31442260742188,198.4394073486328,247.26962280273438,211.53375244140625,0.0501524917781353,3
