xmin,ymin,xmax,ymax,score,label
233.13182067871094,197.99122619628906,247.19097900390625,211.90625,0.05005824193358421,3
