xmin,ymin,xmax,ymax,score,label
233.61463928222656,198.74937438964844,246.97354125976562,212.10093688964844,0.05807233974337578,3
