xmin,ymin,xmax,ymax,score,label
234.6113739013672,199.0723876953125,247.2875518798828,213.33473205566406,0.13433468341827393,3
