xmin,ymin,xmax,ymax,score,label
236.7729034423828,199.6385040283203,247.2616729736328,211.73980712890625,0.09187427163124084,3
