xmin,ymin,xmax,ymax,score,label
236.71408081054688,199.5825653076172,247.22401428222656,212.67344665527344,0.11655827611684799,3
