xmin,ymin,xmax,ymax,score,label
237.8357391357422,199.7393798828125,247.39483642578125,211.40806579589844,0.0919460654258728,3
231.32313537597656,198.31094360351562,247.40853881835938,212.48092651367188,0.0724029690027237,3
