xmin,ymin,xmax,ymax,score,label
234.19622802734375,198.838134765625,247.58041381835938,212.66952514648438,0.07631807029247284,3
