xmin,ymin,xmax,ymax,score,label
231.97264099121094,198.26316833496094,247.6557159423828,212.7874298095703,0.06571996212005615,3
