xmin,ymin,xmax,ymax,score,label
233.33729553222656,198.1759796142578,247.8085174560547,212.52682495117188,0.06316579878330231,3
239.0645751953125,199.42820739746094,247.0248565673828,211.38980102539062,0.05019274726510048,3
