xmin,ymin,xmax,ymax,score,label
281.5832824707031,279.081787109375,382.77203369140625,314.3021545410156,0.056535400450229645,3
