xmin,ymin,xmax,ymax,score,label
232.7391357421875,197.9601593017578,247.6776123046875,212.0257110595703,0.06020108237862587,3
239.19190979003906,199.53269958496094,247.0151824951172,211.32090759277344,0.05461603030562401,3
