xmin,ymin,xmax,ymax,score,label
236.9738311767578,198.9748992919922,247.13648986816406,211.4613800048828,0.14753839373588562,3
