xmin,ymin,xmax,ymax,score,label
237.17079162597656,199.2641143798828,247.04920959472656,211.51947021484375,0.1489645540714264,3
