xmin,ymin,xmax,ymax,score,label
237.29867553710938,199.1072540283203,247.1227569580078,211.43980407714844,0.08365330845117569,3
