xmin,ymin,xmax,ymax,score,label
236.6338653564453,199.5696258544922,247.38275146484375,211.62850952148438,0.09423889964818954,3
