xmin,ymin,xmax,ymax,score,label
232.2427215576172,198.24459838867188,247.3972930908203,212.4655303955078,0.0611439049243927,3
