xmin,ymin,xmax,ymax,score,label
234.8317108154297,198.57106018066406,247.3886260986328,212.93150329589844,0.07174210250377655,3
