xmin,ymin,xmax,ymax,score,label
235.0843505859375,198.654541015625,247.3390655517578,213.00807189941406,0.1303677260875702,3
