xmin,ymin,xmax,ymax,score,label
236.7652130126953,198.84495544433594,247.0972137451172,211.42308044433594,0.08832427859306335,3
