xmin,ymin,xmax,ymax,score,label
232.82850646972656,198.08966064453125,247.32058715820312,212.80958557128906,0.08340167254209518,3
