xmin,ymin,xmax,ymax,score,label
236.88221740722656,199.353759765625,246.99647521972656,211.84298706054688,0.09535114467144012,3
