xmin,ymin,xmax,ymax,score,label
233.89202880859375,197.8583984375,246.91709899902344,212.4232635498047,0.06095774844288826,3
