xmin,ymin,xmax,ymax,score,label
236.25262451171875,198.85549926757812,247.25546264648438,212.04490661621094,0.4200720191001892,3
229.60855102539062,198.46958923339844,243.3632354736328,209.83445739746094,0.05652241036295891,3
