xmin,ymin,xmax,ymax,score,label
236.50836181640625,199.1837615966797,247.41896057128906,211.51763916015625,0.08590353280305862,3
