xmin,ymin,xmax,ymax,score,label
237.6315460205078,199.2365264892578,247.09230041503906,211.3396759033203,0.27115684747695923,3
