xmin,ymin,xmax,ymax,score,label
238.18626403808594,199.30909729003906,247.335205078125,211.27310180664062,0.13017572462558746,3
