xmin,ymin,xmax,ymax,score,label
237.40145874023438,199.1356658935547,246.99273681640625,211.05638122558594,0.20080596208572388,3
