xmin,ymin,xmax,ymax,score,label
237.80125427246094,199.13780212402344,247.16976928710938,211.41954040527344,0.05537760630249977,3
