xmin,ymin,xmax,ymax,score,label
236.9989776611328,199.0316925048828,247.43600463867188,211.9237823486328,0.1518736183643341,3
