xmin,ymin,xmax,ymax,score,label
237.76963806152344,199.0938262939453,247.3151092529297,211.6021270751953,0.07819181680679321,3
