xmin,ymin,xmax,ymax,score,label
232.22225952148438,198.69602966308594,246.80575561523438,212.5325469970703,0.07191178947687149,3
