xmin,ymin,xmax,ymax,score,label
233.4997100830078,198.34190368652344,247.0048065185547,212.04185485839844,0.0972445085644722,3
