xmin,ymin,xmax,ymax,score,label
231.5656280517578,198.69210815429688,247.1064910888672,212.58099365234375,0.05443336069583893,3
