xmin,ymin,xmax,ymax,score,label
232.87974548339844,198.3046112060547,247.1207733154297,212.54258728027344,0.056266725063323975,3
