xmin,ymin,xmax,ymax,score,label
233.6613006591797,198.55592346191406,247.35153198242188,212.20704650878906,0.06408975273370743,3
