xmin,ymin,xmax,ymax,score,label
235.3824462890625,198.3704376220703,247.63412475585938,212.38099670410156,0.06406865268945694,3
