xmin,ymin,xmax,ymax,score,label
235.6673583984375,198.6429901123047,247.64247131347656,211.7211456298828,0.1042463406920433,3
