xmin,ymin,xmax,ymax,score,label
235.7047576904297,198.58560180664062,247.69503784179688,212.1162872314453,0.051159657537937164,3
