xmin,ymin,xmax,ymax,score,label
232.8986358642578,198.7633514404297,247.153076171875,212.15756225585938,0.05340546742081642,3
