xmin,ymin,xmax,ymax,score,label
235.21923828125,198.78663635253906,247.2449951171875,212.3148956298828,0.06946568936109543,3
