xmin,ymin,xmax,ymax,score,label
234.8253173828125,198.90213012695312,247.71356201171875,212.88494873046875,0.05029863491654396,3
