xmin,ymin,xmax,ymax,score,label
235.29364013671875,198.4064178466797,247.5857696533203,211.98280334472656,0.07610476762056351,3
