xmin,ymin,xmax,ymax,score,label
235.68101501464844,198.35169982910156,247.21961975097656,211.59059143066406,0.07613608986139297,3
