xmin,ymin,xmax,ymax,score,label
236.01223754882812,198.40216064453125,247.20053100585938,211.42906188964844,0.05187341943383217,3
