xmin,ymin,xmax,ymax,score,label
237.18040466308594,200.0324249267578,247.13577270507812,211.7808380126953,0.06472612917423248,3
