xmin,ymin,xmax,ymax,score,label
236.3524932861328,198.27972412109375,247.5496826171875,212.08763122558594,0.08015108853578568,3
