xmin,ymin,xmax,ymax,score,label
235.02403259277344,198.04042053222656,247.623779296875,212.2982177734375,0.06715033948421478,3
