xmin,ymin,xmax,ymax,score,label
234.7134246826172,198.3419189453125,247.75363159179688,212.08497619628906,0.09626255929470062,3
