xmin,ymin,xmax,ymax,score,label
234.71824645996094,198.39747619628906,247.7505645751953,212.20472717285156,0.11083043366670609,3
