xmin,ymin,xmax,ymax,score,label
234.7194366455078,198.4694366455078,247.84739685058594,212.3475799560547,0.11234285682439804,3
