xmin,ymin,xmax,ymax,score,label
238.6551055908203,199.6721954345703,246.816162109375,211.18177795410156,0.09456609189510345,3
