xmin,ymin,xmax,ymax,score,label
235.55477905273438,198.16073608398438,247.2909698486328,212.21697998046875,0.05899732559919357,3
