xmin,ymin,xmax,ymax,score,label
238.1351318359375,199.5023956298828,246.91195678710938,211.2459259033203,0.051902394741773605,3
