xmin,ymin,xmax,ymax,score,label
232.81468200683594,198.31436157226562,247.88111877441406,212.49822998046875,0.06444472819566727,3
