xmin,ymin,xmax,ymax,score,label
235.95608520507812,198.83840942382812,247.26063537597656,212.82920837402344,0.15327727794647217,3
