xmin,ymin,xmax,ymax,score,label
233.1781005859375,198.76541137695312,247.88150024414062,213.11424255371094,0.12924440205097198,3
