xmin,ymin,xmax,ymax,score,label
232.8894500732422,198.33204650878906,247.8961944580078,212.64566040039062,0.12096494436264038,3
