xmin,ymin,xmax,ymax,score,label
235.13609313964844,198.50791931152344,247.81597900390625,211.7775421142578,0.06661223620176315,3
