xmin,ymin,xmax,ymax,score,label
236.9084930419922,199.4443817138672,247.05572509765625,212.08187866210938,0.1462344378232956,3
