xmin,ymin,xmax,ymax,score,label
236.11178588867188,198.4571990966797,247.70223999023438,211.89894104003906,0.05197492986917496,3
