xmin,ymin,xmax,ymax,score,label
235.52490234375,198.20651245117188,247.49041748046875,211.6846466064453,0.0675358846783638,3
