xmin,ymin,xmax,ymax,score,label
235.56619262695312,198.23692321777344,247.7008056640625,212.20802307128906,0.09689829498529434,3
