xmin,ymin,xmax,ymax,score,label
235.44529724121094,199.21145629882812,247.62008666992188,212.5908203125,0.08492838591337204,3
