xmin,ymin,xmax,ymax,score,label
235.37384033203125,198.29916381835938,247.7130889892578,212.0707550048828,0.053314320743083954,3
