xmin,ymin,xmax,ymax,score,label
236.30099487304688,199.24591064453125,247.9939422607422,212.69212341308594,0.1239156574010849,3
