xmin,ymin,xmax,ymax,score,label
235.5673370361328,198.29490661621094,247.5764617919922,212.1414031982422,0.10378777235746384,3
