xmin,ymin,xmax,ymax,score,label
234.02586364746094,198.91061401367188,247.59274291992188,212.8168182373047,0.09760254621505737,3
