xmin,ymin,xmax,ymax,score,label
235.38250732421875,198.51144409179688,247.53578186035156,212.00367736816406,0.10953134298324585,3
