xmin,ymin,xmax,ymax,score,label
236.5956268310547,198.57969665527344,247.0149383544922,211.7517547607422,0.0514371395111084,3
