xmin,ymin,xmax,ymax,score,label
235.13902282714844,198.6737518310547,247.3017120361328,211.8365020751953,0.21907639503479004,3
