xmin,ymin,xmax,ymax,score,label
233.78570556640625,198.71926879882812,247.51368713378906,212.35325622558594,0.08976657688617706,3
