xmin,ymin,xmax,ymax,score,label
236.57080078125,199.3467559814453,247.1942901611328,211.1939697265625,0.051268503069877625,3
