xmin,ymin,xmax,ymax,score,label
235.2876434326172,198.6403350830078,247.3729705810547,211.89218139648438,0.06134113296866417,3
