xmin,ymin,xmax,ymax,score,label
235.43386840820312,198.73878479003906,247.29640197753906,211.687744140625,0.15045751631259918,3
