xmin,ymin,xmax,ymax,score,label
234.96432495117188,198.33152770996094,247.492431640625,212.283203125,0.051255498081445694,3
