xmin,ymin,xmax,ymax,score,label
235.362548828125,198.24546813964844,247.45558166503906,212.05194091796875,0.06967794895172119,3
