xmin,ymin,xmax,ymax,score,label
237.26504516601562,199.6791229248047,247.04283142089844,211.59555053710938,0.1831463724374771,3
