xmin,ymin,xmax,ymax,score,label
237.2786102294922,199.96595764160156,247.1876220703125,211.6757354736328,0.08876509964466095,3
