xmin,ymin,xmax,ymax,score,label
237.27955627441406,199.9144744873047,247.2294158935547,211.72964477539062,0.10998503863811493,3
