xmin,ymin,xmax,ymax,score,label
237.9154510498047,200.0598907470703,247.0753936767578,211.64340209960938,0.07691127061843872,3
