xmin,ymin,xmax,ymax,score,label
237.11935424804688,200.10165405273438,247.17538452148438,212.0468292236328,0.10461414605379105,3
