xmin,ymin,xmax,ymax,score,label
232.08433532714844,198.78485107421875,247.60922241210938,213.20733642578125,0.08084738999605179,3
