xmin,ymin,xmax,ymax,score,label
232.14222717285156,198.6285858154297,247.73260498046875,213.1155242919922,0.06736578792333603,3
