xmin,ymin,xmax,ymax,score,label
235.71104431152344,198.49818420410156,247.5321044921875,212.1040496826172,0.057977549731731415,3
