xmin,ymin,xmax,ymax,score,label
233.42105102539062,199.2876434326172,247.5424346923828,212.8001708984375,0.06909685581922531,3
