xmin,ymin,xmax,ymax,score,label
235.61785888671875,198.2683868408203,247.5106964111328,211.81298828125,0.05362005904316902,3
