xmin,ymin,xmax,ymax,score,label
233.71726989746094,199.95919799804688,247.62081909179688,212.75827026367188,0.06026255711913109,3
