xmin,ymin,xmax,ymax,score,label
235.1204071044922,198.64346313476562,247.25665283203125,211.79885864257812,0.10069937258958817,3
