xmin,ymin,xmax,ymax,score,label
235.69480895996094,198.51344299316406,247.72096252441406,211.7230682373047,0.056361451745033264,3
