xmin,ymin,xmax,ymax,score,label
234.66522216796875,198.7919158935547,247.56053161621094,212.46983337402344,0.06216162070631981,3
