xmin,ymin,xmax,ymax,score,label
234.3803253173828,199.35191345214844,247.41419982910156,212.90574645996094,0.1627485752105713,3
