xmin,ymin,xmax,ymax,score,label
232.5228729248047,198.42967224121094,247.12213134765625,212.53135681152344,0.05974682793021202,3
