xmin,ymin,xmax,ymax,score,label
238.0816192626953,199.7349395751953,247.2044677734375,211.4064483642578,0.062493160367012024,3
