xmin,ymin,xmax,ymax,score,label
235.6077423095703,199.54051208496094,247.2531280517578,212.09103393554688,0.06483457237482071,3
