xmin,ymin,xmax,ymax,score,label
236.39901733398438,199.51870727539062,247.13632202148438,212.08837890625,0.1150381863117218,3
