xmin,ymin,xmax,ymax,score,label
235.81126403808594,199.63626098632812,247.1974639892578,212.1155548095703,0.1096130833029747,3
