xmin,ymin,xmax,ymax,score,label
235.49432373046875,199.22776794433594,247.2589569091797,212.1875,0.09365719556808472,3
