xmin,ymin,xmax,ymax,score,label
235.7150115966797,198.78656005859375,247.27659606933594,211.97703552246094,0.0593331940472126,3
