xmin,ymin,xmax,ymax,score,label
235.9003448486328,198.92564392089844,247.13235473632812,211.66871643066406,0.09101816266775131,3
