xmin,ymin,xmax,ymax,score,label
235.39227294921875,198.63201904296875,247.35800170898438,212.31922912597656,0.07377859950065613,3
