xmin,ymin,xmax,ymax,score,label
235.5111083984375,199.18040466308594,247.40689086914062,212.8563995361328,0.10112331807613373,3
