xmin,ymin,xmax,ymax,score,label
234.259033203125,199.91380310058594,247.6900177001953,213.18130493164062,0.31564462184906006,3
