xmin,ymin,xmax,ymax,score,label
233.66326904296875,198.91053771972656,247.61085510253906,212.78707885742188,0.09870576858520508,3
