xmin,ymin,xmax,ymax,score,label
233.47828674316406,198.9174346923828,247.56954956054688,212.6554718017578,0.05235479027032852,3
