xmin,ymin,xmax,ymax,score,label
234.21875,199.863525390625,247.67501831054688,213.15574645996094,0.3027362823486328,3
