xmin,ymin,xmax,ymax,score,label
233.04885864257812,198.43182373046875,247.22198486328125,212.6125030517578,0.0731186792254448,3
