xmin,ymin,xmax,ymax,score,label
233.58917236328125,198.52081298828125,247.77066040039062,212.80010986328125,0.05037108063697815,3
