xmin,ymin,xmax,ymax,score,label
237.00338745117188,198.65774536132812,247.33782958984375,211.325927734375,0.05925110727548599,3
