xmin,ymin,xmax,ymax,score,label
236.0992889404297,199.10438537597656,247.78128051757812,212.2690887451172,0.13845477998256683,3
