xmin,ymin,xmax,ymax,score,label
232.63291931152344,198.34986877441406,247.82717895507812,212.6259765625,0.06132993847131729,3
