xmin,ymin,xmax,ymax,score,label
235.03277587890625,198.2675323486328,247.83274841308594,212.13018798828125,0.053563110530376434,3
