xmin,ymin,xmax,ymax,score,label
231.279296875,198.66929626464844,247.38868713378906,212.392578125,0.08060423284769058,3
