xmin,ymin,xmax,ymax,score,label
237.8243865966797,199.79275512695312,247.3399200439453,211.0639190673828,0.05213461443781853,3
