xmin,ymin,xmax,ymax,score,label
233.20423889160156,198.65435791015625,247.8116455078125,213.05970764160156,0.11316395550966263,3
