xmin,ymin,xmax,ymax,score,label
234.52769470214844,198.1102752685547,248.047607421875,212.85682678222656,0.06053337827324867,3
