xmin,ymin,xmax,ymax,score,label
232.6256561279297,198.21511840820312,247.1164093017578,212.23495483398438,0.0532093346118927,3
