xmin,ymin,xmax,ymax,score,label
236.53602600097656,199.2682647705078,246.8165283203125,211.59193420410156,0.05195445939898491,3
