xmin,ymin,xmax,ymax,score,label
232.8131561279297,198.25137329101562,247.20350646972656,212.17324829101562,0.052749648690223694,3
