xmin,ymin,xmax,ymax,score,label
377.62811279296875,267.3870849609375,436.9590759277344,306.8304748535156,0.8371995687484741,3
