xmin,ymin,xmax,ymax,score,label
498.2724609375,365.6859130859375,638.954345703125,450.33404541015625,0.9196288585662842,3
