xmin,ymin,xmax,ymax,score,label
393.4383544921875,277.609375,460.4750061035156,323.8338928222656,0.9460079073905945,3
