xmin,ymin,xmax,ymax,score,label
435.3330993652344,310.1715087890625,530.8189697265625,371.23126220703125,0.9970054030418396,3
