xmin,ymin,xmax,ymax,score,label
412.3692321777344,292.603515625,490.9418640136719,344.344482421875,0.9977248311042786,3
