xmin,ymin,xmax,ymax,score,label
571.099365234375,406.3012390136719,640.0,475.2618408203125,0.6463893055915833,3
