xmin,ymin,xmax,ymax,score,label
356.1528625488281,255.0878143310547,400.65472412109375,284.8172607421875,0.9821772575378418,3
