xmin,ymin,xmax,ymax,score,label
366.49090576171875,260.12744140625,416.309814453125,294.9546203613281,0.9964978098869324,3
358.9609680175781,276.5794677734375,411.10638427734375,294.53155517578125,0.17321404814720154,3
