xmin,ymin,xmax,ymax,score,label
466.025146484375,332.5499267578125,584.0635375976562,408.81512451171875,0.9907187819480896,3
