xmin,ymin,xmax,ymax,score,label
346.9564208984375,249.08502197265625,387.1603088378906,276.6747131347656,0.9877977967262268,3
351.22064208984375,249.3858642578125,384.6578674316406,264.6245422363281,0.08512488752603531,3
