xmin,ymin,xmax,ymax,score,label
324.70916748046875,238.70486450195312,358.68634033203125,258.9565124511719,0.9479895830154419,3
323.3194274902344,238.09446716308594,359.2492370605469,258.76507568359375,0.13092158734798431,8
295.0514831542969,239.75506591796875,318.9600524902344,255.7671661376953,0.09419965744018555,3
