xmin,ymin,xmax,ymax,score,label
324.2187805175781,235.8280487060547,351.4788513183594,254.9127197265625,0.9783464074134827,3
294.9657287597656,234.638427734375,353.2345886230469,256.48394775390625,0.07870444655418396,3
294.15277099609375,240.39370727539062,319.94781494140625,255.59617614746094,0.06840242445468903,3
