xmin,ymin,xmax,ymax,score,label
308.6900634765625,226.99415588378906,329.32611083984375,241.3426971435547,0.8619593381881714,3
305.4677734375,226.90975952148438,328.89019775390625,241.83656311035156,0.3647994101047516,8
