xmin,ymin,xmax,ymax,score,label
336.9293518066406,245.23118591308594,375.97161865234375,269.17901611328125,0.9897693395614624,3
