xmin,ymin,xmax,ymax,score,label
314.3958740234375,230.68582153320312,339.8085632324219,247.03099060058594,0.9806448817253113,3
