xmin,ymin,xmax,ymax,score,label
311.7559509277344,228.70152282714844,334.1892395019531,244.80213928222656,0.9708418846130371,3
