xmin,ymin,xmax,ymax,score,label
305.5731506347656,225.0347442626953,324.91473388671875,239.3480224609375,0.836045503616333,3
304.3376159667969,224.96688842773438,324.90399169921875,239.83775329589844,0.37354621291160583,8
296.1451110839844,243.2274932861328,317.6797790527344,255.6969757080078,0.05488564074039459,3
302.291015625,224.14512634277344,325.5549621582031,251.29483032226562,0.0541105754673481,8
