xmin,ymin,xmax,ymax,score,label
332.9144287109375,241.44456481933594,366.6310119628906,263.934326171875,0.9811434745788574,3
294.3348693847656,240.83961486816406,319.3583984375,255.0697784423828,0.07899933308362961,3
