xmin,ymin,xmax,ymax,score,label
319.7151794433594,233.2509002685547,345.0986022949219,251.02708435058594,0.9802928566932678,3
