xmin,ymin,xmax,ymax,score,label
281.4382019042969,214.08624267578125,294.0146484375,223.6654052734375,0.8614199161529541,3
280.369140625,212.9288787841797,294.5391540527344,223.33241271972656,0.06915832310914993,8
