xmin,ymin,xmax,ymax,score,label
294.1741638183594,219.54595947265625,310.488525390625,231.5039825439453,0.9381796717643738,3
293.2992248535156,219.26812744140625,310.2183532714844,231.1683349609375,0.1123112142086029,8
295.19775390625,235.00343322753906,318.2726135253906,254.53964233398438,0.06254906952381134,3
