xmin,ymin,xmax,ymax,score,label
291.97454833984375,219.12632751464844,306.9664001464844,229.7830352783203,0.9182146787643433,3
291.024169921875,218.52938842773438,306.8449401855469,229.4626922607422,0.12278912961483002,8
233.56393432617188,198.96493530273438,247.31727600097656,212.9708251953125,0.08519374579191208,3
