xmin,ymin,xmax,ymax,score,label
296.5919494628906,221.26589965820312,312.93841552734375,232.9281768798828,0.8521770238876343,3
295.5204162597656,220.91258239746094,313.74560546875,233.6903839111328,0.11426933854818344,8
233.1212921142578,198.98606872558594,247.2235870361328,212.7517852783203,0.05767735093832016,3
