xmin,ymin,xmax,ymax,score,label
284.36822509765625,214.64942932128906,296.5487976074219,224.38381958007812,0.7772419452667236,3
