xmin,ymin,xmax,ymax,score,label
299.9180908203125,222.57969665527344,317.07159423828125,235.16754150390625,0.9298818111419678,3
296.9669494628906,240.32302856445312,318.5133056640625,255.28468322753906,0.13360321521759033,3
298.4756774902344,221.20480346679688,307.19329833984375,232.34303283691406,0.0590989850461483,1
