xmin,ymin,xmax,ymax,score,label
288.858154296875,217.7829132080078,304.2394104003906,228.3564453125,0.8454311490058899,3
288.30828857421875,217.7731475830078,303.9814758300781,227.65451049804688,0.22536009550094604,8
286.73028564453125,216.9359893798828,298.6042785644531,225.96942138671875,0.07076317816972733,3
