xmin,ymin,xmax,ymax,score,label
287.9205322265625,216.9290313720703,301.10052490234375,226.75538635253906,0.8675083518028259,3
286.5299072265625,216.6531982421875,301.80621337890625,227.54017639160156,0.22659185528755188,8
285.16864013671875,216.88665771484375,293.8226623535156,225.23704528808594,0.05512934923171997,3
