xmin,ymin,xmax,ymax,score,label
302.2553405761719,223.62344360351562,320.7098083496094,237.0438690185547,0.933615505695343,3
300.250732421875,223.43026733398438,320.9723815917969,237.44288635253906,0.13687580823898315,8
298.75927734375,238.52037048339844,319.24029541015625,255.1045684814453,0.05823074281215668,3
