xmin,ymin,xmax,ymax,score,label
284.6541442871094,215.8606414794922,298.66815185546875,225.27186584472656,0.9559555053710938,3
284.4537658691406,215.8866424560547,299.114501953125,225.35195922851562,0.05579651519656181,8
