xmin,ymin,xmax,ymax,score,label
278.9989929199219,212.9824981689453,290.0954895019531,221.61183166503906,0.7663633823394775,3
277.9996337890625,211.71575927734375,290.1695556640625,221.6490478515625,0.09632229804992676,8
