xmin,ymin,xmax,ymax,score,label
275.2449951171875,210.89662170410156,286.1780700683594,219.47349548339844,0.45399242639541626,3
274.1739807128906,210.52984619140625,286.1921691894531,218.81170654296875,0.25589850544929504,8
