xmin,ymin,xmax,ymax,score,label
272.7351989746094,209.98760986328125,282.3045959472656,217.64878845214844,0.8473082780838013,3
273.3210754394531,213.0579071044922,281.90728759765625,218.51829528808594,0.10192381590604782,3
272.01422119140625,209.1300506591797,282.7138366699219,217.94699096679688,0.0629475936293602,8
236.30506896972656,199.07260131835938,248.78268432617188,212.86524963378906,0.05073649436235428,3
