xmin,ymin,xmax,ymax,score,label
268.020263671875,208.1726531982422,277.2966003417969,215.0523681640625,0.19465160369873047,3
