xmin,ymin,xmax,ymax,score,label
280.294921875,213.71023559570312,292.30474853515625,222.32791137695312,0.8813076615333557,3
279.3726806640625,212.20606994628906,292.6700439453125,222.23826599121094,0.1358850747346878,8
