xmin,ymin,xmax,ymax,score,label
271.2520751953125,209.49172973632812,280.7843322753906,216.5613250732422,0.8890461325645447,3
270.5000915527344,207.97731018066406,281.2867736816406,216.69024658203125,0.08183568716049194,8
237.9878387451172,201.51510620117188,247.4252166748047,212.09376525878906,0.07020965218544006,3
