xmin,ymin,xmax,ymax,score,label
273.52392578125,210.62423706054688,284.71636962890625,218.1374969482422,0.8050717115402222,3
236.1325225830078,199.413330078125,247.54811096191406,211.4553985595703,0.1315668225288391,3
272.64971923828125,209.34178161621094,285.0204772949219,218.50013732910156,0.10046058893203735,8
