xmin,ymin,xmax,ymax,score,label
270.4936218261719,209.36264038085938,279.67718505859375,215.85830688476562,0.8660659193992615,3
269.4914245605469,208.3828887939453,280.0108642578125,216.21739196777344,0.1176801472902298,8
