xmin,ymin,xmax,ymax,score,label
265.9896545410156,208.00987243652344,275.84246826171875,214.46485900878906,0.8243562579154968,3
264.8818664550781,207.40000915527344,272.041259765625,213.95851135253906,0.24204333126544952,3
264.66888427734375,206.71429443359375,276.52569580078125,215.0714111328125,0.07635410130023956,8
