xmin,ymin,xmax,ymax,score,label
276.9104309082031,211.8457489013672,287.871826171875,220.6375274658203,0.7796663641929626,3
274.61077880859375,210.74000549316406,288.069091796875,220.3535614013672,0.2791809141635895,8
275.0795593261719,211.65968322753906,283.6650085449219,219.3735809326172,0.14331050217151642,3
273.5816345214844,210.9049530029297,280.89703369140625,218.09945678710938,0.10434118658304214,8
