xmin,ymin,xmax,ymax,score,label
261.8014831542969,206.1827392578125,269.62969970703125,211.9805450439453,0.48702624440193176,3
261.671630859375,206.14903259277344,269.5589904785156,211.97361755371094,0.07082034647464752,8
