xmin,ymin,xmax,ymax,score,label
264.97650146484375,207.5249786376953,272.15911865234375,212.89447021484375,0.38502052426338196,3
263.3603515625,205.87579345703125,273.46160888671875,213.85084533691406,0.0830216109752655,3
