xmin,ymin,xmax,ymax,score,label
263.40966796875,206.4363250732422,270.7705078125,212.2594757080078,0.2358614206314087,3
