xmin,ymin,xmax,ymax,score,label
265.4460754394531,207.4678955078125,272.8763732910156,213.6974334716797,0.38339176774024963,3
