xmin,ymin,xmax,ymax,score,label
260.803466796875,204.87326049804688,265.4203796386719,211.64915466308594,0.09515947848558426,1
