xmin,ymin,xmax,ymax,score,label
265.97869873046875,207.41351318359375,274.6793518066406,213.7706756591797,0.8283675312995911,3
264.9964904785156,206.53575134277344,275.2511291503906,214.24990844726562,0.06231604516506195,8
