xmin,ymin,xmax,ymax,score,label
260.81915283203125,204.48565673828125,266.7779235839844,211.9436492919922,0.12440640479326248,1
