xmin,ymin,xmax,ymax,score,label
257.01275634765625,203.6892852783203,263.2630920410156,209.49896240234375,0.08281338959932327,3
