xmin,ymin,xmax,ymax,score,label
257.1249694824219,201.42030334472656,262.51226806640625,209.28736877441406,0.10068262368440628,1
