xmin,ymin,xmax,ymax,score,label
232.75164794921875,197.6899871826172,247.96238708496094,211.56466674804688,0.05682068690657616,3
