xmin,ymin,xmax,ymax,score,label
238.56930541992188,198.36569213867188,248.2948760986328,206.0181427001953,0.08092079311609268,3
233.11178588867188,197.68043518066406,247.70335388183594,211.2611541748047,0.07765461504459381,3
