xmin,ymin,xmax,ymax,score,label
234.88401794433594,197.7356414794922,248.13111877441406,211.43109130859375,0.07814908772706985,3
237.30206298828125,198.4085235595703,246.3312530517578,205.12313842773438,0.05557585135102272,3
