xmin,ymin,xmax,ymax,score,label
234.56016540527344,199.46644592285156,247.1963653564453,212.51373291015625,0.13057014346122742,3
