xmin,ymin,xmax,ymax,score,label
234.66310119628906,199.3777618408203,247.24293518066406,212.39414978027344,0.16832715272903442,3
239.08872985839844,201.9534149169922,246.5533447265625,211.77793884277344,0.09222757071256638,3
235.92408752441406,197.0254669189453,243.2045135498047,205.5640411376953,0.07194989919662476,1
239.9255828857422,201.376220703125,246.29803466796875,212.5716552734375,0.05332446098327637,1
236.77845764160156,198.86447143554688,247.54776000976562,213.62583923339844,0.05187466740608215,1
