xmin,ymin,xmax,ymax,score,label
234.76039123535156,198.78529357910156,247.34048461914062,211.80555725097656,0.09939617663621902,3
