xmin,ymin,xmax,ymax,score,label
234.60934448242188,199.5555419921875,247.22235107421875,212.3896942138672,0.15969601273536682,3
236.197998046875,197.0637969970703,243.10704040527344,205.42918395996094,0.0762341096997261,1
238.8860626220703,202.04173278808594,246.6129150390625,212.0322265625,0.07216299325227737,3
239.9065399169922,201.4149627685547,246.37025451660156,212.86927795410156,0.06536946445703506,1
236.6611328125,198.74766540527344,247.45059204101562,213.62234497070312,0.056691210716962814,1
