xmin,ymin,xmax,ymax,score,label
235.1484375,198.65988159179688,247.62466430664062,212.52389526367188,0.0669756755232811,3
