xmin,ymin,xmax,ymax,score,label
234.89183044433594,198.22511291503906,247.3621063232422,212.22247314453125,0.11001307517290115,3
