xmin,ymin,xmax,ymax,score,label
233.95989990234375,198.6779327392578,247.4059295654297,212.87477111816406,0.05157153680920601,3
