xmin,ymin,xmax,ymax,score,label
234.76788330078125,198.71188354492188,247.5358123779297,212.88882446289062,0.0653676986694336,3
