xmin,ymin,xmax,ymax,score,label
236.62477111816406,199.66574096679688,247.06959533691406,212.08274841308594,0.06279225647449493,3
