xmin,ymin,xmax,ymax,score,label
235.54150390625,198.07533264160156,247.36358642578125,212.1775665283203,0.05036474019289017,3
