xmin,ymin,xmax,ymax,score,label
237.7031707763672,199.7834930419922,246.7797088623047,211.4635772705078,0.05404070392251015,3
