xmin,ymin,xmax,ymax,score,label
232.89813232421875,198.12457275390625,247.10414123535156,212.78030395507812,0.14903008937835693,3
