xmin,ymin,xmax,ymax,score,label
234.44345092773438,199.1271209716797,247.30079650878906,212.76902770996094,0.1768672913312912,3
