xmin,ymin,xmax,ymax,score,label
234.46852111816406,199.1364288330078,247.29490661621094,212.7595977783203,0.17885610461235046,3
238.333984375,200.05357360839844,246.0781707763672,210.62469482421875,0.05214963108301163,3
