xmin,ymin,xmax,ymax,score,label
235.11094665527344,198.33767700195312,246.99986267089844,211.86663818359375,0.13204751908779144,3
238.11355590820312,198.86669921875,245.91293334960938,208.73587036132812,0.05055644363164902,3
