xmin,ymin,xmax,ymax,score,label
232.9393310546875,198.3932647705078,247.1974639892578,212.84146118164062,0.23714178800582886,3
237.36012268066406,199.8499298095703,247.07862854003906,209.83961486816406,0.055399686098098755,3
