xmin,ymin,xmax,ymax,score,label
234.61048889160156,199.0933074951172,247.36065673828125,212.81600952148438,0.0651492103934288,3
