xmin,ymin,xmax,ymax,score,label
237.3162078857422,198.9917449951172,247.64755249023438,211.2277374267578,0.06801635771989822,3
