xmin,ymin,xmax,ymax,score,label
237.09170532226562,198.83607482910156,247.1430206298828,211.1990203857422,0.16765965521335602,3
