xmin,ymin,xmax,ymax,score,label
237.38589477539062,199.21072387695312,246.97393798828125,211.01242065429688,0.20221811532974243,3
236.93133544921875,197.89190673828125,244.96534729003906,206.80075073242188,0.05775701627135277,3
