xmin,ymin,xmax,ymax,score,label
234.24908447265625,198.57276916503906,247.3469696044922,212.72267150878906,0.14794810116291046,3
