xmin,ymin,xmax,ymax,score,label
233.77880859375,198.4326171875,247.02076721191406,212.34104919433594,0.11966414749622345,3
