xmin,ymin,xmax,ymax,score,label
232.9490203857422,198.76243591308594,246.92027282714844,212.8911895751953,0.12252241373062134,3
