xmin,ymin,xmax,ymax,score,label
233.67800903320312,198.43447875976562,247.08091735839844,212.45541381835938,0.11170770972967148,3
