xmin,ymin,xmax,ymax,score,label
233.3582000732422,199.5322723388672,247.38394165039062,213.29971313476562,0.13470609486103058,3
