xmin,ymin,xmax,ymax,score,label
232.69227600097656,198.65170288085938,247.05462646484375,212.59861755371094,0.11979634314775467,3
