xmin,ymin,xmax,ymax,score,label
434.1209716796875,308.24151611328125,562.5763549804688,386.3915100097656,0.9984997510910034,3
