xmin,ymin,xmax,ymax,score,label
509.5625305175781,364.6995544433594,640.0,477.541748046875,0.962509036064148,3
