xmin,ymin,xmax,ymax,score,label
409.3578186035156,290.8732604980469,513.107421875,358.2904968261719,0.9942455887794495,3
