xmin,ymin,xmax,ymax,score,label
465.3900451660156,334.2174072265625,628.4596557617188,435.3844299316406,0.9979791045188904,3
