xmin,ymin,xmax,ymax,score,label
392.3594055175781,276.2522888183594,477.8985900878906,337.25018310546875,0.9800002574920654,3
281.234619140625,280.3324279785156,372.7950439453125,308.4078369140625,0.1838783174753189,3
391.2586364746094,276.858642578125,479.3827819824219,334.9064636230469,0.06289374083280563,8
