xmin,ymin,xmax,ymax,score,label
367.2773132324219,257.50201416015625,428.2001647949219,299.4171142578125,0.9302917122840881,3
363.7620544433594,258.0927734375,427.3608703613281,301.726806640625,0.24214977025985718,8
