xmin,ymin,xmax,ymax,score,label
373.71014404296875,266.4049377441406,450.5905456542969,315.27423095703125,0.6574795842170715,8
378.7369689941406,265.3680725097656,448.7596740722656,315.3699951171875,0.6090381145477295,3
282.3196105957031,279.1646728515625,368.13934326171875,306.5200500488281,0.08497658371925354,3
