xmin,ymin,xmax,ymax,score,label
237.36563110351562,199.3614501953125,246.99720764160156,211.3611297607422,0.08639530837535858,3
