xmin,ymin,xmax,ymax,score,label
312.0408935546875,224.5738983154297,334.59356689453125,243.49266052246094,0.9631364941596985,3
310.45501708984375,224.8216094970703,334.5188903808594,243.65631103515625,0.09450894594192505,8
