xmin,ymin,xmax,ymax,score,label
343.0959777832031,243.5915985107422,383.4063415527344,270.8310241699219,0.9004826545715332,3
337.8846130371094,242.14012145996094,384.6547546386719,274.1875,0.2473158836364746,8
