xmin,ymin,xmax,ymax,score,label
334.3272399902344,239.85574340820312,373.8733215332031,267.4708557128906,0.9669130444526672,3
327.461669921875,253.61318969726562,371.0815124511719,267.6631774902344,0.2645077705383301,3
345.65997314453125,239.7117156982422,372.12066650390625,254.54080200195312,0.0791066363453865,3
335.51025390625,240.12757873535156,374.11669921875,266.31854248046875,0.05315132439136505,8
