xmin,ymin,xmax,ymax,score,label
326.9682312011719,236.8677520751953,365.158447265625,262.2110900878906,0.9416784048080444,3
323.4217834472656,247.78111267089844,362.7847595214844,263.1849670410156,0.15043210983276367,3
327.30029296875,236.7121124267578,365.2626037597656,262.4471435546875,0.12681683897972107,8
