xmin,ymin,xmax,ymax,score,label
356.6882019042969,251.41738891601562,410.35009765625,291.1278991699219,0.9701142311096191,3
352.3182373046875,251.40528869628906,410.0698547363281,290.1771240234375,0.08320247381925583,8
