xmin,ymin,xmax,ymax,score,label
350.4483642578125,247.4221649169922,395.020751953125,278.31561279296875,0.8822395205497742,3
345.94976806640625,247.78530883789062,395.4826965332031,281.00872802734375,0.3965694308280945,8
340.44482421875,258.671142578125,393.8770446777344,283.01971435546875,0.08688800036907196,3
