xmin,ymin,xmax,ymax,score,label
325.2334289550781,233.37640380859375,357.77154541015625,257.35113525390625,0.9673567414283752,3
322.1659851074219,232.9041290283203,357.982421875,257.17657470703125,0.08601386845111847,8
294.849365234375,239.87152099609375,318.662353515625,255.89549255371094,0.055351372808218,3
