xmin,ymin,xmax,ymax,score,label
318.13427734375,229.64349365234375,345.0664367675781,249.45762634277344,0.983481228351593,3
324.6836853027344,229.64439392089844,345.0903015136719,241.60516357421875,0.08380456268787384,3
234.73997497558594,199.08468627929688,247.16671752929688,212.7193145751953,0.06824254244565964,3
