xmin,ymin,xmax,ymax,score,label
319.9251708984375,231.18270874023438,350.69476318359375,253.1346435546875,0.9795296788215637,3
330.75,231.23402404785156,351.0166015625,247.9951629638672,0.10285317897796631,3
286.8718566894531,228.12472534179688,353.1438293457031,255.22373962402344,0.07274196296930313,3
234.5231170654297,199.04429626464844,247.47874450683594,212.4940185546875,0.058717820793390274,3
