xmin,ymin,xmax,ymax,score,label
316.1795654296875,226.80686950683594,339.1610107421875,247.1914520263672,0.9665366411209106,3
309.4803161621094,226.16786193847656,339.1010437011719,246.6694793701172,0.08292824029922485,8
322.6934814453125,227.89271545410156,337.8311767578125,235.2019500732422,0.07540471851825714,3
234.48875427246094,199.04664611816406,247.25314331054688,212.851806640625,0.06484482437372208,3
308.54193115234375,233.948974609375,338.5381164550781,248.0703582763672,0.05912837013602257,3
