xmin,ymin,xmax,ymax,score,label
296.0935363769531,218.63995361328125,315.0810241699219,232.01148986816406,0.9455878734588623,3
234.55697631835938,199.01739501953125,247.34848022460938,212.7906951904297,0.08341037482023239,3
295.0632629394531,218.2449188232422,315.520263671875,231.19068908691406,0.06957615911960602,8
304.8310241699219,217.93142700195312,316.2864990234375,227.0038299560547,0.06909643858671188,3
283.1268310546875,190.19895935058594,295.1611328125,197.2605438232422,0.06546650826931,3
