xmin,ymin,xmax,ymax,score,label
294.11822509765625,217.93173217773438,311.68426513671875,230.94210815429688,0.9652135372161865,3
