xmin,ymin,xmax,ymax,score,label
307.1922302246094,223.01876831054688,329.72705078125,240.7482452392578,0.9591771960258484,3
302.30950927734375,222.36985778808594,330.8641357421875,240.12234497070312,0.0758042111992836,8
