xmin,ymin,xmax,ymax,score,label
303.9887390136719,222.7801513671875,326.2835998535156,239.3218231201172,0.9663315415382385,3
302.0378723144531,222.4069366455078,326.2559814453125,238.72811889648438,0.051933493465185165,8
