xmin,ymin,xmax,ymax,score,label
285.908447265625,213.80203247070312,300.6856384277344,224.9911346435547,0.9508103728294373,3
289.4434814453125,212.67701721191406,300.70697021484375,220.16595458984375,0.06712288409471512,3
286.6483459472656,213.49757385253906,300.94757080078125,225.46458435058594,0.059068016707897186,8
