xmin,ymin,xmax,ymax,score,label
288.9096984863281,214.45977783203125,303.7994689941406,227.19308471679688,0.9283771514892578,3
288.6869201660156,214.27052307128906,303.6606750488281,227.2146453857422,0.10727936774492264,8
235.80642700195312,198.94140625,248.27772521972656,212.6475067138672,0.07772137224674225,3
