xmin,ymin,xmax,ymax,score,label
298.8382263183594,219.3950958251953,318.5418701171875,234.35557556152344,0.980945348739624,3
234.2492218017578,198.8966064453125,247.45758056640625,212.88406372070312,0.07594482600688934,3
