xmin,ymin,xmax,ymax,score,label
290.2353515625,215.5972900390625,306.15869140625,228.30857849121094,0.9326736927032471,3
289.5633239746094,215.01953125,306.1789855957031,228.21949768066406,0.08320589363574982,8
295.8918762207031,215.7888641357422,307.1583251953125,225.8235626220703,0.056011319160461426,3
