xmin,ymin,xmax,ymax,score,label
301.52130126953125,221.59376525878906,322.3056335449219,237.33824157714844,0.9823694825172424,3
237.77664184570312,199.59725952148438,247.04721069335938,211.88096618652344,0.09434659779071808,3
