xmin,ymin,xmax,ymax,score,label
292.5594482421875,216.56838989257812,308.9208984375,229.52085876464844,0.9608296751976013,3
288.2602233886719,217.11329650878906,296.6910400390625,226.9120330810547,0.09441359341144562,3
291.0823669433594,215.6342315673828,309.15374755859375,229.3498992919922,0.06716233491897583,8
