xmin,ymin,xmax,ymax,score,label
275.8324279785156,210.37364196777344,287.8287048339844,218.58969116210938,0.6916224360466003,3
274.8025817871094,209.44818115234375,288.4698791503906,218.9593048095703,0.45933324098587036,8
238.13621520996094,198.59771728515625,280.54888916015625,219.84912109375,0.13547536730766296,8
234.59519958496094,198.7811737060547,247.3533172607422,211.64404296875,0.11196629703044891,3
237.83482360839844,198.18894958496094,280.0019836425781,219.50009155273438,0.0668928325176239,6
284.3641052246094,191.28106689453125,294.8595275878906,197.53302001953125,0.06626910716295242,3
