xmin,ymin,xmax,ymax,score,label
284.0190124511719,213.69996643066406,295.46441650390625,222.83609008789062,0.8525349497795105,3
284.0931701660156,218.4337921142578,295.6321105957031,223.7477264404297,0.38994017243385315,3
285.99151611328125,212.04649353027344,295.23187255859375,220.03713989257812,0.37066715955734253,3
282.8399963378906,211.3595733642578,295.9798889160156,222.9371795654297,0.24485759437084198,8
286.828125,210.77392578125,295.1876220703125,215.5709228515625,0.23506362736225128,3
281.9912414550781,213.02980041503906,292.06231689453125,221.6024627685547,0.11158249527215958,3
278.9089660644531,213.52378845214844,287.4355163574219,221.61817932128906,0.09510546922683716,3
