xmin,ymin,xmax,ymax,score,label
236.5319061279297,198.97950744628906,246.8290557861328,211.68856811523438,0.08035358786582947,3
