xmin,ymin,xmax,ymax,score,label
280.8523254394531,212.35057067871094,294.0191955566406,222.39955139160156,0.8235327005386353,3
280.0490417480469,211.43629455566406,294.322265625,222.2338409423828,0.2581914961338043,8
283.6118469238281,210.9570770263672,293.79119873046875,216.97996520996094,0.12080327421426773,3
280.4593811035156,216.42880249023438,292.4698486328125,222.91212463378906,0.09228353947401047,3
277.9444885253906,212.3878936767578,288.3120422363281,221.14183044433594,0.07242189347743988,3
