xmin,ymin,xmax,ymax,score,label
285.1054382324219,213.29490661621094,297.9793395996094,223.53778076171875,0.8583218455314636,3
285.02593994140625,217.84837341308594,297.2479553222656,224.0792694091797,0.29784512519836426,3
284.5920104980469,211.69091796875,298.4979553222656,223.54124450683594,0.22147494554519653,8
286.9604797363281,211.4581298828125,298.0838928222656,220.19676208496094,0.2187301218509674,3
288.7085876464844,210.6387176513672,297.89166259765625,215.9503936767578,0.12274134904146194,3
288.0223388671875,208.57972717285156,296.33831787109375,213.1121063232422,0.05052760988473892,3
