xmin,ymin,xmax,ymax,score,label
272.263427734375,209.26438903808594,282.9912109375,216.62928771972656,0.802828311920166,3
272.8509521484375,212.78465270996094,281.9601745605469,218.1133575439453,0.3142857253551483,3
271.5165710449219,208.39134216308594,283.1579895019531,217.3992462158203,0.30424901843070984,8
235.99853515625,198.87957763671875,247.35984802246094,211.760498046875,0.2550295293331146,3
268.2694091796875,209.33619689941406,273.745849609375,215.67039489746094,0.0919606015086174,3
236.02960205078125,199.08848571777344,277.2186584472656,217.53994750976562,0.08627830445766449,8
