xmin,ymin,xmax,ymax,score,label
270.6935119628906,207.76495361328125,281.6378173828125,215.95089721679688,0.834199845790863,3
269.6538391113281,207.01239013671875,281.49359130859375,216.0242919921875,0.2784474194049835,8
234.6842803955078,199.76528930664062,247.27987670898438,213.08877563476562,0.24591469764709473,3
271.5484313964844,211.136474609375,281.13671875,217.32748413085938,0.15508560836315155,3
235.69192504882812,199.86448669433594,281.021728515625,216.8132781982422,0.09496301412582397,8
