xmin,ymin,xmax,ymax,score,label
274.16162109375,209.70481872558594,284.4668884277344,217.67343139648438,0.7938181161880493,3
273.5391845703125,208.7868194580078,284.8489990234375,217.4279327392578,0.3367246091365814,8
234.8403778076172,198.80250549316406,247.31948852539062,211.99635314941406,0.1833048313856125,3
273.9349670410156,213.1472930908203,283.942138671875,218.8631591796875,0.15834274888038635,3
275.2294006347656,208.46920776367188,283.7470397949219,215.11370849609375,0.131757453083992,3
237.1934356689453,198.98033142089844,277.1846923828125,218.8276824951172,0.09237103164196014,8
