xmin,ymin,xmax,ymax,score,label
274.87445068359375,211.5379638671875,285.99395751953125,217.67723083496094,0.7992568016052246,3
275.2806701660156,213.92152404785156,285.6573791503906,218.68109130859375,0.4719828963279724,3
273.7710266113281,208.82843017578125,286.7237854003906,218.07510375976562,0.27680841088294983,8
275.528564453125,208.67337036132812,285.48382568359375,214.3415069580078,0.2164834886789322,3
277.38055419921875,209.6383514404297,286.5045166015625,216.29779052734375,0.1795286238193512,3
271.6937255859375,208.91957092285156,286.65679931640625,218.2273406982422,0.06888596713542938,3
237.9429931640625,198.33364868164062,277.9189758300781,218.2814178466797,0.05928818881511688,8
