xmin,ymin,xmax,ymax,score,label
278.2092590332031,210.7079315185547,289.712646484375,220.2675018310547,0.7751932740211487,3
276.65252685546875,209.3370819091797,289.9134216308594,220.16285705566406,0.40143004059791565,8
279.4928894042969,209.32327270507812,289.5298156738281,216.55099487304688,0.32522958517074585,3
278.2198791503906,214.867919921875,289.6051025390625,221.414306640625,0.15794715285301208,3
238.60723876953125,201.11868286132812,247.07298278808594,210.9378204345703,0.14121375977993011,3
285.58416748046875,190.97640991210938,294.7365417480469,197.049072265625,0.10475750267505646,3
236.4579620361328,200.4192352294922,289.828125,220.66439819335938,0.0629694014787674,8
278.4353332519531,210.96749877929688,289.3481140136719,217.52557373046875,0.057154152542352676,8
232.59716796875,198.85643005371094,247.35171508789062,211.75437927246094,0.056953057646751404,3
