xmin,ymin,xmax,ymax,score,label
266.5482482910156,206.95753479003906,276.2601013183594,214.03192138671875,0.8144006729125977,3
264.9992980957031,205.42459106445312,276.7071533203125,214.3344268798828,0.23922201991081238,8
267.61822509765625,209.41676330566406,275.4872131347656,214.59422302246094,0.16301535069942474,3
264.7608337402344,207.78636169433594,269.9565124511719,213.42373657226562,0.12217883765697479,3
236.3931884765625,199.0538330078125,275.0064392089844,215.13397216796875,0.06829715520143509,8
267.9937438964844,207.07859802246094,276.10870361328125,213.12246704101562,0.06639505177736282,8
262.19195556640625,207.4038543701172,267.29486083984375,212.68585205078125,0.050536178052425385,3
