xmin,ymin,xmax,ymax,score,label
260.93072509765625,204.55120849609375,270.46185302734375,211.24349975585938,0.5653581023216248,3
260.7596435546875,204.4567108154297,270.3620910644531,211.1812286376953,0.08762213587760925,8
261.9711608886719,206.662109375,268.9715270996094,211.87094116210938,0.053586240857839584,3
