xmin,ymin,xmax,ymax,score,label
263.4512634277344,204.99110412597656,272.6723327636719,212.30389404296875,0.7250321507453918,3
262.83673095703125,204.72154235839844,272.65716552734375,212.30111694335938,0.20251202583312988,8
263.6132507324219,207.84449768066406,271.9898681640625,213.24229431152344,0.12264564633369446,3
