xmin,ymin,xmax,ymax,score,label
259.804931640625,204.3408203125,268.16119384765625,210.71234130859375,0.15498773753643036,3
