xmin,ymin,xmax,ymax,score,label
265.33660888671875,206.43885803222656,273.23876953125,212.6522216796875,0.7049710154533386,3
262.2557678222656,204.42433166503906,274.08544921875,212.9800567626953,0.33840981125831604,3
263.4039611816406,204.44078063964844,274.16033935546875,212.9781494140625,0.22635091841220856,8
265.3883972167969,209.02337646484375,272.7658996582031,213.79876708984375,0.17535218596458435,3
236.70472717285156,198.8903350830078,274.09521484375,213.54847717285156,0.0891861841082573,8
266.1600036621094,205.76283264160156,273.31634521484375,212.12802124023438,0.08726207911968231,8
263.07843017578125,205.75987243652344,271.04644775390625,211.8655242919922,0.08376315981149673,3
