xmin,ymin,xmax,ymax,score,label
237.6499481201172,199.42642211914062,247.09332275390625,211.829833984375,0.054621078073978424,3
