xmin,ymin,xmax,ymax,score,label
262.3793029785156,205.01986694335938,271.7509460449219,212.03390502929688,0.7616018056869507,3
261.8871765136719,204.7781219482422,271.9530944824219,211.6840057373047,0.217093825340271,8
261.2327880859375,205.96136474609375,268.09222412109375,211.0860137939453,0.09916864335536957,3
