xmin,ymin,xmax,ymax,score,label
260.412841796875,204.5520477294922,269.37872314453125,211.14535522460938,0.5487587451934814,3
261.9723815917969,206.78094482421875,268.9604187011719,211.89756774902344,0.09575103968381882,3
260.21923828125,204.42962646484375,269.2947998046875,211.05841064453125,0.08540613949298859,8
