xmin,ymin,xmax,ymax,score,label
269.18359375,206.99920654296875,279.14788818359375,214.88650512695312,0.8386252522468567,3
268.4210205078125,206.5054473876953,279.4526062011719,215.19313049316406,0.19292034208774567,8
237.72213745117188,198.6894073486328,280.9470520019531,215.6896514892578,0.11162494868040085,8
269.3936767578125,210.39894104003906,278.119873046875,215.6313934326172,0.1061447337269783,3
266.99871826171875,207.60592651367188,274.4609069824219,214.2270965576172,0.05341947451233864,3
