xmin,ymin,xmax,ymax,score,label
268.1078796386719,206.65802001953125,278.0631103515625,213.90292358398438,0.8588503003120422,3
269.27520751953125,210.336669921875,277.2567443847656,215.08509826660156,0.16747058928012848,3
267.4507751464844,205.68267822265625,278.508544921875,214.48316955566406,0.16685175895690918,8
267.0636901855469,208.15057373046875,273.237548828125,213.99266052246094,0.050057802349328995,3
