xmin,ymin,xmax,ymax,score,label
266.5601501464844,206.70956420898438,275.1773376464844,213.282470703125,0.8752883672714233,3
264.86029052734375,207.8018341064453,271.5791320800781,212.87545776367188,0.18142692744731903,3
263.740234375,205.1120147705078,275.68316650390625,213.4644775390625,0.17324566841125488,8
236.74557495117188,198.9491424560547,274.7781982421875,214.0061492919922,0.11130804568529129,8
267.2004699707031,209.2490997314453,274.8039245605469,214.09523010253906,0.1099548414349556,3
261.01910400390625,204.33482360839844,275.3170471191406,213.68202209472656,0.10384456813335419,3
267.13006591796875,206.22735595703125,274.7567138671875,212.61166381835938,0.06499633193016052,8
247.81170654296875,203.20542907714844,266.9875793457031,213.1038055419922,0.06256053596735,8
