xmin,ymin,xmax,ymax,score,label
254.3621368408203,201.92262268066406,262.39361572265625,208.5295867919922,0.2436630129814148,3
253.28907775878906,201.53167724609375,262.81805419921875,208.3096466064453,0.2397187501192093,8
