xmin,ymin,xmax,ymax,score,label
251.68136596679688,201.08094787597656,261.6183166503906,207.59217834472656,0.13388091325759888,3
