xmin,ymin,xmax,ymax,score,label
255.75067138671875,202.23062133789062,263.8904113769531,209.07107543945312,0.4258245527744293,8
256.3115539550781,202.86544799804688,263.70794677734375,209.56051635742188,0.33523422479629517,3
243.39837646484375,196.74267578125,264.2246398925781,209.66552734375,0.13439956307411194,8
250.44717407226562,200.7577362060547,264.4151916503906,209.93186950683594,0.06513715535402298,8
