xmin,ymin,xmax,ymax,score,label
251.41799926757812,200.2419891357422,258.6407165527344,207.0536651611328,0.08886037766933441,3
