xmin,ymin,xmax,ymax,score,label
253.48330688476562,201.16282653808594,262.2467041015625,207.74147033691406,0.337674081325531,3
253.23956298828125,200.99085998535156,262.2801208496094,207.73521423339844,0.09783394634723663,8
255.3583221435547,201.03761291503906,261.2728576660156,207.78292846679688,0.05865967646241188,1
