xmin,ymin,xmax,ymax,score,label
237.17552185058594,199.26934814453125,247.21856689453125,212.2331085205078,0.11598721146583557,3
