xmin,ymin,xmax,ymax,score,label
257.8612365722656,202.63946533203125,266.91693115234375,209.72494506835938,0.31648486852645874,3
