xmin,ymin,xmax,ymax,score,label
257.6985778808594,201.78829956054688,265.69171142578125,208.8727264404297,0.49095818400382996,3
257.4842834472656,201.6398162841797,265.6579284667969,208.8590087890625,0.19896183907985687,8
253.23020935058594,200.24539184570312,265.8165283203125,209.71839904785156,0.05965688079595566,8
