xmin,ymin,xmax,ymax,score,label
256.1531982421875,202.2642364501953,265.0191955566406,209.26905822753906,0.36817383766174316,3
255.82736206054688,202.04074096679688,265.0140075683594,209.2303009033203,0.208012655377388,8
243.38992309570312,197.84017944335938,264.8813781738281,209.92979431152344,0.10677491128444672,8
259.2875061035156,201.90817260742188,265.0187072753906,209.59271240234375,0.07801816612482071,1
243.88540649414062,198.357177734375,264.818603515625,210.07093811035156,0.07651051133871078,3
