xmin,ymin,xmax,ymax,score,label
251.03924560546875,200.79449462890625,260.2765808105469,207.9302978515625,0.19002816081047058,3
235.26339721679688,199.1569366455078,251.82469177246094,212.20693969726562,0.06769612431526184,3
250.74227905273438,200.62037658691406,260.22430419921875,207.9279022216797,0.0653926432132721,8
