xmin,ymin,xmax,ymax,score,label
255.13870239257812,202.30699157714844,263.8172912597656,208.8253631591797,0.4643133282661438,3
254.8960418701172,202.14381408691406,263.83612060546875,208.84555053710938,0.17937085032463074,8
