xmin,ymin,xmax,ymax,score,label
234.4626007080078,198.71527099609375,248.4493865966797,212.41233825683594,0.05622782185673714,3
248.87669372558594,200.3437042236328,255.2906036376953,205.79090881347656,0.05177458003163338,3
