xmin,ymin,xmax,ymax,score,label
233.90814208984375,198.95835876464844,248.4929656982422,212.40420532226562,0.09583846479654312,3
243.80337524414062,198.6186065673828,252.12039184570312,204.6705780029297,0.0569460354745388,3
