xmin,ymin,xmax,ymax,score,label
233.24380493164062,198.61204528808594,249.02464294433594,211.9481964111328,0.06858378648757935,3
245.9795684814453,198.62789916992188,252.9293212890625,204.93910217285156,0.06541489064693451,3
