xmin,ymin,xmax,ymax,score,label
249.4464874267578,198.88510131835938,255.16448974609375,205.60987854003906,0.055527277290821075,1
