xmin,ymin,xmax,ymax,score,label
236.7068634033203,200.7449188232422,248.0274658203125,211.98654174804688,0.10120844841003418,3
282.9371337890625,278.7737731933594,350.6557922363281,307.50421142578125,0.09185969084501266,3
244.24147033691406,197.70909118652344,252.6308135986328,204.0487518310547,0.059737686067819595,3
