xmin,ymin,xmax,ymax,score,label
244.8641357421875,198.09414672851562,253.03150939941406,204.2738494873047,0.07322534173727036,3
282.9341125488281,278.6513366699219,350.1014404296875,307.5963134765625,0.06180262565612793,3
235.962158203125,198.13168334960938,251.47488403320312,211.40162658691406,0.05806170776486397,3
