xmin,ymin,xmax,ymax,score,label
251.81777954101562,199.98899841308594,258.0514831542969,206.4142303466797,0.146131694316864,3
251.7443084716797,199.85389709472656,258.0699768066406,206.4402313232422,0.065366230905056,8
251.20664978027344,199.8350067138672,257.4864196777344,206.8065948486328,0.06169762834906578,1
237.2270965576172,198.51889038085938,251.6051788330078,210.2484130859375,0.050495538860559464,3
