xmin,ymin,xmax,ymax,score,label
235.44381713867188,198.7943572998047,247.2555694580078,212.1412811279297,0.22353480756282806,3
