xmin,ymin,xmax,ymax,score,label
239.05201721191406,197.9779510498047,247.09808349609375,204.60321044921875,0.12606674432754517,3
