xmin,ymin,xmax,ymax,score,label
235.71160888671875,198.84573364257812,247.54278564453125,212.61390686035156,0.05565580353140831,3
