xmin,ymin,xmax,ymax,score,label
237.19668579101562,199.2136993408203,247.99232482910156,211.23765563964844,0.10402362048625946,3
