xmin,ymin,xmax,ymax,score,label
237.26255798339844,198.71249389648438,246.89077758789062,210.9476318359375,0.05733136087656021,3
