xmin,ymin,xmax,ymax,score,label
235.19924926757812,198.05479431152344,247.54733276367188,212.49815368652344,0.05151834711432457,3
