xmin,ymin,xmax,ymax,score,label
236.51084899902344,199.13070678710938,247.13417053222656,211.63584899902344,0.11869082599878311,3
