xmin,ymin,xmax,ymax,score,label
233.9689178466797,198.2063751220703,247.75474548339844,212.48658752441406,0.07812295109033585,3
