xmin,ymin,xmax,ymax,score,label
235.09567260742188,198.20675659179688,247.69403076171875,212.3094940185547,0.05983904004096985,3
