xmin,ymin,xmax,ymax,score,label
235.28858947753906,198.70291137695312,247.60935974121094,212.78079223632812,0.06325481086969376,3
