xmin,ymin,xmax,ymax,score,label
237.0444793701172,199.39598083496094,248.0520477294922,211.4402618408203,0.0847688689827919,3
