xmin,ymin,xmax,ymax,score,label
237.76866149902344,199.2875213623047,246.76541137695312,210.44163513183594,0.13221023976802826,3
