xmin,ymin,xmax,ymax,score,label
237.6143341064453,199.118896484375,246.7887725830078,210.4475860595703,0.06561879813671112,3
