xmin,ymin,xmax,ymax,score,label
235.92152404785156,198.3781280517578,247.58897399902344,211.9420928955078,0.0864228904247284,3
