xmin,ymin,xmax,ymax,score,label
234.8896026611328,198.51565551757812,247.4582061767578,212.3304901123047,0.07406459748744965,3
