xmin,ymin,xmax,ymax,score,label
235.2860107421875,198.8641815185547,247.5917510986328,212.5106964111328,0.07167132198810577,3
