xmin,ymin,xmax,ymax,score,label
237.51959228515625,199.06381225585938,247.30401611328125,212.06646728515625,0.07882872223854065,3
