xmin,ymin,xmax,ymax,score,label
237.71878051757812,199.1146697998047,247.33181762695312,211.64559936523438,0.06520941108465195,3
