xmin,ymin,xmax,ymax,score,label
235.4361114501953,198.55113220214844,247.43032836914062,211.9451904296875,0.0602789930999279,3
