xmin,ymin,xmax,ymax,score,label
236.90811157226562,200.1560821533203,247.3251953125,211.3858642578125,0.18610239028930664,3
238.26625061035156,198.00894165039062,245.7216796875,208.73829650878906,0.05546564981341362,3
