xmin,ymin,xmax,ymax,score,label
237.54379272460938,199.1752166748047,247.2699432373047,210.96124267578125,0.17139796912670135,3
