xmin,ymin,xmax,ymax,score,label
237.6586151123047,199.7564239501953,247.15721130371094,211.4040985107422,0.14336615800857544,3
