xmin,ymin,xmax,ymax,score,label
235.07215881347656,198.1190643310547,247.4512939453125,212.05221557617188,0.09856683015823364,3
