xmin,ymin,xmax,ymax,score,label
235.2921600341797,197.9151153564453,247.3980255126953,212.2435302734375,0.05342751741409302,3
