xmin,ymin,xmax,ymax,score,label
234.75473022460938,198.7742462158203,247.85865783691406,212.72886657714844,0.05853399634361267,3
