xmin,ymin,xmax,ymax,score,label
235.02015686035156,198.72483825683594,247.85438537597656,212.6977996826172,0.08124065399169922,3
