xmin,ymin,xmax,ymax,score,label
236.28314208984375,199.14108276367188,247.02584838867188,211.60096740722656,0.09824935346841812,3
