xmin,ymin,xmax,ymax,score,label
236.61363220214844,199.2126922607422,247.03578186035156,211.9390106201172,0.24825847148895264,3
230.0806427001953,197.18748474121094,242.72303771972656,207.36590576171875,0.08822909742593765,3
232.859375,198.51158142089844,244.31431579589844,210.46438598632812,0.050061970949172974,3
