xmin,ymin,xmax,ymax,score,label
236.69915771484375,199.26966857910156,247.419921875,212.28857421875,0.29965266585350037,3
230.89443969726562,198.36370849609375,242.2501983642578,207.82337951660156,0.061803314834833145,3
