xmin,ymin,xmax,ymax,score,label
236.09368896484375,199.09230041503906,247.56414794921875,212.40663146972656,0.2942031919956207,3
232.80914306640625,197.6464385986328,242.89288330078125,207.39013671875,0.05242220684885979,3
