xmin,ymin,xmax,ymax,score,label
234.5585479736328,198.54115295410156,247.86563110351562,212.9268035888672,0.17314153909683228,3
