xmin,ymin,xmax,ymax,score,label
233.86143493652344,198.50369262695312,247.941162109375,212.66493225097656,0.09543398022651672,3
