xmin,ymin,xmax,ymax,score,label
234.36105346679688,198.647705078125,247.50741577148438,212.8820343017578,0.07907523214817047,3
