xmin,ymin,xmax,ymax,score,label
234.0641632080078,199.3167266845703,247.23313903808594,212.26150512695312,0.05873631685972214,3
