xmin,ymin,xmax,ymax,score,label
238.60452270507812,200.4652557373047,246.87008666992188,211.63186645507812,0.07452846318483353,3
232.86672973632812,198.6206817626953,247.06103515625,212.37362670898438,0.05045975372195244,3
