xmin,ymin,xmax,ymax,score,label
234.785888671875,198.85389709472656,247.6393585205078,212.92042541503906,0.08991476148366928,3
