xmin,ymin,xmax,ymax,score,label
235.87030029296875,199.3056640625,247.46009826660156,211.94454956054688,0.05199265852570534,3
