xmin,ymin,xmax,ymax,score,label
237.3485870361328,199.17514038085938,247.8430938720703,212.00013732910156,0.06682389974594116,3
