xmin,ymin,xmax,ymax,score,label
236.8262481689453,199.37197875976562,247.049072265625,211.14199829101562,0.10116081684827805,3
