xmin,ymin,xmax,ymax,score,label
235.38047790527344,199.15802001953125,247.35533142089844,212.64195251464844,0.06394501775503159,3
