xmin,ymin,xmax,ymax,score,label
235.7135467529297,199.23634338378906,247.89913940429688,212.5606231689453,0.07394405454397202,3
