xmin,ymin,xmax,ymax,score,label
235.5756072998047,198.3740234375,247.24575805664062,212.24671936035156,0.13112349808216095,3
