xmin,ymin,xmax,ymax,score,label
311.0074462890625,282.25732421875,386.0777282714844,309.9608154296875,0.05482311174273491,3
