xmin,ymin,xmax,ymax,score,label
288.71246337890625,280.86492919921875,381.38494873046875,310.3959655761719,0.058006495237350464,3
234.95700073242188,198.66543579101562,247.68844604492188,212.00997924804688,0.055585723370313644,3
