xmin,ymin,xmax,ymax,score,label
233.3323516845703,198.61878967285156,247.4352264404297,212.62313842773438,0.07121496647596359,3
