xmin,ymin,xmax,ymax,score,label
232.3352813720703,198.40370178222656,247.45965576171875,212.55796813964844,0.15875369310379028,3
