xmin,ymin,xmax,ymax,score,label
232.65829467773438,198.26318359375,247.0851593017578,212.4373779296875,0.06713535636663437,3
