xmin,ymin,xmax,ymax,score,label
233.80950927734375,199.19821166992188,247.2040252685547,212.79269409179688,0.13503497838974,3
