xmin,ymin,xmax,ymax,score,label
238.1721954345703,199.19898986816406,247.00013732910156,210.91172790527344,0.08973056077957153,3
