xmin,ymin,xmax,ymax,score,label
238.2078094482422,199.22015380859375,246.98841857910156,210.8683319091797,0.0765000581741333,3
