xmin,ymin,xmax,ymax,score,label
237.28973388671875,199.27439880371094,246.9357147216797,211.48423767089844,0.0827203318476677,3
