xmin,ymin,xmax,ymax,score,label
235.21673583984375,198.2994384765625,247.58030700683594,211.84942626953125,0.12110521644353867,3
116.29485321044922,139.62857055664062,131.0865478515625,158.71261596679688,0.0584847554564476,1
