xmin,ymin,xmax,ymax,score,label
235.93695068359375,198.9558868408203,247.418212890625,212.4972381591797,0.1682373434305191,3
