xmin,ymin,xmax,ymax,score,label
236.28387451171875,199.58609008789062,247.37945556640625,212.10061645507812,0.12079741805791855,3
