xmin,ymin,xmax,ymax,score,label
237.85797119140625,198.80734252929688,247.26052856445312,211.509765625,0.0723026692867279,3
