xmin,ymin,xmax,ymax,score,label
236.46795654296875,198.5780792236328,247.617919921875,211.99244689941406,0.13890910148620605,3
