xmin,ymin,xmax,ymax,score,label
233.55380249023438,197.61508178710938,247.4661407470703,212.32962036132812,0.05876138061285019,3
