xmin,ymin,xmax,ymax,score,label
237.97994995117188,199.5081329345703,247.3616943359375,211.14833068847656,0.06467913836240768,3
