xmin,ymin,xmax,ymax,score,label
235.4166259765625,198.26051330566406,247.7154083251953,211.88609313964844,0.07146195322275162,3
