xmin,ymin,xmax,ymax,score,label
234.120361328125,198.61151123046875,247.912353515625,212.5811004638672,0.057507410645484924,3
