xmin,ymin,xmax,ymax,score,label
237.6814422607422,198.93894958496094,246.4488067626953,210.55039978027344,0.052447330206632614,3
