xmin,ymin,xmax,ymax,score,label
235.09774780273438,197.95425415039062,247.53175354003906,212.67860412597656,0.09405029565095901,3
