xmin,ymin,xmax,ymax,score,label
235.72303771972656,198.93560791015625,247.7153778076172,211.48280334472656,0.07881618291139603,3
