xmin,ymin,xmax,ymax,score,label
234.9980926513672,198.6322479248047,247.6348876953125,212.5911865234375,0.11310376226902008,3
