xmin,ymin,xmax,ymax,score,label
235.1434783935547,199.07351684570312,247.2627410888672,212.54473876953125,0.052661970257759094,3
