xmin,ymin,xmax,ymax,score,label
235.22286987304688,198.0728302001953,247.4517059326172,212.08152770996094,0.1303093135356903,3
