xmin,ymin,xmax,ymax,score,label
234.22952270507812,198.10552978515625,247.27108764648438,212.0946044921875,0.15602518618106842,3
