xmin,ymin,xmax,ymax,score,label
234.89044189453125,198.0856475830078,247.39039611816406,212.27090454101562,0.16302749514579773,3
