xmin,ymin,xmax,ymax,score,label
233.98562622070312,198.0341033935547,247.65972900390625,212.17552185058594,0.17621082067489624,3
