xmin,ymin,xmax,ymax,score,label
234.34242248535156,198.6324920654297,247.69662475585938,212.69239807128906,0.10121170431375504,3
