xmin,ymin,xmax,ymax,score,label
236.42921447753906,199.12954711914062,247.08206176757812,211.75880432128906,0.06796015799045563,3
