xmin,ymin,xmax,ymax,score,label
233.32174682617188,198.1259002685547,247.54913330078125,212.03004455566406,0.09226478636264801,3
