xmin,ymin,xmax,ymax,score,label
237.5898895263672,199.0183563232422,248.47674560546875,211.9254913330078,0.10395842045545578,3
