xmin,ymin,xmax,ymax,score,label
237.17515563964844,199.15818786621094,248.22108459472656,212.09950256347656,0.06956685334444046,3
