xmin,ymin,xmax,ymax,score,label
237.1846923828125,199.22337341308594,246.87156677246094,210.61143493652344,0.051421649754047394,3
