xmin,ymin,xmax,ymax,score,label
238.42742919921875,199.84156799316406,247.1521453857422,210.47572326660156,0.050788503140211105,3
