xmin,ymin,xmax,ymax,score,label
235.65887451171875,197.97950744628906,247.61581420898438,212.12110900878906,0.055318817496299744,3
