xmin,ymin,xmax,ymax,score,label
237.32095336914062,199.27650451660156,247.34591674804688,212.27212524414062,0.0987650528550148,3
