xmin,ymin,xmax,ymax,score,label
235.64935302734375,198.4723358154297,247.7906036376953,212.5559539794922,0.06675488501787186,3
