xmin,ymin,xmax,ymax,score,label
237.40081787109375,199.46514892578125,246.88714599609375,211.1964569091797,0.05082441866397858,3
