xmin,ymin,xmax,ymax,score,label
233.34237670898438,198.26034545898438,247.49424743652344,212.46731567382812,0.050934430211782455,3
