xmin,ymin,xmax,ymax,score,label
234.14410400390625,199.0747528076172,247.1826629638672,212.95700073242188,0.15961241722106934,3
