xmin,ymin,xmax,ymax,score,label
237.36582946777344,199.00685119628906,247.28982543945312,210.85157775878906,0.07418528944253922,3
