xmin,ymin,xmax,ymax,score,label
234.9521484375,197.9927978515625,247.5972900390625,212.29940795898438,0.06350428611040115,3
