xmin,ymin,xmax,ymax,score,label
236.3455352783203,199.0892333984375,247.59315490722656,212.0526580810547,0.08173702657222748,3
