xmin,ymin,xmax,ymax,score,label
234.35565185546875,197.86712646484375,247.99905395507812,212.74407958984375,0.10448544472455978,3
