xmin,ymin,xmax,ymax,score,label
237.73854064941406,198.93019104003906,246.9787139892578,211.4264373779297,0.058498892933130264,3
