xmin,ymin,xmax,ymax,score,label
237.8927001953125,199.07093811035156,246.69216918945312,211.3212432861328,0.10660947114229202,3
