xmin,ymin,xmax,ymax,score,label
238.14625549316406,199.26771545410156,246.89743041992188,211.19776916503906,0.10594460368156433,3
