xmin,ymin,xmax,ymax,score,label
236.0508270263672,199.1353302001953,246.67138671875,211.28024291992188,0.08431083709001541,3
