xmin,ymin,xmax,ymax,score,label
236.72119140625,199.4502410888672,246.92591857910156,211.9036865234375,0.08948212116956711,3
