xmin,ymin,xmax,ymax,score,label
267.66754150390625,206.4612274169922,274.0152587890625,211.41664123535156,0.12844300270080566,3
