xmin,ymin,xmax,ymax,score,label
269.9827880859375,208.0648956298828,276.915283203125,212.48851013183594,0.38739657402038574,3
272.1172790527344,208.7315216064453,277.5657653808594,213.10569763183594,0.08277750760316849,3
