xmin,ymin,xmax,ymax,score,label
270.46533203125,207.4551544189453,277.7543029785156,212.76890563964844,0.248967707157135,3
234.66720581054688,197.93548583984375,247.63441467285156,212.63372802734375,0.0514739565551281,3
