xmin,ymin,xmax,ymax,score,label
271.69696044921875,208.2839813232422,279.48291015625,213.4146270751953,0.5021877288818359,3
269.48052978515625,206.06399536132812,280.3698425292969,214.24891662597656,0.07035361230373383,3
234.83743286132812,198.0265655517578,247.5671844482422,212.71652221679688,0.07020252197980881,3
