xmin,ymin,xmax,ymax,score,label
274.35626220703125,210.295654296875,280.286865234375,214.4542999267578,0.11679933965206146,3
