xmin,ymin,xmax,ymax,score,label
275.1799011230469,209.48916625976562,282.29840087890625,214.59912109375,0.6251437664031982,3
273.3028259277344,207.74072265625,283.598876953125,215.89642333984375,0.08954675495624542,3
274.0993347167969,209.93356323242188,279.6713562011719,215.05567932128906,0.06520549207925797,3
275.99761962890625,211.44776916503906,281.9353942871094,215.42343139648438,0.05900859460234642,3
