xmin,ymin,xmax,ymax,score,label
276.2291564941406,209.26644897460938,284.53936767578125,215.10162353515625,0.78429114818573,3
279.2969970703125,209.97508239746094,286.34515380859375,215.74737548828125,0.10175828635692596,3
274.3277587890625,206.8769073486328,285.8440246582031,215.6476287841797,0.0559849739074707,3
