xmin,ymin,xmax,ymax,score,label
277.50360107421875,209.41348266601562,285.0164794921875,215.26344299316406,0.19186754524707794,3
