xmin,ymin,xmax,ymax,score,label
279.01123046875,210.29359436035156,288.7214050292969,216.4167938232422,0.8903828859329224,3
278.1739807128906,210.65760803222656,284.85198974609375,215.96949768066406,0.4255613088607788,3
278.91259765625,209.55755615234375,296.219482421875,217.9333038330078,0.1197224110364914,3
281.27197265625,211.656494140625,289.7169494628906,217.23326110839844,0.08123966306447983,3
283.70263671875,211.14585876464844,291.4620361328125,216.24693298339844,0.05959312245249748,3
278.1407470703125,209.25511169433594,289.98883056640625,217.05186462402344,0.05627761036157608,8
285.94915771484375,210.96022033691406,295.2788391113281,216.97024536132812,0.05250008404254913,3
285.1777648925781,209.9980010986328,298.8459777832031,218.7462921142578,0.05033273249864578,3
