xmin,ymin,xmax,ymax,score,label
281.494384765625,211.1258544921875,289.2134704589844,217.46368408203125,0.8113526701927185,3
279.6015930175781,210.93980407714844,285.4019775390625,216.30087280273438,0.21884523332118988,3
280.74932861328125,209.93936157226562,293.8992614746094,218.30552673339844,0.19506292045116425,3
283.4661865234375,212.97193908691406,289.82696533203125,218.52175903320312,0.0811319351196289,3
281.11968994140625,210.61355590820312,289.7190246582031,217.20843505859375,0.0796421617269516,8
277.8513488769531,211.16868591308594,282.7652587890625,216.218505859375,0.050164755433797836,3
