xmin,ymin,xmax,ymax,score,label
281.8527526855469,211.62234497070312,291.2982482910156,218.46730041503906,0.919276237487793,3
280.34521484375,211.67654418945312,286.9672546386719,217.10491943359375,0.14701595902442932,3
280.81121826171875,210.5787353515625,291.6854553222656,218.5137939453125,0.09887257218360901,8
281.5867004394531,213.86378479003906,289.35150146484375,219.20643615722656,0.0742126926779747,3
