xmin,ymin,xmax,ymax,score,label
283.97918701171875,212.98907470703125,293.56072998046875,219.18038940429688,0.9143529534339905,3
287.4664611816406,214.33551025390625,294.71697998046875,219.3996124267578,0.3352625072002411,3
283.6277160644531,215.8147735595703,292.74017333984375,219.92462158203125,0.30290767550468445,3
281.67279052734375,210.9728240966797,294.9493408203125,219.91903686523438,0.24512696266174316,3
284.1724548339844,211.48851013183594,293.5580749511719,216.77296447753906,0.16647930443286896,3
282.570068359375,212.70223999023438,288.0535583496094,217.85134887695312,0.1414198875427246,3
283.0741271972656,210.79981994628906,294.4482116699219,219.27345275878906,0.13055241107940674,8
282.26239013671875,214.6925048828125,290.783447265625,219.3881378173828,0.09320187568664551,3
284.7050476074219,213.4187774658203,293.6081237792969,218.41505432128906,0.050566114485263824,8
