xmin,ymin,xmax,ymax,score,label
285.4741516113281,212.12754821777344,295.1347351074219,220.08212280273438,0.8314770460128784,3
284.59576416015625,215.5074005126953,294.0850830078125,220.46278381347656,0.43097901344299316,3
284.1795654296875,210.38986206054688,295.8009338378906,220.15184020996094,0.24714843928813934,8
289.0137634277344,214.13192749023438,295.9344177246094,220.81077575683594,0.16297078132629395,3
283.671875,212.6110076904297,290.06036376953125,219.1412353515625,0.11391430348157883,3
286.5286865234375,213.6449737548828,295.34735107421875,219.96109008789062,0.06034562736749649,8
