xmin,ymin,xmax,ymax,score,label
285.3299255371094,211.9029083251953,297.37286376953125,220.30935668945312,0.8583683967590332,3
286.7377014160156,215.0557403564453,296.9421691894531,221.2076416015625,0.48523786664009094,3
285.2298583984375,214.5896453857422,292.89019775390625,220.2044219970703,0.1773880571126938,3
284.9947509765625,210.75177001953125,297.5998229980469,220.4912567138672,0.171529158949852,8
283.91314697265625,212.99461364746094,290.0484924316406,219.5251007080078,0.056221358478069305,3
