xmin,ymin,xmax,ymax,score,label
287.1207580566406,212.41958618164062,299.7871398925781,221.6780242919922,0.858637809753418,3
289.7323913574219,215.6005859375,299.3924560546875,221.60299682617188,0.7369339466094971,3
288.8114013671875,214.02352905273438,297.1886291503906,220.64674377441406,0.10881289094686508,3
285.8389587402344,211.2566680908203,299.72247314453125,221.45413208007812,0.10122061520814896,8
286.32122802734375,214.65072631835938,292.00341796875,220.0077362060547,0.09595124423503876,3
286.00653076171875,212.97369384765625,295.39990234375,220.24334716796875,0.0648144781589508,3
