xmin,ymin,xmax,ymax,score,label
290.4801330566406,214.77496337890625,301.454345703125,222.58682250976562,0.8828572034835815,3
294.7188415527344,217.4055938720703,303.11871337890625,222.7833709716797,0.24571843445301056,3
286.28125,215.41590881347656,290.9979248046875,220.53114318847656,0.18587200343608856,3
293.1701965332031,218.30186462402344,300.8375244140625,223.2353057861328,0.17070512473583221,3
288.5201416015625,212.74697875976562,301.7085876464844,222.5469207763672,0.11528907716274261,8
284.2962341308594,210.8135986328125,299.9388122558594,221.8941192626953,0.07842118293046951,3
284.9031982421875,213.935791015625,290.7779235839844,219.60096740722656,0.05543036758899689,3
288.9129333496094,216.52755737304688,296.0932312011719,221.9459686279297,0.054469067603349686,3
