xmin,ymin,xmax,ymax,score,label
293.4134216308594,216.88536071777344,304.8812255859375,223.24131774902344,0.9374963045120239,3
294.784912109375,219.4683074951172,304.2291259765625,223.89242553710938,0.19536931812763214,3
291.796875,217.34178161621094,298.9789733886719,222.24986267089844,0.14048875868320465,3
297.42645263671875,217.51087951660156,306.216064453125,224.02809143066406,0.11823643743991852,3
291.51531982421875,213.5904998779297,305.7296447753906,223.38339233398438,0.06097722798585892,8
