xmin,ymin,xmax,ymax,score,label
295.85888671875,217.13848876953125,306.9207763671875,224.4807586669922,0.9390072226524353,3
294.909423828125,217.9181365966797,303.693115234375,223.37583923339844,0.2818720042705536,3
295.5977478027344,220.51002502441406,304.2281188964844,224.72349548339844,0.10452387481927872,3
294.8699951171875,219.57525634765625,301.656494140625,224.14010620117188,0.0906253308057785,3
295.53424072265625,213.408935546875,307.9888610839844,224.42105102539062,0.08379638940095901,8
292.4387512207031,217.73326110839844,298.1059875488281,222.58021545410156,0.07581254839897156,3
285.2095947265625,210.9530792236328,295.2684020996094,217.13768005371094,0.06458930671215057,3
299.0881652832031,219.00718688964844,308.4309997558594,224.97103881835938,0.06286068260669708,3
