xmin,ymin,xmax,ymax,score,label
297.501220703125,218.37147521972656,310.36529541015625,225.932861328125,0.9328579902648926,3
296.5771789550781,219.85520935058594,306.8572082519531,225.06297302246094,0.19465142488479614,3
295.432861328125,218.7814178466797,303.4284362792969,223.80593872070312,0.1384522020816803,3
296.3916931152344,213.22518920898438,311.3916015625,226.52223205566406,0.1092332974076271,3
298.5992736816406,222.2283935546875,309.2051696777344,226.45809936523438,0.09079764783382416,3
284.7637634277344,210.7870330810547,295.8490905761719,217.14837646484375,0.05635758116841316,3
283.8631896972656,209.83990478515625,298.33233642578125,220.275634765625,0.05378676578402519,3
298.45574951171875,219.30543518066406,310.0484924316406,225.90597534179688,0.05375843122601509,8
