xmin,ymin,xmax,ymax,score,label
298.3465881347656,218.16944885253906,313.0409240722656,227.71327209472656,0.8512712121009827,3
300.2209167480469,222.32403564453125,311.716796875,227.09608459472656,0.3827282190322876,3
299.50225830078125,218.43020629882812,312.7877197265625,227.35194396972656,0.1429724544286728,8
300.83355712890625,221.8270721435547,311.9654235839844,226.7368927001953,0.06453258544206619,8
297.6397705078125,218.9850311279297,308.8091735839844,225.8991241455078,0.06166466325521469,3
