xmin,ymin,xmax,ymax,score,label
301.5267333984375,219.20465087890625,316.4524230957031,229.0343017578125,0.9093201756477356,3
300.8022766113281,213.02560424804688,315.4089050292969,227.9517822265625,0.19234459102153778,1
302.2197570800781,223.02037048339844,314.3310241699219,228.31185913085938,0.08512064814567566,3
301.7509765625,219.41847229003906,315.66168212890625,227.9960174560547,0.07151329517364502,8
