xmin,ymin,xmax,ymax,score,label
305.3347473144531,220.00604248046875,319.4610900878906,230.42698669433594,0.8372539281845093,3
305.46929931640625,219.95982360839844,318.9576721191406,229.74505615234375,0.29333043098449707,8
309.8372497558594,222.9765625,319.74163818359375,230.80003356933594,0.14805731177330017,3
