xmin,ymin,xmax,ymax,score,label
307.90838623046875,221.6064453125,322.5522155761719,231.19497680664062,0.8965986967086792,3
313.38299560546875,223.66661071777344,323.4199523925781,231.4774627685547,0.15704602003097534,3
305.9288635253906,221.65663146972656,311.7430114746094,229.05401611328125,0.15467329323291779,3
307.541748046875,221.2105712890625,322.3563232421875,230.84341430664062,0.11121757328510284,8
306.4435729980469,221.73681640625,316.8422546386719,229.2489013671875,0.08760998398065567,3
