xmin,ymin,xmax,ymax,score,label
308.1529541015625,221.4990692138672,325.7268371582031,232.8941192626953,0.9013096690177917,3
307.912353515625,221.9537353515625,318.8901672363281,231.1544189453125,0.3140866756439209,3
314.4347229003906,224.55833435058594,325.4499206542969,232.8068389892578,0.2378203123807907,3
307.23291015625,221.8535614013672,312.5569152832031,229.91433715820312,0.18062613904476166,3
308.328857421875,220.81610107421875,325.35174560546875,232.53265380859375,0.10264398902654648,8
