xmin,ymin,xmax,ymax,score,label
311.9729919433594,223.45291137695312,328.980712890625,234.70712280273438,0.9243751168251038,3
313.12152099609375,222.7145233154297,328.7813415527344,234.26023864746094,0.12369460612535477,8
317.2247314453125,226.89059448242188,328.9187927246094,235.47552490234375,0.0886545330286026,3
