xmin,ymin,xmax,ymax,score,label
315.7528991699219,224.962890625,333.79888916015625,236.76327514648438,0.9389351606369019,3
319.16314697265625,229.15606689453125,333.1597900390625,237.02926635742188,0.3678908348083496,3
315.4393615722656,222.96205139160156,332.7144470214844,236.08961486816406,0.18597392737865448,8
