xmin,ymin,xmax,ymax,score,label
318.8554992675781,227.72027587890625,338.8138732910156,238.49270629882812,0.9194298982620239,3
321.02056884765625,231.8396759033203,337.9285583496094,238.16978454589844,0.5905832648277283,3
319.51055908203125,228.0227813720703,338.98052978515625,238.83941650390625,0.08824741095304489,8
322.2957458496094,234.44456481933594,338.361572265625,239.57745361328125,0.08123107254505157,3
