xmin,ymin,xmax,ymax,score,label
321.3951110839844,227.7598419189453,342.900146484375,240.07310485839844,0.9082851409912109,3
322.9979248046875,227.57058715820312,342.33831787109375,240.5695037841797,0.12523233890533447,8
