xmin,ymin,xmax,ymax,score,label
328.0209045410156,228.93299865722656,347.7854919433594,243.57261657714844,0.9128896594047546,3
328.6533203125,228.5541534423828,347.61639404296875,243.11924743652344,0.13262809813022614,8
333.2852478027344,232.5386505126953,347.5931091308594,242.1724395751953,0.06256578862667084,3
