xmin,ymin,xmax,ymax,score,label
330.5771789550781,230.01138305664062,353.18585205078125,246.3219757080078,0.9619470238685608,3
330.1268005371094,228.810302734375,353.58349609375,245.72885131835938,0.07998868823051453,8
336.42327880859375,235.45059204101562,352.8917541503906,246.1874542236328,0.05915181338787079,3
