xmin,ymin,xmax,ymax,score,label
336.42095947265625,232.59317016601562,359.5750427246094,248.59046936035156,0.9824619889259338,3
