xmin,ymin,xmax,ymax,score,label
340.93646240234375,234.60548400878906,366.61431884765625,251.58657836914062,0.9923742413520813,3
