xmin,ymin,xmax,ymax,score,label
346.2320556640625,237.47059631347656,374.304931640625,256.43438720703125,0.9857557415962219,3
