xmin,ymin,xmax,ymax,score,label
353.64581298828125,240.5944366455078,383.2461853027344,259.9919738769531,0.994242250919342,3
