xmin,ymin,xmax,ymax,score,label
359.5045471191406,243.2266387939453,393.0526428222656,265.2890319824219,0.9951958060264587,3
