xmin,ymin,xmax,ymax,score,label
365.78131103515625,246.65296936035156,405.03802490234375,269.36187744140625,0.9899987578392029,3
237.05335998535156,198.9875030517578,246.8136749267578,211.69471740722656,0.05726340785622597,3
