xmin,ymin,xmax,ymax,score,label
376.6567077636719,250.74090576171875,415.9582824707031,277.34161376953125,0.9919747710227966,3
