xmin,ymin,xmax,ymax,score,label
388.3854064941406,255.0774383544922,431.12261962890625,284.99688720703125,0.993798553943634,3
235.71551513671875,198.46607971191406,247.7678985595703,212.02027893066406,0.08477773517370224,3
