xmin,ymin,xmax,ymax,score,label
400.6564025878906,261.38616943359375,448.66326904296875,293.7506103515625,0.9953063130378723,3
235.60577392578125,198.24595642089844,247.4523468017578,211.74705505371094,0.08778531104326248,3
