xmin,ymin,xmax,ymax,score,label
416.3381042480469,268.0000305175781,467.109375,305.0617370605469,0.9979572296142578,3
235.73605346679688,198.3329620361328,247.5312042236328,212.22140502929688,0.08229300379753113,3
