xmin,ymin,xmax,ymax,score,label
435.69580078125,277.5617980957031,490.4400329589844,318.30755615234375,0.9852553606033325,3
235.8574676513672,198.32752990722656,247.6959686279297,212.20062255859375,0.07092402875423431,3
431.7218322753906,274.2050476074219,492.62158203125,316.4297790527344,0.07084571570158005,8
