xmin,ymin,xmax,ymax,score,label
467.0018005371094,288.4031677246094,519.9711303710938,330.85443115234375,0.9377059936523438,3
482.0999450683594,293.1208190917969,515.3758544921875,313.507080078125,0.1529434323310852,3
450.0213623046875,285.5818176269531,524.0005493164062,333.5456237792969,0.08789673447608948,8
453.5165710449219,286.4010925292969,507.00494384765625,314.78802490234375,0.058696288615465164,3
