xmin,ymin,xmax,ymax,score,label
466.780029296875,297.3076477050781,559.1286010742188,356.849365234375,0.9224903583526611,3
452.0003356933594,296.7796936035156,559.0365600585938,356.1885681152344,0.14890973269939423,8
