xmin,ymin,xmax,ymax,score,label
506.5904541015625,311.2808837890625,603.8716430664062,381.9947509765625,0.9514135718345642,3
502.6446838378906,311.5960693359375,606.2427978515625,380.39093017578125,0.10659610480070114,8
