xmin,ymin,xmax,ymax,score,label
545.2352294921875,332.99346923828125,640.0,414.989990234375,0.9814752340316772,3
