xmin,ymin,xmax,ymax,score,label
605.3751831054688,358.9813537597656,638.9033813476562,425.05511474609375,0.6804218888282776,3
