xmin,ymin,xmax,ymax,score,label
236.41590881347656,198.82757568359375,247.3380126953125,211.65213012695312,0.054086752235889435,3
