xmin,ymin,xmax,ymax,score,label
231.0570526123047,198.1742706298828,247.605224609375,212.8837127685547,0.09963084012269974,3
237.6578826904297,199.5916748046875,247.29678344726562,209.0806427001953,0.055886078625917435,3
