xmin,ymin,xmax,ymax,score,label
235.48216247558594,199.0,247.61561584472656,212.20567321777344,0.10231880843639374,3
