xmin,ymin,xmax,ymax,score,label
233.73121643066406,198.1416473388672,248.1288299560547,213.00596618652344,0.3199770450592041,3
237.35890197753906,198.4884796142578,247.70240783691406,208.0218963623047,0.08062922209501266,3
234.56204223632812,198.6964874267578,247.79159545898438,213.0830841064453,0.06945980340242386,8
