xmin,ymin,xmax,ymax,score,label
235.2057342529297,199.01455688476562,247.22097778320312,212.44175720214844,0.1270586997270584,3
