xmin,ymin,xmax,ymax,score,label
233.03109741210938,198.69126892089844,247.3375701904297,212.50885009765625,0.08786466717720032,3
