xmin,ymin,xmax,ymax,score,label
232.90489196777344,198.6997833251953,247.3295135498047,212.49583435058594,0.07725359499454498,3
