xmin,ymin,xmax,ymax,score,label
235.47726440429688,198.03448486328125,247.74945068359375,211.92564392089844,0.05319372937083244,3
