xmin,ymin,xmax,ymax,score,label
237.61697387695312,199.3394317626953,247.90286254882812,210.5647735595703,0.051823049783706665,3
