xmin,ymin,xmax,ymax,score,label
237.18502807617188,199.52183532714844,247.71112060546875,210.80299377441406,0.12175983190536499,3
