xmin,ymin,xmax,ymax,score,label
236.97813415527344,198.95155334472656,247.11302185058594,211.63607788085938,0.07090377807617188,3
