xmin,ymin,xmax,ymax,score,label
236.38812255859375,199.1536102294922,247.3494873046875,211.88540649414062,0.07519499957561493,3
