xmin,ymin,xmax,ymax,score,label
237.3392791748047,199.22344970703125,247.13327026367188,211.81773376464844,0.05844738334417343,3
