xmin,ymin,xmax,ymax,score,label
233.25596618652344,199.11766052246094,248.01316833496094,212.90518188476562,0.07913559675216675,3
