xmin,ymin,xmax,ymax,score,label
233.33462524414062,198.2492218017578,247.80819702148438,212.829833984375,0.09482575207948685,3
238.29637145996094,199.5171356201172,246.98268127441406,211.07012939453125,0.05127822980284691,3
