xmin,ymin,xmax,ymax,score,label
233.61988830566406,198.30892944335938,247.82388305664062,213.0302734375,0.12537266314029694,3
