xmin,ymin,xmax,ymax,score,label
233.7997283935547,198.24313354492188,247.8478240966797,212.93350219726562,0.08733426034450531,3
