xmin,ymin,xmax,ymax,score,label
236.85690307617188,199.19480895996094,247.4716339111328,211.95169067382812,0.11370189487934113,3
