xmin,ymin,xmax,ymax,score,label
234.16726684570312,198.19358825683594,247.80758666992188,212.96298217773438,0.08144756406545639,3
