xmin,ymin,xmax,ymax,score,label
233.79788208007812,198.4087371826172,247.85256958007812,212.62274169921875,0.05763174593448639,3
