xmin,ymin,xmax,ymax,score,label
233.73971557617188,198.4476776123047,247.80955505371094,212.60679626464844,0.0508892685174942,3
