xmin,ymin,xmax,ymax,score,label
235.81954956054688,197.89830017089844,247.5040740966797,211.85763549804688,0.06330801546573639,3
