xmin,ymin,xmax,ymax,score,label
235.8257598876953,197.90318298339844,247.4862060546875,211.84486389160156,0.06430937349796295,3
