xmin,ymin,xmax,ymax,score,label
237.57203674316406,198.76956176757812,247.37120056152344,211.08193969726562,0.07173328846693039,3
