xmin,ymin,xmax,ymax,score,label
233.5098114013672,197.48545837402344,247.05343627929688,212.41372680664062,0.08583641052246094,3
