xmin,ymin,xmax,ymax,score,label
238.56301879882812,198.00352478027344,246.70748901367188,209.8466033935547,0.12900812923908234,3
238.7548370361328,198.6275177001953,246.29037475585938,212.81492614746094,0.05039301514625549,1
