xmin,ymin,xmax,ymax,score,label
238.4182586669922,198.02432250976562,247.0269317626953,209.9693145751953,0.11512592434883118,3
231.77101135253906,197.7805938720703,247.41204833984375,211.5600128173828,0.05784382298588753,3
