xmin,ymin,xmax,ymax,score,label
236.41983032226562,198.1174774169922,246.87747192382812,210.10874938964844,0.20928819477558136,3
228.9593963623047,197.3230743408203,245.751220703125,211.80458068847656,0.08087880164384842,3
236.36575317382812,196.78036499023438,244.73370361328125,206.29502868652344,0.07647469639778137,3
