xmin,ymin,xmax,ymax,score,label
237.3114776611328,198.37887573242188,246.84719848632812,209.458984375,0.23782283067703247,3
231.85101318359375,197.69790649414062,247.27737426757812,211.42568969726562,0.11020801961421967,3
236.9199981689453,196.8197784423828,245.42947387695312,205.50538635253906,0.07893192023038864,3
