xmin,ymin,xmax,ymax,score,label
238.2444305419922,200.3068389892578,247.23367309570312,212.81210327148438,0.24969691038131714,3
238.2523956298828,199.9748992919922,247.07296752929688,213.09820556640625,0.08769968152046204,8
240.33566284179688,201.67184448242188,246.40682983398438,214.53269958496094,0.06521836668252945,1
