xmin,ymin,xmax,ymax,score,label
233.62269592285156,197.8675537109375,247.23458862304688,211.382568359375,0.06209106370806694,3
