xmin,ymin,xmax,ymax,score,label
234.82217407226562,197.90875244140625,247.10916137695312,211.1063690185547,0.06970622390508652,3
