xmin,ymin,xmax,ymax,score,label
236.61257934570312,198.32765197753906,246.92184448242188,210.89210510253906,0.10817869007587433,3
