xmin,ymin,xmax,ymax,score,label
234.8205108642578,199.848876953125,247.42506408691406,213.62185668945312,0.09608139842748642,3
