xmin,ymin,xmax,ymax,score,label
238.16845703125,200.01377868652344,247.32725524902344,211.6916961669922,0.0508902408182621,3
