xmin,ymin,xmax,ymax,score,label
231.24305725097656,197.9875946044922,246.90782165527344,211.49476623535156,0.05586244910955429,3
237.12826538085938,198.52490234375,246.26177978515625,209.65133666992188,0.05539626255631447,3
