xmin,ymin,xmax,ymax,score,label
237.0094451904297,199.84490966796875,246.79786682128906,210.4794921875,0.06072498485445976,3
