xmin,ymin,xmax,ymax,score,label
237.06484985351562,199.8385009765625,246.8345489501953,210.45997619628906,0.0676584541797638,3
