xmin,ymin,xmax,ymax,score,label
237.62867736816406,199.56129455566406,247.40504455566406,211.6390380859375,0.0600663423538208,3
