xmin,ymin,xmax,ymax,score,label
234.43511962890625,198.784912109375,247.52999877929688,212.70338439941406,0.07815534621477127,3
