xmin,ymin,xmax,ymax,score,label
234.00836181640625,197.8248748779297,247.47792053222656,211.6786346435547,0.05598026141524315,3
