xmin,ymin,xmax,ymax,score,label
237.63546752929688,199.7521209716797,247.30348205566406,211.6943359375,0.07517444342374802,3
