xmin,ymin,xmax,ymax,score,label
236.34255981445312,199.48171997070312,247.138427734375,211.5874481201172,0.09371443092823029,3
