xmin,ymin,xmax,ymax,score,label
235.20623779296875,197.8506622314453,247.8750457763672,211.73944091796875,0.06198389083147049,3
