xmin,ymin,xmax,ymax,score,label
234.01272583007812,198.85997009277344,247.37997436523438,213.45101928710938,0.05013376101851463,3
