xmin,ymin,xmax,ymax,score,label
233.8178253173828,198.29061889648438,247.0673370361328,212.2608642578125,0.051505349576473236,3
