xmin,ymin,xmax,ymax,score,label
236.4420166015625,198.7957305908203,247.7008514404297,211.7079620361328,0.08488930016756058,3
