xmin,ymin,xmax,ymax,score,label
236.8134307861328,199.5096893310547,247.2973175048828,212.44004821777344,0.16848571598529816,3
