xmin,ymin,xmax,ymax,score,label
234.3591766357422,198.2853240966797,247.48094177246094,212.66543579101562,0.05395421013236046,3
