xmin,ymin,xmax,ymax,score,label
234.93331909179688,198.9976043701172,247.55099487304688,212.76739501953125,0.07236526906490326,3
