xmin,ymin,xmax,ymax,score,label
237.8025665283203,201.083984375,247.198974609375,212.0817413330078,0.06088098883628845,3
