xmin,ymin,xmax,ymax,score,label
236.99444580078125,198.77108764648438,246.8465118408203,210.8576202392578,0.137525275349617,3
