xmin,ymin,xmax,ymax,score,label
234.57301330566406,198.73394775390625,247.2271270751953,212.63568115234375,0.06844119727611542,3
