xmin,ymin,xmax,ymax,score,label
235.8922119140625,198.93011474609375,247.30128479003906,212.78497314453125,0.13569276034832,3
