xmin,ymin,xmax,ymax,score,label
236.28041076660156,199.2524871826172,246.8629150390625,210.74392700195312,0.0576402023434639,3
