xmin,ymin,xmax,ymax,score,label
237.16604614257812,198.92318725585938,246.81419372558594,210.72218322753906,0.05971571430563927,3
