xmin,ymin,xmax,ymax,score,label
237.4847869873047,199.98370361328125,246.9468231201172,211.88401794433594,0.0700538232922554,3
