xmin,ymin,xmax,ymax,score,label
233.17189025878906,197.9876251220703,247.68792724609375,212.23272705078125,0.10084498673677444,3
