xmin,ymin,xmax,ymax,score,label
232.9960174560547,198.266357421875,247.3629150390625,212.0633087158203,0.052192047238349915,3
