xmin,ymin,xmax,ymax,score,label
236.22232055664062,199.67076110839844,247.40350341796875,211.68624877929688,0.06149100512266159,3
