xmin,ymin,xmax,ymax,score,label
233.20556640625,198.11276245117188,247.1279754638672,211.76792907714844,0.11756835132837296,3
