xmin,ymin,xmax,ymax,score,label
237.34642028808594,198.69549560546875,246.802734375,211.23411560058594,0.0672454833984375,3
