xmin,ymin,xmax,ymax,score,label
235.80780029296875,198.03265380859375,247.48934936523438,210.949462890625,0.07709677517414093,3
