xmin,ymin,xmax,ymax,score,label
237.99765014648438,199.10809326171875,247.19232177734375,210.2374267578125,0.12951023876667023,3
