xmin,ymin,xmax,ymax,score,label
230.8761444091797,198.5921173095703,247.52394104003906,212.9862518310547,0.057250816375017166,3
