xmin,ymin,xmax,ymax,score,label
237.16275024414062,198.59288024902344,246.49618530273438,210.81092834472656,0.07767169922590256,3
