xmin,ymin,xmax,ymax,score,label
237.4452667236328,198.16114807128906,247.27175903320312,211.4550323486328,0.05313233658671379,3
