xmin,ymin,xmax,ymax,score,label
236.39328002929688,198.7865753173828,247.4254608154297,211.1497039794922,0.07952773571014404,3
