xmin,ymin,xmax,ymax,score,label
236.19898986816406,198.85618591308594,247.32139587402344,210.90530395507812,0.11237609386444092,3
