xmin,ymin,xmax,ymax,score,label
237.18746948242188,199.40133666992188,247.3480682373047,211.86221313476562,0.07310334593057632,3
