xmin,ymin,xmax,ymax,score,label
237.6154327392578,199.73086547851562,246.99765014648438,211.5174102783203,0.09230785816907883,3
