xmin,ymin,xmax,ymax,score,label
234.92161560058594,198.30369567871094,247.45565795898438,212.82456970214844,0.0919053852558136,3
