xmin,ymin,xmax,ymax,score,label
234.1528778076172,198.84678649902344,247.45726013183594,212.52732849121094,0.05254501476883888,3
