xmin,ymin,xmax,ymax,score,label
237.6152801513672,198.895263671875,247.01197814941406,211.29641723632812,0.2166854441165924,3
238.40737915039062,197.2527313232422,245.70668029785156,206.2334747314453,0.07132163643836975,3
