xmin,ymin,xmax,ymax,score,label
237.64015197753906,199.31082153320312,247.44515991210938,211.873291015625,0.0835496038198471,3
