xmin,ymin,xmax,ymax,score,label
232.91490173339844,198.164306640625,247.7095489501953,213.22080993652344,0.17379030585289001,3
