xmin,ymin,xmax,ymax,score,label
237.3258056640625,199.9022979736328,247.3026885986328,211.36399841308594,0.06602471321821213,3
