xmin,ymin,xmax,ymax,score,label
237.79661560058594,199.55702209472656,247.4154510498047,211.36077880859375,0.11132790148258209,3
