xmin,ymin,xmax,ymax,score,label
237.15756225585938,199.1182098388672,246.9557342529297,211.54620361328125,0.0844724029302597,3
