xmin,ymin,xmax,ymax,score,label
526.6987915039062,378.2557373046875,639.6045532226562,475.5222473144531,0.6846755743026733,3
523.1668701171875,374.470458984375,640.0,476.3387145996094,0.07202701270580292,8
