xmin,ymin,xmax,ymax,score,label
481.9255065917969,335.2675476074219,639.0474853515625,463.2936706542969,0.8274114727973938,8
482.24560546875,329.5530090332031,637.519287109375,461.1556091308594,0.17131029069423676,3
