xmin,ymin,xmax,ymax,score,label
440.7576904296875,310.68218994140625,619.505615234375,408.6048889160156,0.9829620718955994,8
