xmin,ymin,xmax,ymax,score,label
420.2822570800781,295.59930419921875,554.3269653320312,374.4186096191406,0.9948521256446838,8
