xmin,ymin,xmax,ymax,score,label
404.83929443359375,280.9535217285156,509.78277587890625,353.4843444824219,0.9920588731765747,8
236.73318481445312,198.5758514404297,247.23048400878906,210.9817657470703,0.18490831553936005,3
