xmin,ymin,xmax,ymax,score,label
386.0877380371094,265.8318176269531,474.48089599609375,330.258544921875,0.9909073114395142,8
236.65557861328125,198.74884033203125,247.80381774902344,211.32005310058594,0.07629502564668655,3
