xmin,ymin,xmax,ymax,score,label
376.50860595703125,261.30816650390625,450.6954650878906,314.1276550292969,0.9871100187301636,8
