xmin,ymin,xmax,ymax,score,label
363.46905517578125,253.53196716308594,424.3253479003906,301.0632629394531,0.9527919292449951,8
366.58416748046875,254.94776916503906,424.7569274902344,300.7304382324219,0.14206813275814056,3
396.4969177246094,282.1102600097656,418.8571472167969,302.3030090332031,0.12102361023426056,3
399.2221984863281,287.7987365722656,412.58282470703125,303.15081787109375,0.05997484177350998,3
