xmin,ymin,xmax,ymax,score,label
357.7539367675781,248.7849884033203,409.2939453125,289.79791259765625,0.9646205902099609,8
346.64300537109375,267.4205017089844,402.0925598144531,290.6813659667969,0.24298952519893646,8
359.0552673339844,249.16786193847656,406.3175964355469,282.4304504394531,0.10721172392368317,3
347.13006591796875,263.6227722167969,403.939697265625,290.7281188964844,0.0603490024805069,3
