xmin,ymin,xmax,ymax,score,label
348.2827453613281,245.39085388183594,394.30438232421875,280.6017150878906,0.8921299576759338,8
351.0544738769531,245.6574249267578,393.1591491699219,275.2812194824219,0.4183492064476013,3
340.1889953613281,263.3168029785156,382.0130615234375,280.3913879394531,0.16807153820991516,8
339.39739990234375,262.0799560546875,386.8619079589844,282.6929016113281,0.12185032665729523,3
392.04693603515625,260.7790832519531,398.67120361328125,271.4346008300781,0.1163414791226387,3
374.3018493652344,268.5468444824219,391.8226013183594,281.20953369140625,0.05839293822646141,3
