xmin,ymin,xmax,ymax,score,label
339.8525695800781,241.69825744628906,385.84014892578125,273.8210144042969,0.7495406866073608,8
341.7239685058594,242.1107177734375,385.0263977050781,270.7521057128906,0.5158251523971558,3
333.1283264160156,253.26016235351562,382.3517761230469,275.2929992675781,0.07318676263093948,3
