xmin,ymin,xmax,ymax,score,label
337.2687683105469,238.84283447265625,375.2414245605469,266.0424499511719,0.9319525957107544,3
331.2574462890625,237.8644256591797,377.7425537109375,266.9883728027344,0.11140593141317368,8
330.48712158203125,249.9163818359375,371.39984130859375,268.5513916015625,0.09960954636335373,3
