xmin,ymin,xmax,ymax,score,label
330.009521484375,235.41043090820312,366.8493347167969,262.021240234375,0.8788799047470093,3
329.3246154785156,235.17799377441406,367.042724609375,261.66290283203125,0.20752087235450745,8
338.9043884277344,235.11524963378906,365.823486328125,249.46449279785156,0.06645794957876205,3
