xmin,ymin,xmax,ymax,score,label
326.08099365234375,232.7511444091797,360.2484436035156,257.78033447265625,0.9197574257850647,3
321.8103332519531,232.5360107421875,360.9104309082031,257.4859619140625,0.17999790608882904,8
