xmin,ymin,xmax,ymax,score,label
322.65234375,231.1617889404297,353.50555419921875,253.66796875,0.9375028014183044,3
320.6512756347656,230.43661499023438,353.7840576171875,253.9558868408203,0.1097530648112297,8
233.04513549804688,198.9291229248047,247.54022216796875,212.99737548828125,0.06363093852996826,3
