xmin,ymin,xmax,ymax,score,label
319.4945068359375,228.4309539794922,347.3621826171875,251.03697204589844,0.9774951338768005,3
