xmin,ymin,xmax,ymax,score,label
316.2325134277344,227.3369903564453,342.2010192871094,247.0195770263672,0.9655486941337585,3
313.54534912109375,226.8457489013672,342.7874755859375,247.21722412109375,0.1220172792673111,8
