xmin,ymin,xmax,ymax,score,label
310.61224365234375,224.9150848388672,337.3587646484375,244.7707061767578,0.777952253818512,8
315.83056640625,225.28224182128906,336.6320495605469,243.70265197753906,0.44551825523376465,3
233.6374969482422,198.52671813964844,247.52154541015625,212.7698211669922,0.052943840622901917,3
