xmin,ymin,xmax,ymax,score,label
310.2511291503906,223.1226043701172,332.07635498046875,241.31996154785156,0.8065807223320007,3
307.8560485839844,222.95460510253906,332.32513427734375,241.8626708984375,0.3688521683216095,8
235.25868225097656,199.12451171875,247.5605926513672,212.4714813232422,0.3686071038246155,3
