xmin,ymin,xmax,ymax,score,label
306.6185607910156,221.9984893798828,327.88958740234375,239.77682495117188,0.8895778656005859,3
234.71212768554688,198.0639190673828,247.3352508544922,212.21119689941406,0.35007616877555847,3
305.6795959472656,221.83250427246094,328.0849609375,239.11465454101562,0.19048668444156647,8
