xmin,ymin,xmax,ymax,score,label
304.29864501953125,220.20570373535156,324.50860595703125,236.77525329589844,0.7470154762268066,3
304.10015869140625,219.75755310058594,324.5011291503906,236.85784912109375,0.35261470079421997,8
