xmin,ymin,xmax,ymax,score,label
301.18121337890625,218.74966430664062,321.3385925292969,235.62408447265625,0.667896032333374,8
302.1922607421875,219.5881805419922,320.796142578125,235.81564331054688,0.41112852096557617,3
305.2239990234375,218.84178161621094,320.8634033203125,229.09385681152344,0.07006866484880447,3
