xmin,ymin,xmax,ymax,score,label
298.8076477050781,218.8454132080078,317.13299560546875,233.42822265625,0.9322234392166138,3
296.96368408203125,217.43394470214844,317.636474609375,233.62013244628906,0.12410873919725418,8
