xmin,ymin,xmax,ymax,score,label
296.50885009765625,216.9937744140625,313.56292724609375,231.6293182373047,0.8240082263946533,3
295.0092468261719,216.85604858398438,313.83355712890625,231.24717712402344,0.27007752656936646,8
