xmin,ymin,xmax,ymax,score,label
294.1700744628906,216.0898895263672,310.7479553222656,229.7698516845703,0.7624436020851135,3
291.8808898925781,214.59185791015625,311.1140441894531,230.11802673339844,0.2957959473133087,8
293.7243957519531,222.48878479003906,308.3121643066406,230.08543395996094,0.0623188316822052,3
