xmin,ymin,xmax,ymax,score,label
291.85919189453125,215.74208068847656,307.5157470703125,228.8482666015625,0.7244111895561218,3
291.8417663574219,215.02609252929688,307.5486755371094,228.5165252685547,0.3446452021598816,8
292.4400634765625,222.10105895996094,306.7287292480469,228.9762725830078,0.20779217779636383,3
295.9489440917969,215.27052307128906,308.26715087890625,224.4322052001953,0.06893941015005112,3
