xmin,ymin,xmax,ymax,score,label
289.0550842285156,214.6177978515625,305.1394348144531,228.1431121826172,0.8674618005752563,3
288.59210205078125,214.29393005371094,305.3661804199219,228.17625427246094,0.17875368893146515,8
290.37060546875,221.61436462402344,303.9164733886719,228.55516052246094,0.06416308134794235,3
286.9453125,214.5236358642578,296.1448059082031,225.00535583496094,0.05488927289843559,3
