xmin,ymin,xmax,ymax,score,label
287.392333984375,213.82464599609375,302.55291748046875,226.82615661621094,0.8853952288627625,3
287.3424987792969,214.07659912109375,302.1161804199219,227.04200744628906,0.16140268743038177,8
288.37249755859375,219.5649871826172,301.1744689941406,227.42709350585938,0.05008840188384056,3
