xmin,ymin,xmax,ymax,score,label
284.3000183105469,212.95004272460938,299.6722412109375,225.11582946777344,0.8922842741012573,3
284.3521423339844,212.1794891357422,299.8680419921875,225.40692138671875,0.15699991583824158,8
286.2237243652344,219.88694763183594,298.9429626464844,226.14315795898438,0.1077250987291336,3
286.4105224609375,210.6739501953125,299.78790283203125,217.8825225830078,0.05543111264705658,3
