xmin,ymin,xmax,ymax,score,label
283.52789306640625,212.31224060058594,296.7706298828125,223.86605834960938,0.6115560531616211,3
281.9721374511719,210.8076934814453,296.9939270019531,223.6567840576172,0.5777773857116699,8
284.10400390625,218.469970703125,296.3846435546875,224.5736083984375,0.29816073179244995,3
284.1725158691406,221.1138458251953,294.4574890136719,225.30751037597656,0.09030289947986603,3
239.61868286132812,202.08724975585938,293.85162353515625,223.7985382080078,0.08619756996631622,8
285.441162109375,210.407470703125,296.45123291015625,217.88645935058594,0.0832233875989914,3
283.1052551269531,215.6075897216797,294.793701171875,223.76556396484375,0.053767573088407516,8
