xmin,ymin,xmax,ymax,score,label
282.473876953125,213.02816772460938,294.6421203613281,222.45359802246094,0.7525464296340942,3
281.3240661621094,217.04310607910156,293.32037353515625,222.96290588378906,0.5187416672706604,3
280.83203125,210.44435119628906,295.0149841308594,222.46731567382812,0.4767496883869171,8
283.59906005859375,211.0322265625,294.51458740234375,216.48155212402344,0.2149011641740799,3
284.2659912109375,218.93431091308594,293.0026550292969,223.50125122070312,0.19262714684009552,3
282.02001953125,215.94911193847656,294.1942138671875,222.66688537597656,0.08734866231679916,8
285.2087097167969,191.56484985351562,294.426513671875,197.45602416992188,0.06843244284391403,3
283.6147155761719,210.91062927246094,294.4494934082031,216.6791534423828,0.051268063485622406,8
