xmin,ymin,xmax,ymax,score,label
280.37469482421875,212.12652587890625,293.0350646972656,221.95094299316406,0.866118848323822,3
279.0892639160156,210.5625762939453,293.181884765625,221.8727569580078,0.31745171546936035,8
281.2662048339844,210.81028747558594,292.5787658691406,216.71661376953125,0.24195152521133423,3
280.3872985839844,216.55075073242188,290.9775695800781,222.57821655273438,0.22799819707870483,3
236.26119995117188,199.67701721191406,289.3581848144531,221.95571899414062,0.10413133352994919,8
285.3490905761719,209.90841674804688,294.3338928222656,215.2537078857422,0.07569292187690735,3
234.00445556640625,197.94281005859375,247.84518432617188,211.47547912597656,0.06912879645824432,3
285.4955139160156,191.41177368164062,294.85528564453125,197.50083923339844,0.06663251668214798,3
278.16705322265625,211.6734161376953,288.0769958496094,220.37249755859375,0.050294503569602966,3
