xmin,ymin,xmax,ymax,score,label
279.15374755859375,211.40736389160156,290.8482666015625,221.18276977539062,0.8980214595794678,3
235.13525390625,199.39439392089844,289.74383544921875,221.90786743164062,0.2792861759662628,8
281.0552673339844,210.7628631591797,291.0205078125,216.8613739013672,0.23729074001312256,3
276.60791015625,210.5639190673828,290.5484313964844,221.2406463623047,0.17657126486301422,8
237.78109741210938,199.2913055419922,247.4167022705078,211.9548797607422,0.09820881485939026,3
237.5591278076172,197.7677459716797,281.8544616699219,221.24061584472656,0.06423640251159668,6
