xmin,ymin,xmax,ymax,score,label
276.7727966308594,211.18910217285156,288.6557312011719,220.22146606445312,0.8795304894447327,3
235.86537170410156,199.04696655273438,248.2828826904297,212.66481018066406,0.27421513199806213,3
275.4090270996094,209.8529052734375,288.72589111328125,220.47543334960938,0.23284094035625458,8
236.55552673339844,197.73675537109375,287.6018371582031,221.1033172607422,0.20598988234996796,8
280.3773498535156,210.20977783203125,288.874267578125,216.93728637695312,0.10980626195669174,3
277.3926086425781,215.6905975341797,287.214599609375,221.9617462158203,0.05060683935880661,3
