xmin,ymin,xmax,ymax,score,label
274.99554443359375,209.3977813720703,286.5673522949219,219.3743896484375,0.8045023679733276,3
234.9331817626953,198.2179718017578,247.92018127441406,212.2479248046875,0.3732064366340637,3
273.7527770996094,209.0410614013672,286.99334716796875,219.4481964111328,0.3147379457950592,8
234.89694213867188,198.35581970214844,286.5641174316406,219.73825073242188,0.220966637134552,8
234.9845428466797,199.5350341796875,278.6457214355469,219.03353881835938,0.07308662682771683,3
238.52706909179688,200.86170959472656,247.37901306152344,213.64634704589844,0.0728069469332695,1
269.9393310546875,210.3104705810547,276.78265380859375,217.68748474121094,0.05504479631781578,3
234.8808135986328,197.94285583496094,279.0062561035156,218.47967529296875,0.05290529504418373,6
