xmin,ymin,xmax,ymax,score,label
273.91094970703125,208.6195831298828,284.5231018066406,218.2947235107422,0.7530381083488464,3
272.9937438964844,208.03248596191406,285.06024169921875,218.27247619628906,0.48223137855529785,8
235.9615936279297,197.72677612304688,283.776611328125,218.8595733642578,0.05744618922472,8
