xmin,ymin,xmax,ymax,score,label
272.42193603515625,207.4973602294922,282.8237609863281,216.7801513671875,0.7910564541816711,3
272.0084533691406,207.32615661621094,283.1097412109375,217.1869354248047,0.35241565108299255,8
