xmin,ymin,xmax,ymax,score,label
271.22344970703125,207.79351806640625,281.0794677734375,216.3095703125,0.7985708117485046,3
270.070068359375,207.23426818847656,281.3802185058594,216.6413116455078,0.37160471081733704,8
271.8646545410156,213.20155334472656,280.5593566894531,218.2541961669922,0.07898823916912079,3
