xmin,ymin,xmax,ymax,score,label
269.9172668457031,207.5940399169922,279.97027587890625,216.64930725097656,0.8176246285438538,3
267.1899719238281,206.92160034179688,279.5690612792969,216.6947479248047,0.3149755597114563,8
238.37689208984375,201.0602569580078,246.95338439941406,211.40248107910156,0.05600132793188095,3
