xmin,ymin,xmax,ymax,score,label
268.5948181152344,206.4598846435547,278.605224609375,215.65277099609375,0.9071353673934937,3
267.309326171875,206.2778778076172,279.1432189941406,216.02366638183594,0.1331360787153244,8
269.122314453125,210.4621124267578,278.2511291503906,216.5001983642578,0.10332342982292175,3
236.52708435058594,201.00442504882812,247.21640014648438,211.9172821044922,0.09477850049734116,3
