xmin,ymin,xmax,ymax,score,label
267.31201171875,206.2432098388672,276.3272399902344,214.15158081054688,0.8484579920768738,3
266.1640930175781,205.26431274414062,277.1388854980469,214.35421752929688,0.22020985186100006,8
268.3778991699219,210.23277282714844,275.6114501953125,214.85765075683594,0.16108322143554688,3
265.4515380859375,206.73585510253906,273.08367919921875,213.71240234375,0.06788264214992523,3
