xmin,ymin,xmax,ymax,score,label
265.9402770996094,205.85804748535156,275.3332824707031,213.06871032714844,0.8847832679748535,3
265.6976318359375,208.6390380859375,274.09918212890625,213.8995819091797,0.3548928201198578,3
264.9613342285156,204.5191650390625,276.1073913574219,213.553955078125,0.24578598141670227,8
266.9443359375,210.60528564453125,274.4595642089844,214.53347778320312,0.10342749208211899,3
234.57945251464844,197.9135284423828,247.15457153320312,211.92347717285156,0.06921748071908951,3
