xmin,ymin,xmax,ymax,score,label
265.35528564453125,205.15780639648438,274.4434814453125,212.98765563964844,0.7936415672302246,3
264.3301696777344,204.59950256347656,275.1351013183594,213.1045684814453,0.3430534303188324,8
265.0708923339844,208.58755493164062,273.4600524902344,213.698974609375,0.21011021733283997,3
234.07894897460938,197.8158416748047,247.13983154296875,212.43751525878906,0.05738562345504761,3
