xmin,ymin,xmax,ymax,score,label
264.1886291503906,205.72035217285156,273.16259765625,213.0194549560547,0.7948527932167053,3
263.6626281738281,204.77210998535156,273.9342346191406,213.15570068359375,0.3038403391838074,8
234.8563232421875,199.70932006835938,247.8655548095703,213.2225341796875,0.10888125002384186,3
