xmin,ymin,xmax,ymax,score,label
263.4797668457031,205.6841583251953,271.7525939941406,212.13499450683594,0.7345691919326782,3
262.9533386230469,205.00942993164062,272.1783142089844,212.03504943847656,0.39772677421569824,8
234.8125,199.4848175048828,247.9418487548828,213.1842803955078,0.08622197061777115,3
263.3837585449219,208.17767333984375,271.58953857421875,213.46937561035156,0.08090098947286606,3
