xmin,ymin,xmax,ymax,score,label
262.8681945800781,204.5082244873047,271.19000244140625,211.5706024169922,0.6873699426651001,3
261.6922302246094,203.3596649169922,271.845947265625,212.00755310058594,0.17776496708393097,8
261.02752685546875,205.29910278320312,267.9065246582031,211.578857421875,0.07590077072381973,3
