xmin,ymin,xmax,ymax,score,label
261.37396240234375,202.9705047607422,270.2809753417969,210.95664978027344,0.6701188683509827,3
260.3626708984375,202.35977172851562,270.8517761230469,211.18142700195312,0.32995083928108215,8
236.5243682861328,198.11550903320312,264.1385192871094,212.0171356201172,0.16731229424476624,8
256.36138916015625,200.6915740966797,270.7152099609375,211.28543090820312,0.05696756765246391,3
