xmin,ymin,xmax,ymax,score,label
260.9701843261719,203.10748291015625,269.3440856933594,211.1287841796875,0.7702179551124573,3
259.8167419433594,202.3280029296875,270.0909423828125,211.2361602783203,0.22180873155593872,8
236.76206970214844,198.08656311035156,264.5221862792969,211.92941284179688,0.17406338453292847,8
234.30943298339844,198.7911376953125,247.7758026123047,212.4621124267578,0.06059470400214195,3
237.3229217529297,198.44232177734375,264.0012512207031,212.16390991210938,0.05515679717063904,3
