xmin,ymin,xmax,ymax,score,label
260.3070983886719,202.81605529785156,268.44537353515625,210.6450958251953,0.6931228637695312,3
259.22540283203125,202.71829223632812,269.1798095703125,210.6787567138672,0.21729065477848053,8
237.60531616210938,198.6682891845703,263.08209228515625,211.98350524902344,0.15043722093105316,8
234.46754455566406,198.88253784179688,247.7529296875,212.82708740234375,0.07159887999296188,3
237.91806030273438,198.6549530029297,261.191162109375,211.91934204101562,0.06713812053203583,3
248.33740234375,198.92945861816406,268.7344665527344,210.97801208496094,0.06264924257993698,8
259.9866027832031,206.32766723632812,267.1790771484375,211.96800231933594,0.059394288808107376,3
