xmin,ymin,xmax,ymax,score,label
258.968505859375,202.7580108642578,267.8271179199219,210.44935607910156,0.6560415029525757,3
258.7510681152344,202.49017333984375,267.9087219238281,210.4908905029297,0.1663946658372879,8
238.5880584716797,198.3250732421875,260.6667175292969,211.5409393310547,0.09179508686065674,3
258.8699645996094,203.5767822265625,265.9771423339844,211.92518615722656,0.07849473506212234,1
238.2023162841797,198.02427673339844,260.8133544921875,211.3774871826172,0.0776597261428833,8
233.68357849121094,198.94264221191406,248.0319061279297,212.8510284423828,0.052518948912620544,3
