xmin,ymin,xmax,ymax,score,label
257.4981994628906,202.16888427734375,266.66058349609375,209.43124389648438,0.5707237124443054,3
256.73504638671875,201.6112823486328,266.9709777832031,209.30259704589844,0.2693046033382416,8
