xmin,ymin,xmax,ymax,score,label
256.8306884765625,201.4134979248047,265.6626281738281,208.6820526123047,0.7765243053436279,3
256.1219482421875,201.25091552734375,266.0051574707031,208.85763549804688,0.21421478688716888,8
237.5303955078125,198.06260681152344,257.3940734863281,210.22454833984375,0.12283647805452347,3
243.6592559814453,195.79103088378906,265.5575866699219,209.28128051757812,0.1008775532245636,8
244.00938415527344,196.73057556152344,265.25311279296875,209.5745391845703,0.07928140461444855,3
233.54345703125,198.47512817382812,247.66041564941406,211.56263732910156,0.061708416789770126,3
241.9359588623047,199.5396728515625,258.8926086425781,209.38272094726562,0.05750614404678345,8
