xmin,ymin,xmax,ymax,score,label
256.3468933105469,201.63671875,264.7669372558594,208.80545043945312,0.768562376499176,3
255.62744140625,201.55328369140625,265.29010009765625,208.80319213867188,0.20575158298015594,8
238.5698699951172,199.34231567382812,257.6497497558594,209.94749450683594,0.13740110397338867,3
243.79104614257812,195.91554260253906,264.9154968261719,209.12025451660156,0.057335250079631805,8
