xmin,ymin,xmax,ymax,score,label
256.19207763671875,202.0537872314453,263.9833984375,208.6754913330078,0.6510941386222839,3
255.72938537597656,201.3480682373047,264.2898864746094,208.71649169921875,0.25577741861343384,8
255.82395935058594,204.0585174560547,262.37322998046875,209.31846618652344,0.12250124663114548,3
238.23028564453125,198.80552673339844,257.5065612792969,211.2631072998047,0.07352021336555481,3
238.1441650390625,198.59103393554688,257.8959655761719,211.09120178222656,0.05359046533703804,8
