xmin,ymin,xmax,ymax,score,label
255.18470764160156,201.6459503173828,263.4330749511719,208.54539489746094,0.6569581627845764,3
255.88101196289062,204.19505310058594,262.2959899902344,209.1672821044922,0.22235272824764252,3
255.0614471435547,201.49024963378906,263.4841613769531,208.55335998535156,0.22078663110733032,8
238.27880859375,198.84156799316406,256.7850341796875,211.02305603027344,0.06140856072306633,3
