xmin,ymin,xmax,ymax,score,label
254.09893798828125,201.08885192871094,262.3276062011719,207.84474182128906,0.06647434830665588,3
