xmin,ymin,xmax,ymax,score,label
253.4038543701172,200.05064392089844,261.5047607421875,207.46267700195312,0.13745196163654327,3
