xmin,ymin,xmax,ymax,score,label
252.39889526367188,200.1541290283203,260.92449951171875,207.16696166992188,0.06882724910974503,3
