xmin,ymin,xmax,ymax,score,label
251.74612426757812,200.28016662597656,260.0465393066406,206.96116638183594,0.0908745750784874,3
