xmin,ymin,xmax,ymax,score,label
239.03138732910156,200.02197265625,248.8320770263672,208.69322204589844,0.27269279956817627,3
248.84071350097656,199.97105407714844,256.0228271484375,205.5665740966797,0.15024764835834503,3
235.76446533203125,200.13890075683594,248.76686096191406,213.1734161376953,0.09975806623697281,3
249.20188903808594,200.4728546142578,254.97853088378906,206.6775665283203,0.08019909262657166,1
