xmin,ymin,xmax,ymax,score,label
237.22512817382812,198.1245574951172,248.00172424316406,209.8427276611328,0.31511107087135315,3
