xmin,ymin,xmax,ymax,score,label
236.57252502441406,198.32920837402344,248.0887451171875,210.3242645263672,0.2469184398651123,3
