xmin,ymin,xmax,ymax,score,label
237.25738525390625,198.1415252685547,250.5438690185547,210.8420867919922,0.054433424025774,3
