xmin,ymin,xmax,ymax,score,label
233.83045959472656,198.98500061035156,247.09542846679688,212.98455810546875,0.1268194317817688,3
235.75283813476562,198.7758331298828,246.57655334472656,214.02716064453125,0.07791293412446976,1
