xmin,ymin,xmax,ymax,score,label
232.99961853027344,198.05128479003906,247.02127075195312,212.23377990722656,0.13970491290092468,3
238.39407348632812,197.43601989746094,246.60302734375,210.6216278076172,0.053318172693252563,1
238.30267333984375,199.91708374023438,246.6824493408203,211.244140625,0.05045030638575554,3
