xmin,ymin,xmax,ymax,score,label
233.1901092529297,197.2665252685547,246.9738311767578,211.98622131347656,0.10847539454698563,3
236.01710510253906,196.7436981201172,246.31820678710938,211.3512420654297,0.08788347244262695,1
233.25384521484375,197.15365600585938,241.41976928710938,211.82257080078125,0.07588215172290802,1
240.57081604003906,197.31533813476562,246.96109008789062,208.73101806640625,0.05728381499648094,1
235.62063598632812,197.1384735107422,243.48220825195312,206.95692443847656,0.050629861652851105,1
