xmin,ymin,xmax,ymax,score,label
234.14857482910156,197.3711395263672,246.66195678710938,211.81552124023438,0.15287455916404724,3
239.33157348632812,198.28001403808594,246.5872039794922,212.8463134765625,0.06950860470533371,1
