xmin,ymin,xmax,ymax,score,label
233.48284912109375,198.51100158691406,246.64761352539062,212.4794921875,0.09217643737792969,3
