xmin,ymin,xmax,ymax,score,label
235.48170471191406,198.55311584472656,247.31387329101562,211.55807495117188,0.07708726823329926,3
