xmin,ymin,xmax,ymax,score,label
237.71978759765625,199.49485778808594,247.30003356933594,211.36241149902344,0.06191673129796982,3
