xmin,ymin,xmax,ymax,score,label
236.54710388183594,198.96290588378906,247.48135375976562,211.6075439453125,0.05401778593659401,3
