xmin,ymin,xmax,ymax,score,label
235.98255920410156,197.8937530517578,247.7938232421875,211.71627807617188,0.1030690148472786,3
