xmin,ymin,xmax,ymax,score,label
232.83897399902344,198.43617248535156,247.04248046875,212.47552490234375,0.19658012688159943,3
238.40016174316406,199.86892700195312,246.4644012451172,211.16595458984375,0.08215666562318802,3
