xmin,ymin,xmax,ymax,score,label
233.315185546875,198.7720947265625,247.2283172607422,212.4401092529297,0.16657976806163788,3
