xmin,ymin,xmax,ymax,score,label
235.30503845214844,197.95326232910156,247.6873779296875,212.1908416748047,0.06053415685892105,3
