xmin,ymin,xmax,ymax,score,label
232.79039001464844,197.78890991210938,247.36611938476562,211.85557556152344,0.05040117725729942,3
