xmin,ymin,xmax,ymax,score,label
237.6723175048828,199.9308319091797,247.03358459472656,212.11228942871094,0.07768324762582779,3
