xmin,ymin,xmax,ymax,score,label
236.64503479003906,199.48219299316406,247.0498046875,212.27467346191406,0.09006067365407944,3
