xmin,ymin,xmax,ymax,score,label
236.96011352539062,198.8934326171875,247.57986450195312,211.6122283935547,0.06926404684782028,3
