xmin,ymin,xmax,ymax,score,label
234.5491485595703,197.9561004638672,247.87210083007812,212.1493682861328,0.06637219339609146,3
