xmin,ymin,xmax,ymax,score,label
235.83909606933594,198.74790954589844,247.1316680908203,212.3942108154297,0.06431621313095093,3
