xmin,ymin,xmax,ymax,score,label
232.16571044921875,198.16355895996094,247.5359344482422,212.82264709472656,0.12837129831314087,3
