xmin,ymin,xmax,ymax,score,label
232.45272827148438,198.21966552734375,247.10472106933594,212.43692016601562,0.05765162408351898,3
