xmin,ymin,xmax,ymax,score,label
518.7011108398438,368.35467529296875,639.9458618164062,456.1190490722656,0.84616619348526,3
234.99871826171875,198.51528930664062,247.4886474609375,212.54208374023438,0.061039719730615616,3
