xmin,ymin,xmax,ymax,score,label
477.6827697753906,337.85003662109375,608.5797729492188,417.48626708984375,0.9967867136001587,3
234.83944702148438,198.67076110839844,247.3770751953125,212.48452758789062,0.0699225515127182,3
