xmin,ymin,xmax,ymax,score,label
444.3472595214844,316.1630859375,551.9094848632812,378.90228271484375,0.9979673027992249,3
