xmin,ymin,xmax,ymax,score,label
419.7931213378906,298.9306945800781,509.9190979003906,352.3842468261719,0.9990000128746033,3
