xmin,ymin,xmax,ymax,score,label
401.1298522949219,282.7049255371094,477.0805358886719,332.9118347167969,0.9957648515701294,3
