xmin,ymin,xmax,ymax,score,label
390.38189697265625,271.6905517578125,449.834228515625,314.46136474609375,0.9981179237365723,3
235.68002319335938,198.74951171875,247.35911560058594,211.6027069091797,0.059663478285074234,3
