xmin,ymin,xmax,ymax,score,label
372.9713439941406,263.2866516113281,428.92694091796875,300.0355529785156,0.9963364601135254,3
