xmin,ymin,xmax,ymax,score,label
364.4306945800781,257.0198974609375,411.2187194824219,289.445068359375,0.9817233681678772,3
