xmin,ymin,xmax,ymax,score,label
355.4201354980469,252.5641632080078,396.9757385253906,281.26416015625,0.920067310333252,3
355.4432678222656,252.78573608398438,397.0863952636719,280.5350036621094,0.06542398780584335,8
