xmin,ymin,xmax,ymax,score,label
346.4062194824219,248.1800079345703,385.5567321777344,273.5548095703125,0.9596366286277771,3
