xmin,ymin,xmax,ymax,score,label
338.9162292480469,244.46636962890625,376.1080322265625,267.727294921875,0.9900633692741394,3
