xmin,ymin,xmax,ymax,score,label
333.35870361328125,239.96224975585938,366.4502258300781,261.9124755859375,0.9829753041267395,3
