xmin,ymin,xmax,ymax,score,label
328.0096435546875,237.73399353027344,359.1557312011719,257.7750549316406,0.976000964641571,3
295.3592529296875,238.22352600097656,318.6407165527344,255.20428466796875,0.07381149381399155,3
