xmin,ymin,xmax,ymax,score,label
324.56884765625,235.66737365722656,351.8025817871094,254.4742431640625,0.9810119867324829,3
