xmin,ymin,xmax,ymax,score,label
320.0085144042969,233.5002899169922,346.0726318359375,250.99876403808594,0.9941101670265198,3
