xmin,ymin,xmax,ymax,score,label
315.1932678222656,231.0931396484375,340.85577392578125,247.66860961914062,0.9592711925506592,3
