xmin,ymin,xmax,ymax,score,label
312.4297790527344,228.50424194335938,335.00250244140625,244.52696228027344,0.9806383848190308,3
