xmin,ymin,xmax,ymax,score,label
309.03369140625,228.06968688964844,330.0837097167969,241.57044982910156,0.9270443916320801,3
309.0478820800781,226.87355041503906,330.36090087890625,240.80966186523438,0.09894298762083054,8
