xmin,ymin,xmax,ymax,score,label
305.0682678222656,226.069580078125,326.0704040527344,239.44773864746094,0.6129177808761597,8
306.37646484375,226.03855895996094,325.68505859375,239.11929321289062,0.549272894859314,3
