xmin,ymin,xmax,ymax,score,label
303.2035217285156,223.91065979003906,321.61383056640625,236.792236328125,0.8958724141120911,3
303.3621520996094,223.25723266601562,321.9849548339844,237.49917602539062,0.13465245068073273,8
