xmin,ymin,xmax,ymax,score,label
300.31591796875,222.50022888183594,318.3602294921875,235.2996368408203,0.8400325775146484,3
300.513916015625,215.72035217285156,317.3972473144531,234.91932678222656,0.6530841588973999,1
298.5999755859375,214.3976593017578,318.3638000488281,251.72860717773438,0.1708156168460846,1
