xmin,ymin,xmax,ymax,score,label
298.5223083496094,221.23806762695312,314.1604919433594,232.6564483642578,0.8560853004455566,3
298.1058349609375,216.94845581054688,313.55352783203125,232.408935546875,0.27254971861839294,1
297.86846923828125,219.85467529296875,307.8808288574219,231.7650909423828,0.10802983492612839,1
297.2514343261719,220.95132446289062,314.6185302734375,233.52284240722656,0.0511743426322937,8
