xmin,ymin,xmax,ymax,score,label
295.0099792480469,219.4935760498047,311.18878173828125,230.64268493652344,0.9002945423126221,3
295.2737121582031,218.30076599121094,309.6842346191406,229.9391326904297,0.09751440584659576,1
293.33514404296875,218.91690063476562,311.7540283203125,231.10887145996094,0.09553846716880798,8
293.6258850097656,219.2052764892578,303.426513671875,229.1060028076172,0.08473777025938034,3
234.15548706054688,198.74429321289062,247.32305908203125,212.26223754882812,0.05456307530403137,3
