xmin,ymin,xmax,ymax,score,label
293.03460693359375,218.80227661132812,308.4150390625,230.12152099609375,0.8389857411384583,3
292.6255798339844,218.6446075439453,308.434326171875,230.34368896484375,0.14766155183315277,8
293.0708923339844,218.763671875,303.776123046875,229.2181854248047,0.08618324995040894,1
234.7584228515625,198.8269805908203,247.4717254638672,212.36634826660156,0.05268290266394615,3
