xmin,ymin,xmax,ymax,score,label
290.5757751464844,218.20571899414062,305.6023254394531,229.1047821044922,0.9378432035446167,3
233.94825744628906,199.08612060546875,247.55172729492188,212.9342041015625,0.062010250985622406,3
289.216064453125,215.29542541503906,304.6452941894531,228.81680297851562,0.06042234227061272,1
