xmin,ymin,xmax,ymax,score,label
288.77947998046875,216.70716857910156,302.4775695800781,227.4512481689453,0.9260207414627075,3
288.3479309082031,215.82530212402344,302.69244384765625,227.35440063476562,0.08213541656732559,8
233.031005859375,199.2194061279297,247.0291290283203,212.6230926513672,0.07032106816768646,3
