xmin,ymin,xmax,ymax,score,label
286.3901062011719,215.25611877441406,300.09521484375,225.16505432128906,0.8732766509056091,3
232.2242431640625,198.41375732421875,247.2548370361328,212.16798400878906,0.3722595274448395,3
238.01815795898438,199.86166381835938,246.5155029296875,210.7869110107422,0.1111544519662857,3
287.1461181640625,220.76295471191406,299.9874267578125,225.76454162597656,0.10335944592952728,3
232.61883544921875,202.61029052734375,243.53134155273438,212.3799591064453,0.06506327539682388,3
236.2722930908203,197.6671905517578,244.95310974121094,205.71401977539062,0.06340568512678146,3
285.7948303222656,214.3867950439453,296.82977294921875,224.59353637695312,0.058220263570547104,1
285.8143310546875,214.6616668701172,300.3582458496094,225.46156311035156,0.05722615122795105,8
