xmin,ymin,xmax,ymax,score,label
283.9172668457031,215.08287048339844,296.8584899902344,224.26063537597656,0.9190632104873657,3
232.35726928710938,198.12525939941406,247.17694091796875,211.97637939453125,0.28956305980682373,3
283.6338195800781,215.0600128173828,297.3792724609375,224.89918518066406,0.09911435097455978,8
240.26268005371094,201.56605529785156,294.5735778808594,224.92274475097656,0.06307969987392426,8
284.7633972167969,219.3806610107422,297.1805114746094,226.1493377685547,0.05142887681722641,3
