xmin,ymin,xmax,ymax,score,label
282.5069580078125,214.10848999023438,295.4288330078125,223.6798553466797,0.8535850644111633,3
234.9054412841797,199.2831268310547,247.49221801757812,212.6150360107422,0.1058012992143631,3
282.24749755859375,213.29832458496094,295.5755615234375,223.9530792236328,0.08250890672206879,8
