xmin,ymin,xmax,ymax,score,label
282.0067138671875,213.86375427246094,293.1123962402344,223.3463897705078,0.8776786923408508,3
280.53369140625,212.33876037597656,293.87713623046875,223.19482421875,0.13790056109428406,8
