xmin,ymin,xmax,ymax,score,label
279.7462463378906,212.0664520263672,290.4154968261719,222.07444763183594,0.695023775100708,3
278.4276123046875,211.2443389892578,290.630615234375,221.75833129882812,0.22430948913097382,8
