xmin,ymin,xmax,ymax,score,label
277.15521240234375,212.3136444091797,287.6646423339844,220.32420349121094,0.9142242074012756,3
275.6924133300781,211.7937774658203,284.2127685546875,218.89907836914062,0.34312933683395386,3
275.3431091308594,210.57176208496094,288.11480712890625,220.1368865966797,0.13498525321483612,8
275.6563415527344,211.68907165527344,284.0789489746094,218.81948852539062,0.0595918670296669,8
