xmin,ymin,xmax,ymax,score,label
275.0244140625,211.00119018554688,286.3689880371094,218.49917602539062,0.8592026829719543,3
274.2071838378906,209.87203979492188,286.5882873535156,218.77114868164062,0.13667933642864227,8
273.6315612792969,210.94342041015625,279.8061218261719,217.35226440429688,0.07982032746076584,3
277.46759033203125,213.44007873535156,286.79388427734375,219.64039611816406,0.07460669428110123,3
