xmin,ymin,xmax,ymax,score,label
274.5747985839844,211.30751037597656,284.3044128417969,218.40489196777344,0.6768472194671631,3
273.9445495605469,210.203125,284.9557800292969,218.8054962158203,0.14432738721370697,8
