xmin,ymin,xmax,ymax,score,label
272.8458251953125,210.72332763671875,283.2125549316406,218.03561401367188,0.8857917189598083,3
273.3917236328125,213.39964294433594,282.4357604980469,218.9944305419922,0.09220270812511444,3
272.4212951660156,209.34176635742188,283.5860900878906,218.2369842529297,0.05756738781929016,8
271.42608642578125,210.77040100097656,277.6278991699219,217.03623962402344,0.05752376466989517,3
