xmin,ymin,xmax,ymax,score,label
271.421630859375,209.66220092773438,281.3359680175781,217.46212768554688,0.7542850375175476,3
271.4132080078125,209.48269653320312,281.3803405761719,217.3389892578125,0.06054405868053436,8
