xmin,ymin,xmax,ymax,score,label
270.6383972167969,209.09901428222656,279.4774169921875,216.47308349609375,0.22901853919029236,3
