xmin,ymin,xmax,ymax,score,label
269.73040771484375,208.5445098876953,278.1512451171875,215.81785583496094,0.6189656853675842,3
269.72650146484375,208.4200897216797,278.0556640625,215.79795837402344,0.0701664611697197,8
