xmin,ymin,xmax,ymax,score,label
267.5212097167969,207.9961395263672,275.6083679199219,214.66172790527344,0.36322396993637085,3
270.056884765625,209.74473571777344,276.7423400878906,215.10577392578125,0.08654177933931351,3
266.49151611328125,208.07289123535156,272.3656921386719,214.0185089111328,0.08413437008857727,3
