xmin,ymin,xmax,ymax,score,label
266.29193115234375,208.151611328125,274.7995910644531,214.42535400390625,0.6273332834243774,3
