xmin,ymin,xmax,ymax,score,label
266.15728759765625,207.78921508789062,273.9903259277344,214.17808532714844,0.5044466853141785,3
264.5041198730469,205.75929260253906,275.6128845214844,215.04518127441406,0.06752220541238785,3
