xmin,ymin,xmax,ymax,score,label
266.1796569824219,206.6688690185547,272.3299560546875,213.28892517089844,0.25398069620132446,3
