xmin,ymin,xmax,ymax,score,label
264.3257751464844,206.7703094482422,270.7481384277344,211.92556762695312,0.3147028684616089,3
266.8939208984375,207.39418029785156,272.0687255859375,212.43002319335938,0.052899956703186035,3
