xmin,ymin,xmax,ymax,score,label
263.6926574707031,206.34498596191406,269.7941589355469,212.38636779785156,0.17499616742134094,3
261.4352111816406,205.07130432128906,271.1212463378906,213.14801025390625,0.06265924125909805,3
261.68035888671875,206.27386474609375,267.1407775878906,212.27200317382812,0.05287498980760574,3
