xmin,ymin,xmax,ymax,score,label
256.19482421875,203.929443359375,262.3580017089844,209.6642608642578,0.05613050237298012,3
