xmin,ymin,xmax,ymax,score,label
237.34161376953125,199.3544921875,249.43643188476562,208.8437957763672,0.07551123201847076,3
