xmin,ymin,xmax,ymax,score,label
237.3646240234375,199.32115173339844,248.9256591796875,207.97903442382812,0.11443484574556351,3
232.49270629882812,198.4828643798828,248.19528198242188,211.6615753173828,0.0845210924744606,3
