xmin,ymin,xmax,ymax,score,label
234.82196044921875,198.42039489746094,248.00567626953125,212.56068420410156,0.05833234265446663,3
