xmin,ymin,xmax,ymax,score,label
235.8927459716797,198.79005432128906,247.9427947998047,211.95811462402344,0.08405730873346329,3
