xmin,ymin,xmax,ymax,score,label
233.2541046142578,197.92088317871094,244.79420471191406,205.30967712402344,0.1519991159439087,3
231.69699096679688,198.0590057373047,246.7449188232422,211.39125061035156,0.09242123365402222,3
