xmin,ymin,xmax,ymax,score,label
237.3272247314453,197.34442138671875,245.15896606445312,204.2791290283203,0.07616375386714935,3
