xmin,ymin,xmax,ymax,score,label
236.78326416015625,197.42373657226562,244.5269012451172,204.6954803466797,0.10723663866519928,3
235.05618286132812,199.16854858398438,246.9951934814453,212.2296142578125,0.0974109023809433,3
