xmin,ymin,xmax,ymax,score,label
237.9624481201172,199.1654815673828,246.70925903320312,212.48614501953125,0.0855981707572937,1
233.75108337402344,199.2435760498047,246.8876190185547,212.6562957763672,0.0509384460747242,3
