xmin,ymin,xmax,ymax,score,label
236.8592071533203,199.15000915527344,247.4252471923828,210.63302612304688,0.05784965306520462,3
