xmin,ymin,xmax,ymax,score,label
236.97581481933594,199.60462951660156,246.9229278564453,210.83265686035156,0.10356701910495758,3
