xmin,ymin,xmax,ymax,score,label
236.837890625,199.42929077148438,247.20118713378906,211.17433166503906,0.19268476963043213,3
236.9927215576172,199.4449005126953,247.06468200683594,211.44239807128906,0.058097902685403824,8
