xmin,ymin,xmax,ymax,score,label
233.16041564941406,198.2163848876953,247.3501739501953,212.5582275390625,0.14746525883674622,3
238.302490234375,199.72921752929688,246.734375,211.21168518066406,0.07327264547348022,3
