xmin,ymin,xmax,ymax,score,label
232.8263702392578,198.13233947753906,247.30789184570312,212.44493103027344,0.11591677367687225,3
238.2006378173828,199.62777709960938,246.7238006591797,210.98983764648438,0.08466915041208267,3
