xmin,ymin,xmax,ymax,score,label
238.02613830566406,199.92941284179688,247.22161865234375,211.36529541015625,0.0831475630402565,3
