xmin,ymin,xmax,ymax,score,label
238.1551513671875,199.79779052734375,247.05386352539062,211.34413146972656,0.12617358565330505,3
