xmin,ymin,xmax,ymax,score,label
233.91481018066406,198.71641540527344,247.462890625,212.59544372558594,0.06748225539922714,3
