xmin,ymin,xmax,ymax,score,label
232.59930419921875,197.5150604248047,247.09677124023438,211.76446533203125,0.09572328627109528,3
