xmin,ymin,xmax,ymax,score,label
233.98178100585938,198.12338256835938,247.0467071533203,212.03175354003906,0.19552820920944214,3
