xmin,ymin,xmax,ymax,score,label
237.44857788085938,198.5453643798828,247.7298126220703,211.49737548828125,0.05167056620121002,3
