xmin,ymin,xmax,ymax,score,label
237.49598693847656,199.7787628173828,247.00624084472656,211.59852600097656,0.08499915152788162,3
