xmin,ymin,xmax,ymax,score,label
236.5274658203125,198.13766479492188,246.49159240722656,211.17327880859375,0.27802273631095886,3
