xmin,ymin,xmax,ymax,score,label
236.03028869628906,197.75770568847656,244.32435607910156,206.17333984375,0.13220976293087006,3
236.83517456054688,198.69293212890625,246.41668701171875,209.69090270996094,0.11002881824970245,3
233.77674865722656,196.9690399169922,242.15931701660156,204.94488525390625,0.05423681437969208,3
