xmin,ymin,xmax,ymax,score,label
237.2161865234375,198.14276123046875,247.08958435058594,210.44235229492188,0.07800348103046417,3
