xmin,ymin,xmax,ymax,score,label
236.29698181152344,199.59335327148438,246.95309448242188,210.9851531982422,0.06280407309532166,3
