xmin,ymin,xmax,ymax,score,label
236.93536376953125,199.77642822265625,247.32130432128906,212.24832153320312,0.1948762983083725,3
