xmin,ymin,xmax,ymax,score,label
238.31919860839844,199.74317932128906,247.29649353027344,212.30014038085938,0.2736491560935974,3
