xmin,ymin,xmax,ymax,score,label
237.11341857910156,198.17955017089844,247.14852905273438,211.013916015625,0.05472186952829361,3
