xmin,ymin,xmax,ymax,score,label
233.4988555908203,197.97706604003906,247.45626831054688,211.8255157470703,0.14197780191898346,3
