xmin,ymin,xmax,ymax,score,label
236.16029357910156,199.4185333251953,246.919921875,211.97711181640625,0.0649070218205452,3
