xmin,ymin,xmax,ymax,score,label
233.74026489257812,198.65785217285156,247.09161376953125,212.79681396484375,0.0691341832280159,3
