xmin,ymin,xmax,ymax,score,label
235.79783630371094,198.32192993164062,248.07394409179688,212.0342559814453,0.07780598104000092,3
