xmin,ymin,xmax,ymax,score,label
235.96646118164062,198.52023315429688,247.43516540527344,211.97325134277344,0.1198924332857132,3
