xmin,ymin,xmax,ymax,score,label
237.32945251464844,199.50790405273438,247.31678771972656,212.1433868408203,0.06102774664759636,3
