xmin,ymin,xmax,ymax,score,label
236.2860870361328,199.234375,247.2509002685547,212.35850524902344,0.07817021757364273,3
