xmin,ymin,xmax,ymax,score,label
236.9558563232422,199.11293029785156,247.56143188476562,212.3551483154297,0.07292896509170532,3
