xmin,ymin,xmax,ymax,score,label
235.97634887695312,198.7562713623047,247.44903564453125,212.1995849609375,0.275041788816452,3
