xmin,ymin,xmax,ymax,score,label
233.29942321777344,198.19972229003906,247.5843505859375,212.67478942871094,0.1631319373846054,3
237.1470947265625,201.19068908691406,246.79029846191406,211.7241973876953,0.0700274184346199,3
