xmin,ymin,xmax,ymax,score,label
235.9431915283203,198.78733825683594,247.27008056640625,211.38284301757812,0.12816229462623596,3
