xmin,ymin,xmax,ymax,score,label
235.96469116210938,198.60519409179688,247.13763427734375,210.84893798828125,0.07419277727603912,3
