xmin,ymin,xmax,ymax,score,label
237.56997680664062,199.52676391601562,247.17428588867188,211.3138885498047,0.06947030872106552,3
