xmin,ymin,xmax,ymax,score,label
237.3364715576172,198.69354248046875,246.8549041748047,210.7797393798828,0.13952136039733887,3
