xmin,ymin,xmax,ymax,score,label
237.5179901123047,198.44300842285156,246.71633911132812,210.73675537109375,0.26721522212028503,3
