xmin,ymin,xmax,ymax,score,label
237.04405212402344,199.6005096435547,247.01405334472656,210.3802947998047,0.06874348968267441,3
