xmin,ymin,xmax,ymax,score,label
237.17945861816406,199.26576232910156,247.00917053222656,210.81715393066406,0.20798581838607788,3
