xmin,ymin,xmax,ymax,score,label
237.59329223632812,200.38973999023438,246.94444274902344,210.97967529296875,0.15105342864990234,3
