xmin,ymin,xmax,ymax,score,label
237.1306610107422,199.2936248779297,246.91160583496094,210.75474548339844,0.05833551287651062,3
