xmin,ymin,xmax,ymax,score,label
236.6837615966797,199.16342163085938,246.4475860595703,209.84396362304688,0.07342387735843658,3
