xmin,ymin,xmax,ymax,score,label
234.0953369140625,198.34254455566406,247.47280883789062,212.03428649902344,0.08052809536457062,3
