xmin,ymin,xmax,ymax,score,label
234.30502319335938,198.3578643798828,247.65216064453125,212.2800750732422,0.09826487302780151,3
