xmin,ymin,xmax,ymax,score,label
235.73123168945312,199.46542358398438,246.96847534179688,211.83265686035156,0.39359962940216064,3
231.94798278808594,198.3394012451172,241.14793395996094,208.4838409423828,0.06262780725955963,3
