xmin,ymin,xmax,ymax,score,label
236.99659729003906,199.71044921875,246.87582397460938,211.80995178222656,0.215971440076828,3
