xmin,ymin,xmax,ymax,score,label
233.4275665283203,198.6478729248047,247.4510040283203,212.62860107421875,0.3833286762237549,3
238.17153930664062,201.2270965576172,246.6230010986328,211.8831329345703,0.12004414945840836,3
