xmin,ymin,xmax,ymax,score,label
237.9361572265625,199.01858520507812,247.07806396484375,211.25794982910156,0.08404552191495895,3
