xmin,ymin,xmax,ymax,score,label
238.68936157226562,199.18861389160156,247.02784729003906,211.04290771484375,0.11442845314741135,3
