xmin,ymin,xmax,ymax,score,label
237.86407470703125,199.19871520996094,247.14801025390625,211.5723876953125,0.08604355901479721,3
