xmin,ymin,xmax,ymax,score,label
235.74281311035156,198.16981506347656,247.62100219726562,212.49855041503906,0.1035672202706337,3
