xmin,ymin,xmax,ymax,score,label
238.25088500976562,199.41873168945312,247.4818115234375,211.1048126220703,0.15837763249874115,3
