xmin,ymin,xmax,ymax,score,label
235.95761108398438,198.58055114746094,247.85789489746094,212.03125,0.15723198652267456,3
