xmin,ymin,xmax,ymax,score,label
235.1154327392578,198.32594299316406,247.231689453125,212.35690307617188,0.0672922134399414,3
