xmin,ymin,xmax,ymax,score,label
233.2025909423828,197.88014221191406,247.0716552734375,212.00662231445312,0.053415697067976,3
