xmin,ymin,xmax,ymax,score,label
233.5704803466797,198.07838439941406,247.1790313720703,212.01234436035156,0.08833029121160507,3
