xmin,ymin,xmax,ymax,score,label
237.6551513671875,199.88327026367188,247.02084350585938,211.60662841796875,0.13214413821697235,3
