xmin,ymin,xmax,ymax,score,label
238.20704650878906,199.6004180908203,247.02066040039062,211.25534057617188,0.08181045204401016,3
