xmin,ymin,xmax,ymax,score,label
233.37057495117188,198.7850799560547,247.35777282714844,212.14466857910156,0.25742307305336,3
237.7794952392578,199.64358520507812,246.41539001464844,209.34765625,0.09083610028028488,3
