xmin,ymin,xmax,ymax,score,label
233.59518432617188,198.6825714111328,247.60018920898438,212.48751831054688,0.3712908625602722,3
237.98634338378906,199.39906311035156,246.46466064453125,210.00515747070312,0.23157943785190582,3
237.11004638671875,198.24191284179688,245.17694091796875,206.18267822265625,0.11337033659219742,3
