xmin,ymin,xmax,ymax,score,label
237.2578125,199.01773071289062,247.43821716308594,210.68128967285156,0.24430206418037415,3
