xmin,ymin,xmax,ymax,score,label
233.54293823242188,199.05227661132812,247.54830932617188,212.74024963378906,0.5521252751350403,3
237.5455322265625,198.61473083496094,247.35813903808594,208.98219299316406,0.2167745679616928,3
