xmin,ymin,xmax,ymax,score,label
235.36859130859375,198.40516662597656,247.40460205078125,212.18853759765625,0.6096778512001038,3
238.32958984375,199.73460388183594,247.00387573242188,209.13893127441406,0.2775644361972809,3
236.518310546875,197.7510528564453,245.6522674560547,206.83737182617188,0.13295234739780426,3
