xmin,ymin,xmax,ymax,score,label
232.1353759765625,198.33392333984375,247.37490844726562,212.18284606933594,0.07769543677568436,3
