xmin,ymin,xmax,ymax,score,label
233.7833709716797,199.53782653808594,247.16468811035156,213.1222381591797,0.11218218505382538,3
