xmin,ymin,xmax,ymax,score,label
234.0499267578125,201.5052490234375,246.83450317382812,212.61788940429688,0.1326615810394287,3
