xmin,ymin,xmax,ymax,score,label
236.30191040039062,198.7129364013672,247.76744079589844,211.61219787597656,0.07632843405008316,3
