xmin,ymin,xmax,ymax,score,label
236.90179443359375,199.36326599121094,246.9236297607422,211.38421630859375,0.1719612181186676,3
