xmin,ymin,xmax,ymax,score,label
237.13217163085938,199.30337524414062,246.87086486816406,210.89743041992188,0.24936623871326447,3
