xmin,ymin,xmax,ymax,score,label
237.44285583496094,199.89822387695312,246.8180389404297,210.89158630371094,0.17283624410629272,3
