xmin,ymin,xmax,ymax,score,label
236.78172302246094,199.49061584472656,247.12852478027344,211.2380828857422,0.15384875237941742,3
