xmin,ymin,xmax,ymax,score,label
237.8185577392578,199.25982666015625,246.88063049316406,211.91746520996094,0.17758812010288239,3
