xmin,ymin,xmax,ymax,score,label
236.12120056152344,198.38613891601562,247.00538635253906,211.08779907226562,0.11397167295217514,3
