xmin,ymin,xmax,ymax,score,label
234.79580688476562,198.603759765625,247.3052978515625,212.2503204345703,0.11492345482110977,3
