xmin,ymin,xmax,ymax,score,label
233.07843017578125,197.9274139404297,247.3441162109375,212.4165802001953,0.1053907498717308,3
