xmin,ymin,xmax,ymax,score,label
233.59371948242188,198.02940368652344,247.46328735351562,212.66099548339844,0.1482284665107727,3
