xmin,ymin,xmax,ymax,score,label
235.75741577148438,198.34617614746094,247.00836181640625,211.48831176757812,0.08458714187145233,3
