xmin,ymin,xmax,ymax,score,label
237.6505584716797,201.33273315429688,246.55255126953125,211.4116668701172,0.07369449734687805,3
