xmin,ymin,xmax,ymax,score,label
237.90757751464844,199.61605834960938,246.80311584472656,211.0955352783203,0.28272292017936707,3
236.76699829101562,198.2570037841797,244.8362579345703,205.8466033935547,0.07412903010845184,3
