xmin,ymin,xmax,ymax,score,label
237.4841766357422,199.83056640625,246.6365966796875,210.88482666015625,0.17227987945079803,3
