xmin,ymin,xmax,ymax,score,label
235.8143768310547,198.2933807373047,247.3668670654297,211.33041381835938,0.2528597414493561,3
