xmin,ymin,xmax,ymax,score,label
236.12191772460938,198.11404418945312,247.57769775390625,211.9270782470703,0.0716988742351532,3
