xmin,ymin,xmax,ymax,score,label
235.3690643310547,198.26419067382812,247.66465759277344,212.49148559570312,0.20751509070396423,3
