xmin,ymin,xmax,ymax,score,label
235.35560607910156,198.27066040039062,247.66627502441406,212.52207946777344,0.26501524448394775,3
236.85462951660156,197.8574981689453,245.28952026367188,206.2322235107422,0.05677608400583267,3
