xmin,ymin,xmax,ymax,score,label
235.01937866210938,198.03335571289062,247.742431640625,212.73133850097656,0.06402770429849625,3
