xmin,ymin,xmax,ymax,score,label
234.98495483398438,198.10891723632812,247.78668212890625,213.0817108154297,0.17060986161231995,3
