xmin,ymin,xmax,ymax,score,label
232.52090454101562,198.40313720703125,247.5967254638672,213.0133056640625,0.051114264875650406,3
