xmin,ymin,xmax,ymax,score,label
237.92523193359375,199.64064025878906,246.94485473632812,211.86285400390625,0.13077569007873535,3
