xmin,ymin,xmax,ymax,score,label
234.75587463378906,198.22085571289062,247.59010314941406,212.8193817138672,0.12277568876743317,3
