xmin,ymin,xmax,ymax,score,label
236.65567016601562,199.2420654296875,247.1418914794922,212.4015655517578,0.1837913990020752,3
