xmin,ymin,xmax,ymax,score,label
237.1280975341797,199.33302307128906,247.02369689941406,212.2919464111328,0.24242258071899414,3
236.90719604492188,197.99737548828125,245.12632751464844,207.96728515625,0.051005102694034576,3
