xmin,ymin,xmax,ymax,score,label
235.63185119628906,199.62612915039062,247.11190795898438,212.31959533691406,0.27831533551216125,3
237.23648071289062,197.87371826171875,245.61534118652344,207.61094665527344,0.052494075149297714,3
