xmin,ymin,xmax,ymax,score,label
236.1818389892578,199.0684814453125,247.98773193359375,212.55357360839844,0.062112800776958466,3
