xmin,ymin,xmax,ymax,score,label
233.9902801513672,199.1169891357422,247.6171875,212.94207763671875,0.12932118773460388,3
