xmin,ymin,xmax,ymax,score,label
233.9268035888672,199.1768341064453,247.6023406982422,212.99964904785156,0.17339567840099335,3
