xmin,ymin,xmax,ymax,score,label
234.1143035888672,199.16212463378906,247.60475158691406,213.0444793701172,0.13461297750473022,3
