xmin,ymin,xmax,ymax,score,label
234.1585693359375,199.03440856933594,247.57777404785156,213.0073699951172,0.145936518907547,3
