xmin,ymin,xmax,ymax,score,label
236.8624725341797,198.98646545410156,246.8981170654297,211.364990234375,0.06128040328621864,3
