xmin,ymin,xmax,ymax,score,label
236.6178741455078,199.25302124023438,247.16867065429688,211.74366760253906,0.059758614748716354,3
