xmin,ymin,xmax,ymax,score,label
236.71180725097656,199.4264678955078,247.0782470703125,211.7122344970703,0.05612485110759735,3
