xmin,ymin,xmax,ymax,score,label
236.1260528564453,199.009765625,247.1778106689453,211.62371826171875,0.05593382939696312,3
