xmin,ymin,xmax,ymax,score,label
235.2220458984375,198.7494659423828,247.03903198242188,211.7769775390625,0.0840611532330513,3
