xmin,ymin,xmax,ymax,score,label
235.261962890625,198.76699829101562,247.06129455566406,211.74888610839844,0.07504180073738098,3
