xmin,ymin,xmax,ymax,score,label
235.08389282226562,198.88232421875,247.29261779785156,212.22030639648438,0.12739582359790802,3
