xmin,ymin,xmax,ymax,score,label
237.43585205078125,199.38296508789062,246.98312377929688,210.9625244140625,0.07354741543531418,3
