xmin,ymin,xmax,ymax,score,label
235.88775634765625,199.3733673095703,246.94544982910156,211.7198486328125,0.1297515481710434,3
