xmin,ymin,xmax,ymax,score,label
236.2030792236328,199.53961181640625,247.2898712158203,212.0831756591797,0.1295882612466812,3
