xmin,ymin,xmax,ymax,score,label
237.650146484375,199.12770080566406,246.69564819335938,210.8649139404297,0.06453810632228851,3
