xmin,ymin,xmax,ymax,score,label
237.82884216308594,199.04998779296875,247.31776428222656,211.261474609375,0.1758974939584732,3
