xmin,ymin,xmax,ymax,score,label
236.87393188476562,198.76902770996094,246.91024780273438,211.9613494873047,0.17793382704257965,3
