xmin,ymin,xmax,ymax,score,label
236.2524871826172,199.38339233398438,247.3027801513672,212.52029418945312,0.10357994586229324,3
