xmin,ymin,xmax,ymax,score,label
234.3164825439453,198.7268524169922,247.65316772460938,212.90280151367188,0.06589249521493912,3
