xmin,ymin,xmax,ymax,score,label
238.2885284423828,199.17942810058594,246.85618591308594,211.43064880371094,0.10580068081617355,3
237.78256225585938,197.74472045898438,244.4990692138672,207.10397338867188,0.07974215596914291,3
