xmin,ymin,xmax,ymax,score,label
236.78451538085938,199.45677185058594,247.06271362304688,211.83474731445312,0.06629060208797455,3
