xmin,ymin,xmax,ymax,score,label
234.73574829101562,198.8329620361328,247.2529296875,212.2852325439453,0.08194240182638168,3
