xmin,ymin,xmax,ymax,score,label
237.07630920410156,199.0875244140625,246.951171875,211.44732666015625,0.06768818944692612,3
