xmin,ymin,xmax,ymax,score,label
234.01202392578125,198.4578094482422,247.2868194580078,212.55081176757812,0.09722091257572174,3
