xmin,ymin,xmax,ymax,score,label
234.01475524902344,198.52552795410156,247.3967742919922,212.4657745361328,0.10341598093509674,3
