xmin,ymin,xmax,ymax,score,label
237.47744750976562,199.21327209472656,246.9458465576172,211.46217346191406,0.08652666956186295,3
