xmin,ymin,xmax,ymax,score,label
235.26145935058594,198.7933807373047,247.487060546875,212.69566345214844,0.0558115690946579,3
