xmin,ymin,xmax,ymax,score,label
236.02969360351562,198.12371826171875,247.37635803222656,211.88771057128906,0.08415088802576065,3
