xmin,ymin,xmax,ymax,score,label
236.02520751953125,198.15818786621094,247.3453826904297,211.9152374267578,0.11237218230962753,3
