xmin,ymin,xmax,ymax,score,label
233.4498748779297,199.41598510742188,247.10147094726562,212.62294006347656,0.06267327070236206,3
