xmin,ymin,xmax,ymax,score,label
233.9884796142578,198.9642791748047,247.3879852294922,212.63247680664062,0.07369712740182877,3
