xmin,ymin,xmax,ymax,score,label
233.2802276611328,199.03768920898438,247.0621337890625,212.2082061767578,0.06696635484695435,3
