xmin,ymin,xmax,ymax,score,label
236.85272216796875,199.16275024414062,246.8594970703125,210.9586181640625,0.06287547200918198,3
