xmin,ymin,xmax,ymax,score,label
237.1294708251953,199.27284240722656,246.8463592529297,210.8479766845703,0.05257967486977577,3
