xmin,ymin,xmax,ymax,score,label
233.7406768798828,198.68740844726562,247.7314910888672,212.92982482910156,0.08363919705152512,3
