xmin,ymin,xmax,ymax,score,label
233.61512756347656,198.76463317871094,247.81556701660156,212.9593048095703,0.07650463283061981,3
