xmin,ymin,xmax,ymax,score,label
237.55186462402344,199.22549438476562,247.06509399414062,210.33135986328125,0.07144061475992203,3
