xmin,ymin,xmax,ymax,score,label
237.98219299316406,199.41957092285156,247.1329345703125,211.765380859375,0.11913435161113739,3
