xmin,ymin,xmax,ymax,score,label
237.81854248046875,199.26063537597656,247.22470092773438,211.62640380859375,0.09840856492519379,3
