xmin,ymin,xmax,ymax,score,label
237.63551330566406,199.25173950195312,247.21780395507812,211.38064575195312,0.10654152184724808,3
