xmin,ymin,xmax,ymax,score,label
234.39889526367188,198.55996704101562,247.75816345214844,212.63088989257812,0.06470197439193726,3
