xmin,ymin,xmax,ymax,score,label
236.0673065185547,199.5294189453125,247.10096740722656,211.15235900878906,0.05016013979911804,3
