xmin,ymin,xmax,ymax,score,label
236.8916778564453,199.4285430908203,247.54518127441406,210.7740478515625,0.07363217324018478,3
