xmin,ymin,xmax,ymax,score,label
237.3821563720703,199.01226806640625,247.85134887695312,210.92947387695312,0.0755598321557045,3
