xmin,ymin,xmax,ymax,score,label
234.5067138671875,198.69432067871094,247.23031616210938,212.65048217773438,0.056185707449913025,3
