xmin,ymin,xmax,ymax,score,label
236.9295196533203,200.41139221191406,246.7799072265625,212.09487915039062,0.19615603983402252,3
