xmin,ymin,xmax,ymax,score,label
236.41151428222656,198.54461669921875,247.48223876953125,211.36830139160156,0.06669366359710693,3
