xmin,ymin,xmax,ymax,score,label
234.91061401367188,198.4759979248047,247.7389678955078,212.17788696289062,0.05669032409787178,3
