xmin,ymin,xmax,ymax,score,label
234.98806762695312,198.5152130126953,247.7154083251953,212.1415557861328,0.0632571130990982,3
