xmin,ymin,xmax,ymax,score,label
236.46517944335938,199.91688537597656,247.20083618164062,212.1400604248047,0.154292032122612,3
