xmin,ymin,xmax,ymax,score,label
236.58726501464844,199.97718811035156,247.2114715576172,212.1244354248047,0.12411558628082275,3
