xmin,ymin,xmax,ymax,score,label
234.04531860351562,198.1520233154297,247.79579162597656,212.7935333251953,0.07304055243730545,3
