xmin,ymin,xmax,ymax,score,label
236.9171905517578,199.75338745117188,247.3889923095703,211.62623596191406,0.057778578251600266,3
