xmin,ymin,xmax,ymax,score,label
237.1119842529297,198.75596618652344,246.90460205078125,211.5274200439453,0.051309842616319656,3
