xmin,ymin,xmax,ymax,score,label
0.0,231.64813232421875,11.228439331054688,261.7174987792969,0.2428736686706543,3
