xmin,ymin,xmax,ymax,score,label
0.38147544860839844,192.9141082763672,29.35222816467285,270.7433166503906,0.9592863321304321,3
0.16830015182495117,192.87393188476562,29.555723190307617,270.9112854003906,0.11251632869243622,8
