xmin,ymin,xmax,ymax,score,label
3.0066285133361816,192.9523162841797,44.20795822143555,274.01776123046875,0.8647225499153137,3
1.611092209815979,193.69003295898438,45.878108978271484,276.1072692871094,0.48912790417671204,8
