xmin,ymin,xmax,ymax,score,label
0.0,185.25543212890625,61.52886962890625,277.8586120605469,0.8178781270980835,3
1.102995753288269,161.53860473632812,62.79772186279297,283.0287170410156,0.7853237986564636,8
0.11202699691057205,172.17080688476562,18.711944580078125,234.2204132080078,0.052967220544815063,3
