xmin,ymin,xmax,ymax,score,label
0.12952278554439545,163.22030639648438,80.96062469482422,280.5506896972656,0.9949749708175659,8
