xmin,ymin,xmax,ymax,score,label
1.0851386785507202,147.63609313964844,93.03324127197266,286.8883361816406,0.9976685643196106,8
