xmin,ymin,xmax,ymax,score,label
0.0007512019365094602,137.65347290039062,111.60272979736328,283.4954528808594,0.996268630027771,8
