xmin,ymin,xmax,ymax,score,label
2.3615589141845703,143.56826782226562,127.69918060302734,284.4534606933594,0.9966233968734741,8
67.05931854248047,191.4453582763672,76.02107238769531,213.29017639160156,0.13804878294467926,1
57.53654479980469,192.5265655517578,69.56018829345703,206.93882751464844,0.10047602653503418,1
61.184303283691406,192.9396209716797,72.55912780761719,210.09527587890625,0.06111573055386543,1
