xmin,ymin,xmax,ymax,score,label
2.552666664123535,144.20018005371094,143.29737854003906,287.3394775390625,0.9927592277526855,8
