xmin,ymin,xmax,ymax,score,label
0.6550160050392151,141.58766174316406,151.74771118164062,285.38616943359375,0.9938890933990479,8
0.6511317491531372,140.62872314453125,48.74000930786133,255.20408630371094,0.4797185957431793,8
2.7342147827148438,140.76475524902344,91.66422271728516,262.44171142578125,0.15322118997573853,8
0.0,230.82437133789062,11.797896385192871,273.1667785644531,0.1474299430847168,3
236.02560424804688,197.862548828125,247.39859008789062,211.63189697265625,0.061046842485666275,3
