xmin,ymin,xmax,ymax,score,label
2.1159985065460205,143.39698791503906,175.44903564453125,289.4095153808594,0.9921230673789978,8
0.15986400842666626,144.48715209960938,40.34091567993164,295.8405456542969,0.6717012524604797,8
1.7833189964294434,146.23777770996094,74.29236602783203,278.07940673828125,0.3714708387851715,8
109.01502990722656,199.9320526123047,117.94971466064453,214.15223693847656,0.15914489328861237,1
111.54902648925781,200.1276092529297,122.12310791015625,217.73019409179688,0.13103219866752625,1
0.46306103467941284,218.2571563720703,46.36928176879883,276.6529541015625,0.11198648810386658,3
0.38940200209617615,169.3683319091797,51.847354888916016,278.1185302734375,0.09318394213914871,3
236.13919067382812,197.810791015625,247.42825317382812,211.5283203125,0.07491497695446014,3
