xmin,ymin,xmax,ymax,score,label
1.7327022552490234,141.12811279296875,185.7978515625,291.26385498046875,0.9969684481620789,8
0.041682545095682144,138.90719604492188,75.20750427246094,278.02423095703125,0.7711348533630371,8
29.140546798706055,158.4338836669922,65.77715301513672,239.59255981445312,0.20536339282989502,1
