xmin,ymin,xmax,ymax,score,label
4.855320453643799,144.93099975585938,197.30560302734375,290.22589111328125,0.9968639612197876,8
0.0,140.87435913085938,74.96540832519531,281.502197265625,0.0837923139333725,8
235.64334106445312,198.0072784423828,247.90599060058594,212.93704223632812,0.07538524270057678,3
