xmin,ymin,xmax,ymax,score,label
2.6828901767730713,140.73768615722656,216.3332977294922,291.64373779296875,0.9970689415931702,8
0.0,138.92276000976562,92.78120422363281,281.8335876464844,0.2910920977592468,8
234.2655487060547,198.76206970214844,247.57937622070312,213.37828063964844,0.12287275493144989,3
