xmin,ymin,xmax,ymax,score,label
2.7116832733154297,140.16404724121094,232.50538635253906,289.75164794921875,0.9976951479911804,8
1.683480143547058,142.10145568847656,113.93708038330078,285.02099609375,0.8136955499649048,8
234.10467529296875,198.81553649902344,247.62265014648438,212.59429931640625,0.21919859945774078,3
238.26119995117188,197.93138122558594,246.4674072265625,208.84603881835938,0.07672185450792313,3
