xmin,ymin,xmax,ymax,score,label
7.721595287322998,139.5345001220703,249.04066467285156,291.97894287109375,0.9976425766944885,8
233.79244995117188,199.69000244140625,247.36146545410156,212.99513244628906,0.5713595747947693,3
1.920456886291504,143.5077667236328,130.23037719726562,283.1364440917969,0.33355316519737244,8
238.1201934814453,202.02540588378906,246.42703247070312,211.772216796875,0.1473959982395172,3
238.06332397460938,198.68247985839844,246.0872344970703,208.76712036132812,0.05134064331650734,3
