xmin,ymin,xmax,ymax,score,label
7.974054336547852,146.1739501953125,257.29296875,289.11920166015625,0.9971197843551636,8
236.10597229003906,199.27088928222656,246.79986572265625,211.7024688720703,0.2094513475894928,3
0.0,145.72628784179688,145.3523712158203,274.5055847167969,0.17512251436710358,8
