xmin,ymin,xmax,ymax,score,label
7.997222423553467,146.21142578125,271.8794250488281,290.0168762207031,0.9975882768630981,8
32.56584548950195,227.97035217285156,46.15092849731445,259.923095703125,0.13240891695022583,1
