xmin,ymin,xmax,ymax,score,label
10.997917175292969,146.09303283691406,281.6654968261719,290.6233215332031,0.9947998523712158,8
1.8652435541152954,150.44288635253906,167.53550720214844,266.3283386230469,0.05388262867927551,8
146.20310974121094,167.22833251953125,274.118408203125,288.84393310546875,0.052644163370132446,8
