xmin,ymin,xmax,ymax,score,label
10.148628234863281,148.02825927734375,284.9625549316406,292.4021911621094,0.9922282099723816,8
63.05495071411133,230.19483947753906,80.05086517333984,261.8539733886719,0.5139303803443909,1
61.00368881225586,240.05409240722656,74.8780746459961,260.599853515625,0.27033886313438416,1
125.12413024902344,169.92002868652344,286.8907775878906,292.6376647949219,0.06873878091573715,8
84.03594207763672,133.43283081054688,135.3853759765625,158.53509521484375,0.06037166714668274,3
