xmin,ymin,xmax,ymax,score,label
8.888358116149902,147.2584228515625,294.07989501953125,294.3047180175781,0.9885567426681519,8
113.55449676513672,178.1345977783203,298.770751953125,291.0901794433594,0.32974281907081604,8
75.96849822998047,239.6951446533203,90.92071533203125,262.5728454589844,0.28173771500587463,1
86.62506103515625,134.37640380859375,134.32962036132812,158.48252868652344,0.08374529331922531,3
