xmin,ymin,xmax,ymax,score,label
9.208123207092285,151.87954711914062,309.0932922363281,293.07623291015625,0.9915482401847839,8
96.22019958496094,243.0236358642578,108.0224609375,264.4928283691406,0.4729643762111664,1
157.36634826660156,172.50418090820312,307.4310302734375,295.3716125488281,0.21472644805908203,8
0.0,179.81793212890625,38.81624221801758,275.4026794433594,0.20918315649032593,8
0.0,151.20401000976562,174.8714599609375,277.6968688964844,0.13579915463924408,8
92.9405746459961,244.6416015625,104.49451446533203,263.50579833984375,0.1193976178765297,1
0.0,174.1235809326172,90.9936294555664,273.80511474609375,0.06937047839164734,8
284.252685546875,230.37033081054688,289.7747802734375,242.09347534179688,0.05403857305645943,1
0.2887008786201477,187.91526794433594,38.38960266113281,275.38720703125,0.05122793838381767,3
