xmin,ymin,xmax,ymax,score,label
6.615029335021973,143.37423706054688,311.67791748046875,293.3293762207031,0.987775444984436,8
113.22965240478516,246.52284240722656,123.03181457519531,265.8318786621094,0.3632246255874634,1
106.36463165283203,244.9208221435547,116.1817626953125,264.33807373046875,0.3354862630367279,1
0.0,207.39979553222656,55.407989501953125,275.94757080078125,0.17864729464054108,8
137.9893341064453,179.24440002441406,312.0925598144531,293.5040283203125,0.11590699851512909,8
235.1627197265625,193.47569274902344,311.63897705078125,289.3067321777344,0.0780341699719429,8
0.0,228.9842987060547,55.64773178100586,276.8287048339844,0.0642780140042305,3
