xmin,ymin,xmax,ymax,score,label
10.883578300476074,143.1704864501953,316.8984375,293.63616943359375,0.9854599833488464,8
121.33765411376953,246.4326171875,132.99815368652344,265.73443603515625,0.6740903258323669,1
126.69634246826172,176.71127319335938,321.2008972167969,293.6533508300781,0.2953948974609375,8
80.18521118164062,133.31671142578125,135.20272827148438,160.48072814941406,0.08358049392700195,8
123.5169906616211,246.62051391601562,140.0865478515625,266.89459228515625,0.08351118862628937,1
79.38694763183594,134.52874755859375,134.8435516357422,159.41636657714844,0.06336458027362823,3
