xmin,ymin,xmax,ymax,score,label
11.066523551940918,140.21926879882812,331.8251037597656,295.0153503417969,0.9873266816139221,8
135.22373962402344,250.34339904785156,145.2353515625,265.5785827636719,0.11940348893404007,1
