xmin,ymin,xmax,ymax,score,label
16.159929275512695,138.12120056152344,339.0748596191406,293.87164306640625,0.9882385730743408,8
80.46762084960938,133.3617706298828,135.03684997558594,159.92236328125,0.24923358857631683,3
79.88290405273438,133.16775512695312,135.65541076660156,160.86903381347656,0.054412778466939926,8
