xmin,ymin,xmax,ymax,score,label
13.420313835144043,141.5234375,336.18011474609375,291.7206115722656,0.9815099239349365,8
79.94371795654297,133.59947204589844,135.04698181152344,159.93402099609375,0.6967619061470032,3
81.48838806152344,133.2454376220703,133.34498596191406,161.59689331054688,0.20879489183425903,8
119.35468292236328,185.92303466796875,342.7231750488281,291.86383056640625,0.0806017816066742,8
155.811767578125,245.53675842285156,178.74728393554688,268.02374267578125,0.07472330331802368,1
