xmin,ymin,xmax,ymax,score,label
20.887645721435547,143.7972869873047,353.0710754394531,292.9303283691406,0.9854395985603333,8
78.48645782470703,133.78958129882812,134.15179443359375,160.13917541503906,0.11148851364850998,3
170.90072631835938,253.4994659423828,185.07818603515625,268.95513916015625,0.08813819289207458,1
176.525146484375,256.06597900390625,184.01126098632812,268.5872497558594,0.0837211087346077,1
149.0999298095703,194.58377075195312,343.2567138671875,289.3810729980469,0.0538904070854187,8
