xmin,ymin,xmax,ymax,score,label
26.38021469116211,150.54107666015625,368.4303283691406,297.4403381347656,0.9774948954582214,8
78.84861755371094,134.02001953125,134.48399353027344,160.2046356201172,0.11647748202085495,3
188.2014617919922,256.3623046875,197.532958984375,269.54595947265625,0.07823043316602707,1
