xmin,ymin,xmax,ymax,score,label
40.67567825317383,153.16786193847656,355.8071594238281,297.999755859375,0.9860338568687439,8
192.47454833984375,197.4413299560547,355.6310729980469,294.7198181152344,0.4241875410079956,8
200.29953002929688,253.79147338867188,209.7398223876953,270.5424499511719,0.05937730893492699,1
