xmin,ymin,xmax,ymax,score,label
55.10557174682617,161.6322784423828,363.1055908203125,292.63385009765625,0.9847338795661926,8
209.94447326660156,246.73289489746094,223.03224182128906,270.7820739746094,0.13850431144237518,1
162.88238525390625,194.8491973876953,362.10430908203125,291.3228759765625,0.09705229848623276,8
309.4859619140625,203.70140075683594,362.098388671875,287.12969970703125,0.05153617635369301,8
