xmin,ymin,xmax,ymax,score,label
44.55668258666992,160.755615234375,361.212890625,296.7694396972656,0.9899224638938904,8
81.11894989013672,134.1189422607422,132.9679718017578,157.25819396972656,0.10827989131212234,3
