xmin,ymin,xmax,ymax,score,label
84.38249206542969,161.69964599609375,372.7815856933594,292.6771545410156,0.9887497425079346,8
353.3308410644531,238.53399658203125,369.9410400390625,280.0470886230469,0.3247208893299103,8
180.20481872558594,197.3467559814453,364.21881103515625,293.48931884765625,0.2967672348022461,8
275.0361022949219,257.2019348144531,331.1855163574219,289.4510192871094,0.15255185961723328,3
264.0597839355469,200.6715545654297,363.7881774902344,288.5897521972656,0.10975861549377441,8
345.9083557128906,225.45802307128906,370.767578125,281.71356201171875,0.07625148445367813,8
356.0281982421875,247.5821533203125,368.7872009277344,280.8211364746094,0.06002146005630493,1
353.3166809082031,246.19833374023438,369.83843994140625,278.7816162109375,0.05156576633453369,3
