xmin,ymin,xmax,ymax,score,label
96.66381072998047,170.73037719726562,373.4445495605469,287.4506530761719,0.9869686961174011,8
357.86627197265625,243.97303771972656,372.6263122558594,279.9841003417969,0.5360999703407288,8
344.0203552246094,227.7186279296875,371.97607421875,282.6388244628906,0.2659195363521576,8
363.22869873046875,257.4430236816406,372.42437744140625,278.7218933105469,0.0763763040304184,1
197.0441131591797,200.71585083007812,372.83563232421875,289.3345031738281,0.07577908784151077,8
358.5899353027344,247.4765167236328,372.3336486816406,280.4058837890625,0.06601910293102264,3
