xmin,ymin,xmax,ymax,score,label
116.32930755615234,173.9259033203125,374.2446594238281,292.1599426269531,0.990149736404419,8
353.9549560546875,238.1976318359375,375.8018798828125,282.42803955078125,0.3096701502799988,8
360.68634033203125,246.42660522460938,375.6680908203125,280.5563049316406,0.22160260379314423,3
219.53460693359375,201.07119750976562,373.2279357910156,288.07867431640625,0.17575836181640625,8
293.12396240234375,258.2363586425781,343.4895324707031,288.7950439453125,0.10417347401380539,3
341.34124755859375,227.69947814941406,376.8985290527344,284.0231628417969,0.08570501953363419,8
