xmin,ymin,xmax,ymax,score,label
124.19014739990234,173.32949829101562,376.896484375,288.8938903808594,0.9855788946151733,8
364.1775207519531,247.07809448242188,376.99090576171875,277.7639465332031,0.5064557194709778,1
362.8717041015625,245.2062530517578,377.94720458984375,277.320068359375,0.4598113000392914,3
281.84747314453125,257.03411865234375,349.52734375,287.2525329589844,0.2795488238334656,3
363.3164367675781,243.42591857910156,378.06915283203125,277.1001892089844,0.27780622243881226,8
234.7831573486328,219.88880920410156,377.3577880859375,285.0197448730469,0.17104686796665192,8
347.95745849609375,259.84814453125,376.586181640625,283.1026306152344,0.14445602893829346,3
346.90130615234375,226.55764770507812,378.18963623046875,283.342041015625,0.141550675034523,8
