xmin,ymin,xmax,ymax,score,label
138.3430633544922,180.15321350097656,381.2841491699219,291.6065979003906,0.9931208491325378,8
365.8404541015625,243.72576904296875,380.142333984375,275.534912109375,0.28134340047836304,8
366.7395935058594,245.6688232421875,379.3103942871094,277.3450012207031,0.20540739595890045,3
350.2041320800781,263.9598083496094,375.4051818847656,283.0643310546875,0.18362769484519958,3
293.4437255859375,258.1731872558594,353.7596435546875,287.8021545410156,0.10943156480789185,3
358.95556640625,230.5179901123047,380.0277099609375,279.8564147949219,0.10871750861406326,8
367.9236145019531,247.58721923828125,379.0093078613281,277.4476013183594,0.06967136263847351,1
218.27841186523438,216.59349060058594,379.97442626953125,284.6995849609375,0.06135159358382225,8
