xmin,ymin,xmax,ymax,score,label
151.23995971679688,182.5726318359375,384.4354553222656,292.4906311035156,0.9841278195381165,8
313.1609191894531,259.4242858886719,358.4227600097656,287.86309814453125,0.43773558735847473,3
370.0355529785156,249.21417236328125,382.1647033691406,277.2478332519531,0.1874765157699585,3
364.9322204589844,235.454345703125,384.1108703613281,280.14007568359375,0.05764675885438919,8
361.59954833984375,253.6311798095703,381.91204833984375,281.1456298828125,0.05671880021691322,3
