xmin,ymin,xmax,ymax,score,label
166.16880798339844,185.49990844726562,388.52398681640625,289.81341552734375,0.9901521801948547,8
320.3528747558594,261.1925964355469,359.7278137207031,287.30718994140625,0.3831797242164612,3
360.56475830078125,253.05174255371094,383.3858947753906,280.8431701660156,0.21639718115329742,3
358.19158935546875,263.5526428222656,378.4639892578125,281.82073974609375,0.11812402307987213,3
370.20538330078125,249.7744598388672,383.583740234375,277.7063293457031,0.11462538689374924,3
358.6341552734375,235.7720184326172,385.32830810546875,280.9224548339844,0.06464342772960663,8
