xmin,ymin,xmax,ymax,score,label
184.75584411621094,184.386474609375,387.9936828613281,288.8511962890625,0.9870520830154419,8
362.8101501464844,255.83042907714844,384.9893798828125,280.757080078125,0.1417211890220642,3
360.8272705078125,263.4334716796875,379.1835021972656,281.0146789550781,0.06281867623329163,3
