xmin,ymin,xmax,ymax,score,label
184.71893310546875,189.07110595703125,389.7164611816406,290.9266052246094,0.9915143251419067,8
