xmin,ymin,xmax,ymax,score,label
195.24415588378906,189.5570831298828,389.9971008300781,289.07757568359375,0.9933733940124512,8
