xmin,ymin,xmax,ymax,score,label
209.5899658203125,190.34136962890625,389.5481872558594,288.7101745605469,0.9853787422180176,8
344.95452880859375,260.3380432128906,370.6388854980469,283.73199462890625,0.17981880903244019,3
378.9916687011719,253.09829711914062,387.5367431640625,272.1259460449219,0.13280311226844788,1
