xmin,ymin,xmax,ymax,score,label
220.2174530029297,191.97540283203125,388.40081787109375,287.1451416015625,0.9832536578178406,8
379.3282775878906,253.1593780517578,387.8013916015625,271.81622314453125,0.12414422631263733,1
