xmin,ymin,xmax,ymax,score,label
228.77154541015625,193.4553680419922,392.65478515625,287.7662658691406,0.9886524081230164,8
