xmin,ymin,xmax,ymax,score,label
235.4341583251953,194.3985137939453,389.5927429199219,288.9517822265625,0.9765588045120239,8
