xmin,ymin,xmax,ymax,score,label
248.1184844970703,195.8590850830078,388.98187255859375,285.5901794433594,0.9834498763084412,8
