xmin,ymin,xmax,ymax,score,label
256.726806640625,197.6732940673828,391.55224609375,287.0224609375,0.9876880049705505,8
343.0484619140625,226.2920379638672,392.8278503417969,277.93035888671875,0.05162551626563072,8
