xmin,ymin,xmax,ymax,score,label
264.2465515136719,198.06105041503906,392.4709777832031,286.61773681640625,0.9886305332183838,8
