xmin,ymin,xmax,ymax,score,label
270.0602111816406,200.3556671142578,390.4903259277344,285.3826904296875,0.9892261624336243,8
