xmin,ymin,xmax,ymax,score,label
278.9236755371094,200.65089416503906,391.2881774902344,284.3660583496094,0.988735020160675,8
