xmin,ymin,xmax,ymax,score,label
277.126953125,202.1360626220703,389.28369140625,284.0711975097656,0.9856058955192566,8
