xmin,ymin,xmax,ymax,score,label
293.04425048828125,204.7071990966797,390.4007263183594,281.88458251953125,0.9916797280311584,8
