xmin,ymin,xmax,ymax,score,label
298.4181213378906,206.0818328857422,390.6922302246094,281.45184326171875,0.9864771366119385,8
