xmin,ymin,xmax,ymax,score,label
303.336181640625,205.62828063964844,391.8056335449219,280.8187561035156,0.9833983182907104,8
