xmin,ymin,xmax,ymax,score,label
305.3477478027344,206.12351989746094,388.72808837890625,278.90771484375,0.9260424971580505,8
