xmin,ymin,xmax,ymax,score,label
313.52587890625,207.1824493408203,389.91534423828125,278.8450622558594,0.9525437355041504,8
