xmin,ymin,xmax,ymax,score,label
315.2734375,210.11181640625,387.7861022949219,279.1013488769531,0.9902740120887756,8
