xmin,ymin,xmax,ymax,score,label
320.08319091796875,212.18612670898438,387.0022888183594,276.2178649902344,0.9942604303359985,8
