xmin,ymin,xmax,ymax,score,label
321.5687561035156,212.67881774902344,386.3599548339844,274.5550231933594,0.9506663084030151,8
