xmin,ymin,xmax,ymax,score,label
325.6971740722656,212.79156494140625,384.7676086425781,272.5758361816406,0.8645766973495483,8
324.9871826171875,223.17735290527344,382.7564392089844,274.9746398925781,0.06675553321838379,3
