xmin,ymin,xmax,ymax,score,label
325.55633544921875,212.2106170654297,382.53973388671875,269.7393493652344,0.7784186005592346,8
