xmin,ymin,xmax,ymax,score,label
315.9662780761719,212.67396545410156,379.7539367675781,271.4574890136719,0.48903459310531616,8
295.82159423828125,249.72267150878906,373.9311218261719,272.44061279296875,0.11685201525688171,3
