xmin,ymin,xmax,ymax,score,label
331.0066223144531,211.1332550048828,379.1593017578125,267.90087890625,0.9242403507232666,8
299.0491027832031,248.8815155029297,371.5941467285156,272.376953125,0.25902169942855835,3
307.3200988769531,241.86444091796875,373.7712097167969,271.7383728027344,0.08323395997285843,8
