xmin,ymin,xmax,ymax,score,label
331.543212890625,211.66253662109375,378.47174072265625,272.1615295410156,0.6969574689865112,8
330.2665100097656,210.8973846435547,377.0958557128906,272.6828918457031,0.16439442336559296,6
301.17913818359375,249.0086669921875,368.8019714355469,270.776611328125,0.1025601252913475,3
254.48974609375,199.6659698486328,261.14166259765625,206.1025390625,0.08692280203104019,3
330.1866149902344,227.70506286621094,375.5340270996094,271.6129150390625,0.05043832212686539,3
