xmin,ymin,xmax,ymax,score,label
329.2358703613281,209.04942321777344,379.2202453613281,271.6039123535156,0.8693918585777283,8
301.2125244140625,247.9420928955078,365.7593078613281,270.7138671875,0.1882055401802063,3
255.0134735107422,199.90049743652344,261.2498779296875,206.4146270751953,0.13361039757728577,3
328.8796081542969,208.3605194091797,378.1528015136719,269.5566711425781,0.10737139731645584,6
254.55331420898438,200.05227661132812,261.8903503417969,207.04031372070312,0.05960528925061226,8
299.5487060546875,247.39907836914062,371.6173095703125,271.415283203125,0.05835966393351555,8
