xmin,ymin,xmax,ymax,score,label
326.8870544433594,207.1939697265625,379.28900146484375,270.6520080566406,0.9193232655525208,8
327.85272216796875,206.62525939941406,378.5535888671875,267.5848083496094,0.21113158762454987,6
301.3162536621094,247.50257873535156,368.1142883300781,270.22625732421875,0.06263644248247147,3
