xmin,ymin,xmax,ymax,score,label
324.2959899902344,208.03627014160156,380.7001953125,266.1137390136719,0.42386454343795776,8
