xmin,ymin,xmax,ymax,score,label
315.2070617675781,207.57107543945312,378.6349792480469,264.7552490234375,0.3705761432647705,8
