xmin,ymin,xmax,ymax,score,label
320.86444091796875,204.1718292236328,378.9757995605469,266.8575439453125,0.5767048597335815,8
