xmin,ymin,xmax,ymax,score,label
315.9504699707031,205.7159881591797,377.3530578613281,263.9683837890625,0.6846726536750793,8
