xmin,ymin,xmax,ymax,score,label
312.4556579589844,205.23143005371094,375.7653503417969,260.8899230957031,0.6240663528442383,8
258.00146484375,200.23753356933594,265.3979797363281,208.2947998046875,0.054557353258132935,3
