xmin,ymin,xmax,ymax,score,label
319.3464660644531,206.25225830078125,373.2666931152344,261.3034973144531,0.8855071067810059,8
335.5362854003906,244.6210479736328,369.791015625,262.8348693847656,0.27331021428108215,8
258.2635498046875,201.2906951904297,265.0411376953125,207.46632385253906,0.09281103312969208,3
302.24810791015625,227.34510803222656,371.75927734375,261.7030944824219,0.08247833698987961,8
297.78826904296875,239.29771423339844,337.8227233886719,256.9371032714844,0.08140381425619125,3
335.956787109375,245.09144592285156,369.68963623046875,263.14404296875,0.07769042253494263,3
