xmin,ymin,xmax,ymax,score,label
316.762939453125,205.0834197998047,372.8555908203125,261.5658874511719,0.8431947231292725,8
258.4847412109375,201.1510467529297,265.536376953125,207.33372497558594,0.18218395113945007,3
333.87542724609375,241.36415100097656,369.67047119140625,261.71942138671875,0.15594172477722168,8
296.9326477050781,238.70870971679688,337.1422119140625,256.512939453125,0.10611984133720398,3
