xmin,ymin,xmax,ymax,score,label
313.6332092285156,204.15919494628906,371.5851745605469,261.094482421875,0.8644943833351135,8
259.74761962890625,201.4241485595703,266.511962890625,207.8113555908203,0.2302381694316864,3
333.1624450683594,241.91970825195312,368.2752380371094,260.7822570800781,0.14524807035923004,8
300.5002746582031,227.8455352783203,367.32635498046875,259.37847900390625,0.09780622273683548,8
298.8417663574219,238.89527893066406,334.8514404296875,256.6454772949219,0.09353660047054291,3
259.59161376953125,201.3206329345703,266.5375671386719,207.80189514160156,0.055505022406578064,8
298.6582336425781,235.6558380126953,347.7117614746094,257.3631286621094,0.05319221690297127,8
