xmin,ymin,xmax,ymax,score,label
309.0707092285156,203.2363739013672,370.618408203125,258.4072265625,0.779042661190033,8
333.2413024902344,242.10226440429688,366.60186767578125,260.3818359375,0.6647056341171265,8
299.3596496582031,228.3295135498047,366.9355773925781,258.7168884277344,0.15518175065517426,8
260.27813720703125,201.41387939453125,267.17877197265625,208.17201232910156,0.11958887428045273,3
296.37493896484375,238.2080535888672,335.7127380371094,255.71636962890625,0.0807882621884346,3
333.80224609375,241.85775756835938,366.9576721191406,261.1046142578125,0.05428704991936684,3
297.1322326660156,235.290283203125,345.8109436035156,256.0430908203125,0.052261896431446075,8
