xmin,ymin,xmax,ymax,score,label
308.141845703125,203.95729064941406,369.6252136230469,257.1202697753906,0.7251995205879211,8
331.38507080078125,240.6308135986328,364.7179870605469,259.26129150390625,0.41441255807876587,8
261.154052734375,201.89816284179688,268.5401611328125,208.37416076660156,0.37944039702415466,3
299.1391906738281,232.3186492919922,363.3232421875,258.0292663574219,0.1035601794719696,8
235.4016571044922,198.32228088378906,248.01312255859375,212.50979614257812,0.05545458197593689,3
