xmin,ymin,xmax,ymax,score,label
310.14727783203125,203.74598693847656,367.1374206542969,249.68772888183594,0.3420187532901764,8
260.5947570800781,201.12200927734375,268.5943298339844,208.17750549316406,0.07707544416189194,3
