xmin,ymin,xmax,ymax,score,label
309.3182067871094,203.9105682373047,367.1916809082031,247.03790283203125,0.28066056966781616,8
260.280517578125,201.3484649658203,270.50030517578125,208.464599609375,0.17253802716732025,3
235.7726593017578,198.2176513671875,247.4658660888672,211.69947814941406,0.062327802181243896,3
