xmin,ymin,xmax,ymax,score,label
299.5206604003906,202.4295654296875,363.37310791015625,251.75485229492188,0.5777184963226318,8
262.5160217285156,202.2078094482422,271.27923583984375,209.191162109375,0.3251839280128479,3
