xmin,ymin,xmax,ymax,score,label
299.5229797363281,202.0337371826172,361.67169189453125,251.64329528808594,0.5187330842018127,8
263.9834289550781,202.6123504638672,271.93572998046875,209.74368286132812,0.3117750585079193,3
