xmin,ymin,xmax,ymax,score,label
299.5888671875,199.63827514648438,360.4881591796875,251.3041534423828,0.4133436381816864,8
265.0097351074219,202.9880828857422,272.5355224609375,209.8870849609375,0.3877227306365967,3
236.23597717285156,199.4193115234375,248.03285217285156,212.4304656982422,0.05703609809279442,3
