xmin,ymin,xmax,ymax,score,label
301.0452575683594,200.6012725830078,359.38909912109375,251.23997497558594,0.3115938603878021,8
265.5743713378906,202.36163330078125,273.7063903808594,209.86749267578125,0.05544541776180267,3
