xmin,ymin,xmax,ymax,score,label
299.397705078125,201.28384399414062,356.8072814941406,250.14004516601562,0.7357105016708374,8
265.8162536621094,203.359375,274.8184509277344,210.3092498779297,0.06130687892436981,3
