xmin,ymin,xmax,ymax,score,label
297.8468322753906,201.5627899169922,354.5195007324219,249.24484252929688,0.6950526237487793,8
