xmin,ymin,xmax,ymax,score,label
296.190185546875,202.799072265625,353.2421875,249.7435760498047,0.7858099937438965,8
268.6488952636719,204.3645782470703,277.3575134277344,211.37655639648438,0.1351557821035385,3
