xmin,ymin,xmax,ymax,score,label
295.4261474609375,203.13038635253906,351.24713134765625,249.80174255371094,0.8935039043426514,8
269.8561706542969,204.1361541748047,278.77642822265625,212.24644470214844,0.6717420220375061,3
