xmin,ymin,xmax,ymax,score,label
299.94610595703125,202.5558624267578,347.6791076660156,246.16183471679688,0.9191223382949829,8
271.67523193359375,204.1544189453125,279.8581848144531,212.71969604492188,0.7064782977104187,3
271.75665283203125,192.66505432128906,317.0118713378906,214.3372344970703,0.307979553937912,8
271.5741882324219,203.70587158203125,279.7869873046875,212.33309936523438,0.10150767117738724,8
261.92340087890625,197.0681610107422,345.1047668457031,247.12220764160156,0.0786789208650589,8
272.12310791015625,190.44049072265625,298.06744384765625,212.407958984375,0.05799606814980507,3
