xmin,ymin,xmax,ymax,score,label
293.5216369628906,202.25608825683594,342.5469665527344,243.05943298339844,0.9519810080528259,8
275.0031433105469,205.36572265625,283.4608459472656,213.89532470703125,0.8305239081382751,3
273.1261901855469,191.47886657714844,301.0620422363281,213.9798583984375,0.5149137377738953,8
273.90631103515625,204.26153564453125,284.0652770996094,214.0669403076172,0.12709906697273254,8
292.4409484863281,202.2005615234375,318.78125,238.99476623535156,0.11261580884456635,8
236.0744171142578,199.26284790039062,248.1540069580078,213.10174560546875,0.07167010009288788,3
274.0927734375,191.03457641601562,298.0785827636719,212.39259338378906,0.05966634675860405,3
278.3779296875,190.1042022705078,295.2956237792969,199.1114959716797,0.05495479702949524,3
