xmin,ymin,xmax,ymax,score,label
291.08074951171875,202.01950073242188,340.8908386230469,242.73585510253906,0.9319379329681396,8
275.52374267578125,205.9139404296875,284.0545959472656,214.6531219482422,0.8185811042785645,3
274.0713806152344,192.33432006835938,300.7713317871094,215.13392639160156,0.33744657039642334,8
274.3410949707031,204.4796142578125,284.68804931640625,215.0254669189453,0.13248805701732635,8
289.3875732421875,203.08038330078125,319.31927490234375,238.11285400390625,0.08758815377950668,8
249.55552673339844,196.21649169921875,337.5447082519531,242.51795959472656,0.07036088407039642,8
236.1810302734375,199.4711151123047,247.88267517089844,213.16018676757812,0.0670027956366539,3
