xmin,ymin,xmax,ymax,score,label
276.5379943847656,207.10394287109375,286.5468444824219,214.53868103027344,0.8735150694847107,3
289.08251953125,201.3235321044922,340.6444091796875,238.79368591308594,0.8623970150947571,8
275.7438049316406,205.33055114746094,287.1042785644531,215.00140380859375,0.055357400327920914,8
