xmin,ymin,xmax,ymax,score,label
292.2397155761719,201.1564483642578,333.700927734375,236.7332305908203,0.8175854086875916,8
281.27642822265625,208.0749053955078,290.60211181640625,216.6988525390625,0.6252351403236389,3
277.46954345703125,190.26304626464844,298.5606994628906,213.93917846679688,0.5088911652565002,8
280.74322509765625,207.14993286132812,291.2518310546875,217.02195739746094,0.2705966830253601,8
288.232666015625,219.55487060546875,307.84906005859375,235.92520141601562,0.1498146951198578,8
292.51446533203125,220.10096740722656,305.14306640625,232.72337341308594,0.12127082794904709,8
291.8696594238281,220.5261688232422,307.1736755371094,233.2938995361328,0.0886719822883606,3
282.8392333984375,203.94847106933594,316.7194519042969,236.5207977294922,0.06211179494857788,8
