xmin,ymin,xmax,ymax,score,label
288.81402587890625,201.74122619628906,331.0263671875,236.95364379882812,0.8301266431808472,8
276.8870544433594,190.7091522216797,297.4103698730469,213.16590881347656,0.45550209283828735,8
282.37420654296875,208.9103546142578,292.82135009765625,217.15907287597656,0.395006000995636,3
282.041259765625,208.04776000976562,293.38299560546875,217.5343780517578,0.3023696839809418,8
241.35447692871094,189.06614685058594,296.1263732910156,213.34278869628906,0.09387657046318054,8
286.3088073730469,220.5005340576172,307.5948486328125,236.08013916015625,0.08782074600458145,8
