xmin,ymin,xmax,ymax,score,label
284.75384521484375,202.00775146484375,329.1632995605469,237.22987365722656,0.7998140454292297,8
283.854248046875,208.38754272460938,293.86907958984375,217.8564453125,0.4384351074695587,3
283.35260009765625,207.57472229003906,294.3182067871094,218.21527099609375,0.17583905160427094,8
