xmin,ymin,xmax,ymax,score,label
283.106689453125,201.95401000976562,327.863037109375,236.57899475097656,0.6830683946609497,8
284.4861145019531,208.14161682128906,293.48883056640625,217.7136688232422,0.20318569242954254,3
284.3665771484375,207.83128356933594,293.59991455078125,217.81533813476562,0.07445408403873444,8
232.6842498779297,198.7296600341797,246.81857299804688,212.28009033203125,0.0627170279622078,3
