xmin,ymin,xmax,ymax,score,label
283.7367858886719,200.5581512451172,327.09747314453125,234.93331909179688,0.7298045754432678,8
275.4952392578125,189.83566284179688,296.3667297363281,213.44715881347656,0.09845034778118134,8
234.90249633789062,198.55296325683594,247.09178161621094,212.24168395996094,0.09313522279262543,3
285.0998840332031,207.8739013671875,294.4635009765625,219.13917541503906,0.08005993068218231,3
281.47149658203125,203.1305694580078,309.25604248046875,233.58924865722656,0.06261102110147476,8
