xmin,ymin,xmax,ymax,score,label
234.52178955078125,198.63136291503906,247.23851013183594,212.29103088378906,0.08033246546983719,3
281.59686279296875,199.977783203125,324.5643615722656,234.2521209716797,0.07597291469573975,8
