xmin,ymin,xmax,ymax,score,label
278.569091796875,199.5753631591797,321.8377990722656,234.20851135253906,0.06706324219703674,8
237.3171844482422,199.98939514160156,247.09556579589844,212.18283081054688,0.06252798438072205,3
