xmin,ymin,xmax,ymax,score,label
282.3398132324219,201.16748046875,320.74896240234375,233.6569061279297,0.42596739530563354,8
278.2626647949219,220.0669403076172,301.02886962890625,232.7342987060547,0.2739325761795044,3
277.70849609375,218.5585479736328,301.5926818847656,232.56813049316406,0.1795102059841156,8
277.2092590332031,223.72496032714844,293.8576354980469,232.50486755371094,0.11576282978057861,3
