xmin,ymin,xmax,ymax,score,label
285.757080078125,200.0646514892578,320.07757568359375,232.04698181152344,0.4877277910709381,8
277.2484436035156,217.84280395507812,300.6684875488281,231.776611328125,0.24060331284999847,8
277.5506896972656,218.87440490722656,299.9914855957031,231.749755859375,0.14512735605239868,3
