xmin,ymin,xmax,ymax,score,label
283.38189697265625,199.4102020263672,319.2845764160156,232.6907501220703,0.40758898854255676,8
278.0663757324219,215.95704650878906,300.4143371582031,231.4967041015625,0.07425831258296967,8
