xmin,ymin,xmax,ymax,score,label
285.0070495605469,200.02403259277344,317.68560791015625,231.25025939941406,0.707220733165741,8
279.3404541015625,216.82427978515625,298.7735595703125,230.70205688476562,0.06071138754487038,8
279.6470031738281,217.4273681640625,298.7454833984375,230.85313415527344,0.052686385810375214,3
