xmin,ymin,xmax,ymax,score,label
282.08551025390625,199.27987670898438,316.7308044433594,232.16653442382812,0.5677677392959595,8
