xmin,ymin,xmax,ymax,score,label
281.880126953125,199.95965576171875,316.1260681152344,231.78097534179688,0.45633500814437866,8
