xmin,ymin,xmax,ymax,score,label
282.25665283203125,199.67738342285156,315.3075256347656,230.40255737304688,0.8167939782142639,8
310.91644287109375,217.7222442626953,316.0196228027344,230.1909637451172,0.10925998538732529,1
279.256103515625,215.09153747558594,294.89910888671875,228.63255310058594,0.05398787930607796,8
279.4761657714844,215.80776977539062,294.64349365234375,228.93460083007812,0.05013049393892288,3
