xmin,ymin,xmax,ymax,score,label
280.3890075683594,198.71571350097656,315.7628479003906,228.87896728515625,0.9111514687538147,8
309.9526672363281,216.3792266845703,319.5456848144531,228.6999053955078,0.7178725004196167,3
309.6884765625,216.15863037109375,319.93524169921875,228.97601318359375,0.165607750415802,8
