xmin,ymin,xmax,ymax,score,label
281.26593017578125,199.45326232910156,314.5726623535156,227.07435607910156,0.8191056251525879,8
309.3020935058594,215.66717529296875,321.687744140625,229.34402465820312,0.7150976657867432,3
309.4690246582031,216.20677185058594,321.9514465332031,229.24476623535156,0.4229285717010498,8
