xmin,ymin,xmax,ymax,score,label
309.7289123535156,217.75804138183594,324.1268615722656,231.36911010742188,0.7952359318733215,8
281.68701171875,199.63345336914062,315.4770202636719,227.93954467773438,0.6517393589019775,8
309.3589782714844,219.8632049560547,323.88446044921875,231.63955688476562,0.36280035972595215,3
311.224853515625,217.27764892578125,323.253173828125,227.50595092773438,0.10759939253330231,3
307.6025085449219,222.9421844482422,316.2381591796875,230.47605895996094,0.0962090790271759,3
312.6549072265625,216.5232696533203,322.6982116699219,224.22105407714844,0.09350879490375519,8
281.3963317871094,199.72244262695312,315.340087890625,227.6947021484375,0.06821146607398987,6
292.1942443847656,220.60313415527344,309.38397216796875,230.00062561035156,0.052689697593450546,8
