xmin,ymin,xmax,ymax,score,label
311.5340576171875,219.8517608642578,327.26995849609375,232.6947784423828,0.7623249292373657,3
281.338134765625,200.1256103515625,311.99609375,228.11778259277344,0.7200145721435547,8
311.4579772949219,218.29122924804688,327.06585693359375,232.89894104003906,0.5034936666488647,8
306.6612854003906,222.68309020996094,314.00115966796875,230.4930419921875,0.4665364921092987,3
306.8460388183594,222.30630493164062,312.72998046875,230.12022399902344,0.21907226741313934,8
280.5276794433594,200.41969299316406,311.93768310546875,227.3831024169922,0.13438791036605835,6
316.3014221191406,217.88514709472656,327.01861572265625,228.0946044921875,0.08433958888053894,3
306.26959228515625,219.11363220214844,317.19439697265625,230.21607971191406,0.08255106955766678,3
