xmin,ymin,xmax,ymax,score,label
316.3360900878906,221.07273864746094,334.4028015136719,235.42330932617188,0.6450380086898804,3
316.2994079589844,219.61251831054688,334.5274353027344,235.26953125,0.5984825491905212,8
279.5013427734375,199.73251342773438,311.0115966796875,227.2266082763672,0.5141289830207825,8
303.6995544433594,220.4863739013672,316.5126953125,230.31832885742188,0.1127990186214447,3
321.2228698730469,219.5069580078125,333.1222839355469,227.84498596191406,0.0762384906411171,3
304.3372497558594,222.27479553222656,312.31982421875,228.55677795410156,0.07289031147956848,3
