xmin,ymin,xmax,ymax,score,label
319.4297180175781,220.27731323242188,336.8731994628906,236.9868927001953,0.5988922119140625,8
321.1777648925781,220.69137573242188,337.2065124511719,236.71849060058594,0.5220850706100464,3
278.0302429199219,199.3052520751953,309.5701599121094,226.40135192871094,0.25969263911247253,8
324.76153564453125,220.02745056152344,336.5531921386719,229.2400360107422,0.18477985262870789,3
323.66717529296875,220.11993408203125,336.0486145019531,230.976806640625,0.06377148628234863,8
278.5594482421875,211.5397186279297,289.25347900390625,224.8596649169922,0.058371249586343765,3
