xmin,ymin,xmax,ymax,score,label
321.38323974609375,222.8556365966797,340.86053466796875,238.99972534179688,0.6931103467941284,3
323.31884765625,222.3723907470703,341.0610656738281,238.6312713623047,0.40405920147895813,8
277.37347412109375,199.52890014648438,306.1383361816406,226.55006408691406,0.18964676558971405,8
327.1708984375,222.4936065673828,340.1285095214844,234.46273803710938,0.18150310218334198,3
236.71170043945312,201.07679748535156,246.9872589111328,210.98731994628906,0.10796960443258286,3
