xmin,ymin,xmax,ymax,score,label
325.902587890625,223.61277770996094,344.9924011230469,240.66140747070312,0.7027477622032166,8
326.17132568359375,226.94125366210938,344.7899169921875,241.02833557128906,0.5449678301811218,3
277.5058288574219,199.64047241210938,305.72991943359375,226.02215576171875,0.21992866694927216,8
329.9176330566406,223.75875854492188,344.0391845703125,235.94882202148438,0.058323509991168976,3
