xmin,ymin,xmax,ymax,score,label
330.3729248046875,227.58486938476562,348.9529724121094,242.91168212890625,0.7854660153388977,3
329.6101379394531,224.63490295410156,348.865966796875,242.64108276367188,0.5303966403007507,8
276.0641174316406,198.84921264648438,304.8569641113281,226.06044006347656,0.3543936610221863,8
