xmin,ymin,xmax,ymax,score,label
332.14764404296875,227.02914428710938,353.3505859375,244.2041473388672,0.7024745941162109,3
331.9320983886719,225.2381134033203,353.2989807128906,243.96302795410156,0.5342319011688232,8
275.77734375,198.83140563964844,303.5501708984375,225.744384765625,0.44107863306999207,8
338.1033020019531,225.78842163085938,352.3731384277344,240.2849578857422,0.08051824569702148,3
276.1518249511719,198.7077178955078,303.27496337890625,225.53712463378906,0.06159577891230583,6
