xmin,ymin,xmax,ymax,score,label
336.1440734863281,228.82127380371094,358.0106201171875,246.59059143066406,0.6747129559516907,3
338.0731201171875,226.5203399658203,357.9971008300781,246.28872680664062,0.5562067627906799,8
341.6418762207031,226.9064483642578,357.44775390625,241.62193298339844,0.22866575419902802,3
275.6134948730469,198.35049438476562,303.73223876953125,224.62937927246094,0.2078869342803955,8
