xmin,ymin,xmax,ymax,score,label
341.523193359375,228.5636749267578,363.0162048339844,248.9722137451172,0.793794572353363,3
339.2224426269531,227.20066833496094,362.6365051269531,249.02342224121094,0.2967826724052429,8
275.9003601074219,199.01095581054688,301.7502136230469,224.9532928466797,0.17956914007663727,8
