xmin,ymin,xmax,ymax,score,label
344.02618408203125,231.5843963623047,369.8396911621094,251.5867919921875,0.8982157111167908,3
351.3413391113281,231.5590057373047,368.401123046875,246.35630798339844,0.3497910499572754,3
275.1826171875,199.2737579345703,301.4188232421875,223.9021759033203,0.1738368570804596,8
343.6956481933594,230.55242919921875,369.39605712890625,251.90457153320312,0.1585068255662918,8
