xmin,ymin,xmax,ymax,score,label
345.2000732421875,231.56175231933594,374.3985290527344,254.4658660888672,0.703091561794281,8
347.69561767578125,233.92027282714844,375.46759033203125,254.74290466308594,0.5356594920158386,3
274.4100036621094,198.96836853027344,300.94842529296875,223.8202362060547,0.16739395260810852,8
357.2182312011719,232.4548797607422,374.8714294433594,249.7378387451172,0.0885186716914177,3
356.18524169921875,241.0287628173828,375.5428161621094,254.7903594970703,0.0654476135969162,3
356.67681884765625,232.126953125,375.0284423828125,250.17359924316406,0.05051623657345772,8
