xmin,ymin,xmax,ymax,score,label
353.6504821777344,237.820556640625,390.4115905761719,261.5244140625,0.9074648022651672,3
274.0148620605469,198.2762908935547,298.2508850097656,222.60658264160156,0.4302096664905548,8
353.72430419921875,235.19447326660156,390.2978210449219,260.0675354003906,0.3106372058391571,8
369.1075744628906,235.6026153564453,387.28277587890625,247.745849609375,0.11956416070461273,3
365.27923583984375,235.60989379882812,388.6446838378906,254.7808837890625,0.10386847704648972,3
282.59759521484375,216.0095672607422,294.42431640625,223.1291046142578,0.05115165933966637,3
282.4184875488281,215.89698791503906,294.2894287109375,223.00265502929688,0.05003787949681282,8
