xmin,ymin,xmax,ymax,score,label
363.2501525878906,239.085693359375,398.3136901855469,265.7614440917969,0.9497806429862976,3
360.4061584472656,237.8318634033203,398.6988525390625,265.1317443847656,0.12974728643894196,8
272.9927062988281,198.28704833984375,297.9928283691406,222.66973876953125,0.09468165785074234,8
