xmin,ymin,xmax,ymax,score,label
369.1951904296875,242.3816680908203,407.1109619140625,270.653564453125,0.9635668992996216,3
377.2350769042969,242.03160095214844,405.17669677734375,259.8655700683594,0.42015913128852844,3
382.0509948730469,242.14219665527344,403.9749450683594,252.09120178222656,0.23607023060321808,3
273.77777099609375,199.14492797851562,296.07366943359375,221.90138244628906,0.10243000090122223,8
366.60235595703125,241.86875915527344,407.79095458984375,270.1876525878906,0.09641660749912262,8
