xmin,ymin,xmax,ymax,score,label
377.24652099609375,246.74082946777344,417.1560363769531,276.1445617675781,0.7519810199737549,3
375.2284240722656,246.2967529296875,416.33026123046875,275.38934326171875,0.47039124369621277,8
391.9153747558594,245.26011657714844,413.9316101074219,257.0547180175781,0.4408625364303589,3
380.56268310546875,247.40162658691406,396.4622802734375,264.20562744140625,0.1477232426404953,1
379.77276611328125,246.7932586669922,413.4235534667969,263.1313171386719,0.14360177516937256,3
377.8551940917969,258.2174377441406,411.0485534667969,275.3770751953125,0.08394651859998703,3
378.2776184082031,248.70494079589844,389.7922668457031,264.9280700683594,0.05805956944823265,1
273.0608215332031,198.5995635986328,296.64276123046875,221.83554077148438,0.05638568103313446,8
