xmin,ymin,xmax,ymax,score,label
389.8990173339844,248.53457641601562,423.6399230957031,258.4013977050781,0.8624011874198914,3
387.2070617675781,248.42030334472656,425.0860290527344,268.8096008300781,0.8125945925712585,3
384.7979736328125,253.70455932617188,429.515380859375,281.619873046875,0.8063724040985107,3
382.7181396484375,249.5801239013672,429.0264892578125,278.7301940917969,0.4017953872680664,8
389.7483215332031,248.20933532714844,404.7858581542969,268.59521484375,0.18388091027736664,1
272.81195068359375,197.86305236816406,295.60223388671875,221.4541778564453,0.14546680450439453,8
401.7912902832031,253.7262725830078,427.5852355957031,268.8747253417969,0.09360725432634354,3
395.2026672363281,251.25396728515625,422.7460632324219,264.4938049316406,0.09273077547550201,3
387.2679443359375,248.02923583984375,424.573486328125,263.11138916015625,0.057936910539865494,8
