xmin,ymin,xmax,ymax,score,label
392.9502868652344,251.5504150390625,444.70025634765625,288.299072265625,0.5629425048828125,8
396.3699951171875,252.0193328857422,442.1034851074219,283.069580078125,0.5484616756439209,3
413.1583557128906,251.6073760986328,435.9015197753906,264.7845764160156,0.14169923961162567,3
396.9478454589844,255.13381958007812,408.61456298828125,273.2786865234375,0.1273246556520462,1
270.1482849121094,198.0749969482422,292.70404052734375,220.6574249267578,0.10141294449567795,8
406.12384033203125,252.42990112304688,438.495361328125,271.7088317871094,0.05772808566689491,3
