xmin,ymin,xmax,ymax,score,label
403.07513427734375,256.23309326171875,457.4090881347656,297.9434509277344,0.8960638046264648,8
411.0005187988281,259.7456359863281,458.2552185058594,297.8266906738281,0.3966808021068573,3
271.45849609375,197.40997314453125,293.9075927734375,220.2768096923828,0.1717071533203125,8
422.9783020019531,256.0746154785156,455.6318664550781,284.0249328613281,0.09744059294462204,8
424.8649597167969,256.60595703125,451.478759765625,273.3857116699219,0.08468461036682129,3
422.0832214355469,257.34539794921875,454.7070617675781,283.4839782714844,0.06550448387861252,3
422.437744140625,257.2803955078125,452.5191650390625,271.6125793457031,0.05240799859166145,8
