xmin,ymin,xmax,ymax,score,label
419.07965087890625,260.8959655761719,476.21533203125,307.58624267578125,0.870381772518158,8
422.85333251953125,262.2494812011719,474.2670593261719,304.8564758300781,0.30241724848747253,3
270.2869567871094,198.6947479248047,293.416259765625,220.80502319335938,0.22847142815589905,8
