xmin,ymin,xmax,ymax,score,label
429.55474853515625,267.4275817871094,498.5481262207031,317.37158203125,0.9519103169441223,8
269.74920654296875,199.18942260742188,292.0338439941406,220.54278564453125,0.16044981777668,8
470.32269287109375,308.57952880859375,490.42413330078125,319.2712707519531,0.16000719368457794,3
432.69903564453125,268.0382385253906,497.8586120605469,315.7585754394531,0.10417036712169647,3
