xmin,ymin,xmax,ymax,score,label
447.4703063964844,274.9656982421875,521.7034912109375,330.2041015625,0.9093626737594604,8
268.85626220703125,198.60504150390625,290.0203857421875,220.0549774169922,0.2071954905986786,8
448.26129150390625,273.9642639160156,521.2095947265625,332.3606872558594,0.16933956742286682,3
475.9404602050781,277.48333740234375,484.2344055175781,294.673095703125,0.14349451661109924,1
