xmin,ymin,xmax,ymax,score,label
454.1444396972656,283.11322021484375,555.2666015625,349.5028076171875,0.9854764342308044,8
