xmin,ymin,xmax,ymax,score,label
488.8085632324219,292.38720703125,595.9049682617188,368.246337890625,0.9882498979568481,8
529.408447265625,301.7240295410156,541.2846069335938,318.72955322265625,0.11427922546863556,1
267.9765625,198.0168914794922,287.4851989746094,218.0669708251953,0.10517703741788864,8
490.44085693359375,288.320068359375,592.68115234375,368.7210998535156,0.056628983467817307,3
