xmin,ymin,xmax,ymax,score,label
524.2040405273438,304.8304443359375,637.1422119140625,392.6177978515625,0.9899377822875977,8
584.306884765625,323.91302490234375,598.5409545898438,338.63934326171875,0.09606558084487915,1
268.11785888671875,198.18368530273438,290.3572692871094,218.11924743652344,0.07372158020734787,8
