xmin,ymin,xmax,ymax,score,label
559.1155395507812,323.7914123535156,638.7448120117188,414.8797302246094,0.9442649483680725,8
562.6671142578125,322.8205261230469,639.3489379882812,413.2108459472656,0.2310638576745987,3
267.49774169921875,197.7646942138672,289.6209411621094,218.3125,0.08198870718479156,8
