xmin,ymin,xmax,ymax,score,label
267.130126953125,198.50799560546875,288.8408508300781,218.70677185058594,0.26667898893356323,8
600.20263671875,359.0235595703125,638.7884521484375,417.9864501953125,0.20583389699459076,3
596.6187744140625,356.3775939941406,639.2540893554688,429.7024841308594,0.08003232628107071,8
