xmin,ymin,xmax,ymax,score,label
266.1285705566406,197.43536376953125,286.53692626953125,217.79815673828125,0.5566128492355347,8
