xmin,ymin,xmax,ymax,score,label
265.6724853515625,196.9358673095703,285.6925964355469,216.8233184814453,0.7586501836776733,8
266.0914001464844,202.9099578857422,274.8591003417969,215.7541961669922,0.07958219945430756,8
