xmin,ymin,xmax,ymax,score,label
265.42974853515625,197.20059204101562,285.6878356933594,216.2196044921875,0.4354783892631531,8
