xmin,ymin,xmax,ymax,score,label
265.4362487792969,197.5310821533203,284.7296447753906,216.4175262451172,0.19406211376190186,8
