xmin,ymin,xmax,ymax,score,label
264.6965026855469,197.17068481445312,284.6872863769531,215.72109985351562,0.15794068574905396,8
