xmin,ymin,xmax,ymax,score,label
264.23846435546875,197.11537170410156,283.9805908203125,215.46458435058594,0.15508419275283813,8
