xmin,ymin,xmax,ymax,score,label
263.8672180175781,197.1837615966797,282.94769287109375,215.0263214111328,0.32901617884635925,8
