xmin,ymin,xmax,ymax,score,label
262.97283935546875,197.1553497314453,282.678955078125,215.18226623535156,0.25298675894737244,8
