xmin,ymin,xmax,ymax,score,label
262.5485534667969,197.27090454101562,281.6902770996094,215.29946899414062,0.26918596029281616,8
