xmin,ymin,xmax,ymax,score,label
262.1414794921875,197.08692932128906,281.5743103027344,215.50628662109375,0.2669751048088074,8
