xmin,ymin,xmax,ymax,score,label
261.8696594238281,196.57235717773438,280.9198913574219,215.21849060058594,0.22087901830673218,8
