xmin,ymin,xmax,ymax,score,label
261.4143981933594,196.4434814453125,280.4593200683594,214.8466796875,0.1419583112001419,8
