xmin,ymin,xmax,ymax,score,label
261.116455078125,197.01785278320312,278.76849365234375,214.4644317626953,0.0534229539334774,8
