xmin,ymin,xmax,ymax,score,label
259.6192626953125,196.0240478515625,277.5052185058594,213.4431915283203,0.09573063999414444,8
