xmin,ymin,xmax,ymax,score,label
258.9707946777344,195.48663330078125,276.2584228515625,212.8162841796875,0.40480777621269226,8
259.26202392578125,195.5014190673828,276.1899108886719,212.5753173828125,0.05953754112124443,6
