xmin,ymin,xmax,ymax,score,label
258.7496643066406,195.66287231445312,275.58746337890625,212.267822265625,0.632029116153717,8
235.1803436279297,196.7225799560547,259.31982421875,212.14671325683594,0.05993352830410004,8
