xmin,ymin,xmax,ymax,score,label
258.4359130859375,195.9074249267578,275.45391845703125,212.6366729736328,0.6232376098632812,8
244.6209716796875,194.6122283935547,275.1070556640625,212.23631286621094,0.07197126001119614,8
236.7957763671875,197.92225646972656,259.64874267578125,211.7038116455078,0.054065097123384476,8
