xmin,ymin,xmax,ymax,score,label
257.8251647949219,195.8395233154297,274.9004821777344,213.0373077392578,0.7087186574935913,8
236.7483367919922,197.52381896972656,258.88421630859375,211.74485778808594,0.11330819129943848,8
258.8701477050781,196.2435760498047,274.3040466308594,212.5612335205078,0.053557347506284714,6
