xmin,ymin,xmax,ymax,score,label
257.5140380859375,194.91310119628906,274.5686950683594,212.53297424316406,0.16277021169662476,8
