xmin,ymin,xmax,ymax,score,label
257.5016784667969,195.13571166992188,273.128173828125,211.75633239746094,0.3366833031177521,8
