xmin,ymin,xmax,ymax,score,label
257.2273864746094,195.31101989746094,272.4308776855469,211.9379425048828,0.2280067503452301,8
