xmin,ymin,xmax,ymax,score,label
257.82666015625,195.6168212890625,272.3905029296875,212.1648712158203,0.4867023527622223,8
238.1102294921875,198.3964080810547,257.672607421875,211.3571319580078,0.18922802805900574,8
238.50540161132812,198.73336791992188,257.603515625,211.49388122558594,0.11685317754745483,3
262.34619140625,205.67636108398438,271.1493835449219,212.135986328125,0.06267146021127701,8
258.0544128417969,195.68338012695312,272.394287109375,211.8376007080078,0.05134645476937294,6
