xmin,ymin,xmax,ymax,score,label
257.49139404296875,195.64219665527344,272.1417541503906,211.8717803955078,0.4094432294368744,8
238.91290283203125,198.17462158203125,257.6875305175781,210.8695831298828,0.15308606624603271,8
237.9786376953125,198.2235565185547,255.1972198486328,211.16970825195312,0.11426795274019241,3
236.8121795654297,202.26698303222656,247.21083068847656,211.605224609375,0.0616689994931221,3
234.15621948242188,199.2537841796875,248.963134765625,212.39688110351562,0.05573134869337082,3
257.77935791015625,195.6982421875,272.1483459472656,211.5584716796875,0.055621616542339325,6
