xmin,ymin,xmax,ymax,score,label
256.2825927734375,194.90866088867188,272.3065490722656,211.6094207763672,0.5652946829795837,8
237.93289184570312,198.15382385253906,255.74319458007812,210.76048278808594,0.2409675270318985,3
238.8866424560547,198.09002685546875,256.8721008300781,210.44525146484375,0.22899116575717926,8
239.07363891601562,198.1544647216797,251.8828125,205.01927185058594,0.09391921013593674,3
259.49700927734375,204.59214782714844,270.9744567871094,211.96266174316406,0.09379569441080093,8
234.4252166748047,199.18052673339844,249.2100830078125,212.0666046142578,0.07383153587579727,3
243.34230041503906,201.9849853515625,257.28863525390625,210.71775817871094,0.06968456506729126,8
256.632568359375,195.1717071533203,272.64654541015625,211.22467041015625,0.06274708360433578,6
235.84274291992188,202.93055725097656,246.53915405273438,211.5487823486328,0.05118836835026741,3
