xmin,ymin,xmax,ymax,score,label
255.55123901367188,194.36448669433594,271.67108154296875,211.1313018798828,0.06726980954408646,8
