xmin,ymin,xmax,ymax,score,label
255.47442626953125,194.2560577392578,271.57403564453125,211.00155639648438,0.08132915198802948,8
