xmin,ymin,xmax,ymax,score,label
254.11375427246094,194.47938537597656,269.7691650390625,211.03768920898438,0.6317806839942932,8
236.7391357421875,198.4902801513672,255.90615844726562,211.76927185058594,0.4360298812389374,8
238.5047607421875,199.11167907714844,256.1414489746094,210.5509033203125,0.3315792977809906,3
256.25567626953125,201.7990264892578,269.0995788574219,210.9945068359375,0.13993661105632782,8
233.82254028320312,199.54539489746094,249.5270233154297,212.9226837158203,0.07636116445064545,3
243.61692810058594,202.1685028076172,256.1250915527344,210.42230224609375,0.06391780823469162,8
243.3021697998047,202.59344482421875,256.2520446777344,211.0301055908203,0.05845335125923157,3
239.5713348388672,194.4947509765625,268.72186279296875,211.21853637695312,0.056628983467817307,8
