xmin,ymin,xmax,ymax,score,label
253.7945556640625,194.92698669433594,269.27392578125,210.891845703125,0.5490107536315918,8
237.72872924804688,198.91563415527344,255.94728088378906,210.97763061523438,0.3751661777496338,8
238.2438507080078,199.0625762939453,255.98313903808594,210.9017333984375,0.314403772354126,3
255.88145446777344,201.95762634277344,268.72149658203125,210.58314514160156,0.06757798045873642,8
244.0077362060547,201.96372985839844,256.0509338378906,210.24148559570312,0.0672546774148941,3
233.63363647460938,199.0858612060547,249.32797241210938,212.77186584472656,0.06468359380960464,3
233.4188232421875,198.6023406982422,249.48934936523438,212.74436950683594,0.050076331943273544,8
