xmin,ymin,xmax,ymax,score,label
254.50343322753906,194.62840270996094,269.9851379394531,210.65774536132812,0.5964235663414001,8
236.93296813964844,198.40623474121094,255.3220977783203,211.2805938720703,0.4391031861305237,8
238.67689514160156,199.07066345214844,255.17478942871094,210.17088317871094,0.2674885094165802,3
244.46051025390625,202.60247802734375,255.34292602539062,209.99008178710938,0.07961026579141617,3
242.96102905273438,201.51922607421875,254.74501037597656,209.87535095214844,0.07744628936052322,8
