xmin,ymin,xmax,ymax,score,label
253.59556579589844,194.9600372314453,269.091796875,209.65354919433594,0.46989405155181885,8
238.0393524169922,197.6802520751953,255.5518035888672,210.0208282470703,0.36637407541275024,8
239.2782440185547,198.54393005371094,255.0655059814453,208.48985290527344,0.23473259806632996,3
253.7137908935547,195.39125061035156,269.1832275390625,209.7186737060547,0.11389374732971191,6
236.09527587890625,199.49998474121094,251.6094970703125,212.04710388183594,0.07568851113319397,3
240.81211853027344,198.71011352539062,254.8992156982422,207.9556884765625,0.06565121561288834,6
237.96804809570312,197.7965545654297,251.91622924804688,205.52687072753906,0.06359414756298065,3
