xmin,ymin,xmax,ymax,score,label
253.64085388183594,195.0089874267578,268.7493896484375,210.02487182617188,0.6541891098022461,8
238.45094299316406,197.65579223632812,255.26075744628906,209.8285675048828,0.461267352104187,8
239.8023681640625,198.47142028808594,254.76564025878906,208.29432678222656,0.31281375885009766,3
237.3536376953125,198.64134216308594,247.33154296875,206.13218688964844,0.10343591868877411,3
236.0092315673828,199.5244903564453,251.10772705078125,211.97576904296875,0.10061844438314438,3
253.58297729492188,195.5459442138672,269.0316467285156,209.92686462402344,0.10035157203674316,6
241.31570434570312,198.65667724609375,254.64393615722656,207.8381805419922,0.06328964233398438,6
239.91629028320312,193.609375,269.4060974121094,209.8739013671875,0.05696651712059975,8
