xmin,ymin,xmax,ymax,score,label
252.91769409179688,194.8551788330078,268.922607421875,209.7581329345703,0.46576136350631714,8
237.41110229492188,198.27207946777344,254.36485290527344,210.46533203125,0.3553754389286041,8
237.36236572265625,198.30882263183594,253.5750274658203,209.77854919433594,0.11627577990293503,3
253.13470458984375,195.4934844970703,268.8701171875,209.96221923828125,0.0864926278591156,6
238.1605224609375,198.73960876464844,254.7315216064453,208.48997497558594,0.06158798933029175,6
