xmin,ymin,xmax,ymax,score,label
253.70144653320312,194.8850555419922,267.6216125488281,209.94448852539062,0.6761853694915771,8
238.35916137695312,198.0763397216797,254.3898468017578,210.16574096679688,0.5390201210975647,8
238.2444610595703,196.9215545654297,253.68748474121094,209.13351440429688,0.13053101301193237,3
253.87741088867188,195.98202514648438,267.8382873535156,210.08729553222656,0.11989045888185501,6
239.2429656982422,198.7834014892578,254.0824737548828,208.25669860839844,0.11765168607234955,6
241.5220947265625,199.2061004638672,253.58511352539062,207.00958251953125,0.09737350791692734,8
239.0705108642578,193.66665649414062,267.35540771484375,210.52978515625,0.07000317424535751,8
241.611328125,198.7454376220703,253.31985473632812,206.24884033203125,0.06977283209562302,3
