xmin,ymin,xmax,ymax,score,label
253.5340576171875,195.05397033691406,267.6175842285156,209.86529541015625,0.5237329006195068,8
238.5709228515625,197.96253967285156,254.6827392578125,210.01077270507812,0.3672078549861908,8
254.2137451171875,195.3961944580078,268.02740478515625,209.40855407714844,0.16344000399112701,6
239.36605834960938,198.63816833496094,254.34117126464844,208.22227478027344,0.14982269704341888,6
238.66419982910156,197.78526306152344,254.29246520996094,209.06500244140625,0.10178802907466888,3
