xmin,ymin,xmax,ymax,score,label
252.9062957763672,194.48187255859375,266.70806884765625,209.33470153808594,0.1376955807209015,8
237.15289306640625,197.99574279785156,253.86427307128906,210.20558166503906,0.05800682678818703,8
