xmin,ymin,xmax,ymax,score,label
252.81544494628906,194.71351623535156,266.6302490234375,209.2226104736328,0.637336254119873,8
238.91128540039062,198.53866577148438,253.85284423828125,207.45938110351562,0.3778635561466217,3
237.68060302734375,197.89437866210938,254.10015869140625,209.2769775390625,0.31940776109695435,8
234.72109985351562,198.2528076171875,251.0927276611328,211.29127502441406,0.16543713212013245,3
242.16502380371094,199.02308654785156,253.5833282470703,206.7876434326172,0.1294562965631485,8
236.77828979492188,202.5083770751953,247.57318115234375,211.4911651611328,0.12879280745983124,3
253.79632568359375,194.88385009765625,266.2200622558594,208.59361267089844,0.08610311895608902,6
236.70022583007812,197.69068908691406,249.03488159179688,205.82595825195312,0.05452116206288338,3
