xmin,ymin,xmax,ymax,score,label
252.5193328857422,195.29209899902344,265.6389465332031,209.4174346923828,0.7432423233985901,8
237.82472229003906,198.57931518554688,254.2639923095703,210.5967559814453,0.37323197722435,8
239.34414672851562,199.024169921875,254.07196044921875,207.80946350097656,0.24424093961715698,3
237.8182830810547,200.39161682128906,249.67625427246094,210.9313201904297,0.15821704268455505,3
244.2145233154297,198.7124481201172,254.75575256347656,207.82408142089844,0.14789344370365143,8
253.6292266845703,195.27809143066406,265.4005126953125,208.77516174316406,0.13665486872196198,6
238.02496337890625,198.69155883789062,249.1995849609375,206.10879516601562,0.0739561915397644,3
239.20477294921875,199.03561401367188,254.10604858398438,207.83328247070312,0.06544596701860428,6
238.17649841308594,193.68968200683594,264.0938415527344,209.89012145996094,0.05525999516248703,8
