xmin,ymin,xmax,ymax,score,label
250.10385131835938,194.80503845214844,265.69732666015625,209.07960510253906,0.6323174834251404,8
237.5082244873047,198.9432373046875,254.55673217773438,208.79347229003906,0.2921219766139984,3
236.64273071289062,198.84373474121094,254.47674560546875,210.66085815429688,0.28764376044273376,8
248.2702178955078,195.0983123779297,266.0130310058594,208.8306121826172,0.1058385968208313,3
243.17674255371094,199.63816833496094,254.04043579101562,207.3584747314453,0.07047814130783081,3
243.1833953857422,198.8603057861328,254.8480987548828,207.8336181640625,0.06208262965083122,8
250.9330291748047,194.82296752929688,265.38665771484375,209.22549438476562,0.05848253145813942,6
