xmin,ymin,xmax,ymax,score,label
250.67245483398438,195.09140014648438,265.4468994140625,209.18382263183594,0.557187020778656,8
237.11422729492188,198.9003143310547,252.65487670898438,208.3523406982422,0.39854732155799866,3
236.0130615234375,198.2857208251953,253.4610595703125,210.3963165283203,0.25532376766204834,8
250.79977416992188,195.08969116210938,265.49957275390625,209.08004760742188,0.12772682309150696,6
249.8067169189453,194.7366180419922,265.61993408203125,208.89572143554688,0.08237957209348679,3
