xmin,ymin,xmax,ymax,score,label
250.88246154785156,195.1991424560547,265.2530517578125,208.18508911132812,0.5649853944778442,8
236.51364135742188,198.2682342529297,252.0502471923828,210.2251739501953,0.21122854948043823,3
236.5672607421875,197.77005004882812,253.33035278320312,209.58349609375,0.10014114528894424,8
250.1663055419922,194.89256286621094,265.25018310546875,208.202392578125,0.08473304659128189,3
