xmin,ymin,xmax,ymax,score,label
251.13429260253906,194.7398223876953,265.3694763183594,208.5850067138672,0.5449320673942566,8
236.17416381835938,198.35281372070312,251.85321044921875,210.5347442626953,0.1895909607410431,3
236.11331176757812,197.88314819335938,253.1199493408203,209.98851013183594,0.07957436144351959,8
250.6348876953125,194.7067108154297,265.0057678222656,208.32254028320312,0.06266333162784576,3
