xmin,ymin,xmax,ymax,score,label
251.05018615722656,194.9789581298828,264.65869140625,208.57435607910156,0.6650575995445251,8
237.13925170898438,198.46090698242188,252.4732666015625,207.7638702392578,0.395500123500824,3
236.39276123046875,197.97715759277344,252.53001403808594,209.73915100097656,0.17316663265228271,8
251.19931030273438,195.0535125732422,264.71820068359375,208.47203063964844,0.06295956671237946,3
