xmin,ymin,xmax,ymax,score,label
250.614501953125,194.9288787841797,264.3487548828125,208.5662384033203,0.7468954920768738,8
237.4123077392578,198.40103149414062,251.23519897460938,207.40318298339844,0.516144335269928,3
236.7186737060547,198.43392944335938,251.68687438964844,208.56661987304688,0.1931450515985489,8
250.3368377685547,195.2299041748047,264.856689453125,207.8582763671875,0.10481121391057968,3
