xmin,ymin,xmax,ymax,score,label
250.52268981933594,194.80831909179688,264.20208740234375,208.89776611328125,0.4917765259742737,8
236.47308349609375,198.8652801513672,251.665283203125,208.9536895751953,0.41372501850128174,3
235.41824340820312,198.6569061279297,251.28366088867188,211.7811737060547,0.24887420237064362,8
250.75653076171875,195.0676727294922,264.41485595703125,208.70199584960938,0.06661605834960938,3
