xmin,ymin,xmax,ymax,score,label
250.2244415283203,194.79953002929688,263.4425354003906,207.935546875,0.5866504311561584,8
236.9691925048828,198.1334686279297,251.0142822265625,210.2594451904297,0.2531287372112274,8
236.7220001220703,198.0622100830078,250.89398193359375,210.92042541503906,0.21055592596530914,3
239.622314453125,193.2034454345703,261.21246337890625,209.1383514404297,0.05710466951131821,8
