xmin,ymin,xmax,ymax,score,label
236.64173889160156,198.03025817871094,250.46348571777344,209.53993225097656,0.4863421320915222,3
236.07765197753906,197.49285888671875,250.39939880371094,210.79185485839844,0.17911162972450256,8
249.1862030029297,193.87551879882812,262.9510192871094,207.86741638183594,0.1324305683374405,8
