xmin,ymin,xmax,ymax,score,label
236.68789672851562,197.98521423339844,250.16200256347656,209.37353515625,0.3714431822299957,3
236.07054138183594,197.32225036621094,250.17953491210938,210.73143005371094,0.19850030541419983,8
249.251708984375,193.67300415039062,262.7757873535156,207.80670166015625,0.12353494763374329,8
