xmin,ymin,xmax,ymax,score,label
236.52203369140625,198.59890747070312,250.32945251464844,210.52207946777344,0.3730139434337616,3
249.19313049316406,194.4710693359375,262.93896484375,208.3761444091797,0.12793900072574615,8
235.80926513671875,198.2454376220703,250.05850219726562,211.95228576660156,0.11379703879356384,8
