xmin,ymin,xmax,ymax,score,label
236.82789611816406,199.09767150878906,250.24754333496094,210.21238708496094,0.2817184329032898,3
248.55003356933594,194.78244018554688,262.2147216796875,208.36740112304688,0.12853515148162842,8
236.06063842773438,198.66217041015625,249.98928833007812,211.8430633544922,0.056472089141607285,8
