xmin,ymin,xmax,ymax,score,label
248.8907470703125,194.0610809326172,262.5237121582031,207.4788360595703,0.4649646282196045,8
235.16903686523438,198.21971130371094,249.71817016601562,210.8975372314453,0.18243807554244995,3
234.94691467285156,198.02268981933594,249.57843017578125,211.18838500976562,0.06094653904438019,8
249.09214782714844,194.26527404785156,262.76007080078125,207.28700256347656,0.05169196054339409,3
