xmin,ymin,xmax,ymax,score,label
248.78268432617188,194.2079315185547,262.29351806640625,206.8173065185547,0.42588651180267334,8
236.4691619873047,197.75933837890625,249.65309143066406,208.97682189941406,0.3417460322380066,3
249.0072021484375,194.35890197753906,262.5067138671875,206.72496032714844,0.2457554042339325,3
