xmin,ymin,xmax,ymax,score,label
255.966796875,202.04612731933594,264.35101318359375,207.44117736816406,0.5657144784927368,3
236.0879669189453,198.47769165039062,249.31031799316406,209.0611114501953,0.5367793440818787,3
248.21351623535156,194.7499542236328,263.0683898925781,206.75918579101562,0.5354689955711365,3
248.2803497314453,194.7208251953125,263.24334716796875,207.29600524902344,0.3750740885734558,8
250.88449096679688,200.4144744873047,263.5404052734375,207.2202911376953,0.2859816253185272,3
252.51986694335938,201.7672882080078,263.85736083984375,207.670654296875,0.10954993218183517,8
255.0513458251953,203.15078735351562,263.5876159667969,209.44705200195312,0.10872621089220047,3
234.6317901611328,198.20396423339844,249.16714477539062,210.9385528564453,0.06875160336494446,8
241.0952911376953,192.1956024169922,261.8647155761719,206.08872985839844,0.05906558409333229,8
