xmin,ymin,xmax,ymax,score,label
258.2897644042969,201.83456420898438,267.420654296875,207.84800720214844,0.7466006875038147,3
247.27719116210938,192.7777557373047,261.9232482910156,207.05899047851562,0.17368507385253906,8
234.58493041992188,198.34713745117188,248.92530822753906,211.53062438964844,0.16179661452770233,3
258.1846618652344,201.84983825683594,267.4394226074219,207.8941192626953,0.10936909168958664,8
247.3690948486328,193.1345977783203,262.0542297363281,206.88197326660156,0.05400912091135979,3
