xmin,ymin,xmax,ymax,score,label
259.46197509765625,201.89334106445312,266.83026123046875,207.5384063720703,0.9016863107681274,3
258.53033447265625,200.7047882080078,268.8656005859375,209.04246520996094,0.5918055176734924,3
236.8018341064453,198.16358947753906,249.0471649169922,205.63096618652344,0.46867114305496216,3
234.34823608398438,198.3778076171875,248.33010864257812,211.74110412597656,0.46389469504356384,3
247.53366088867188,193.66220092773438,260.25341796875,206.473876953125,0.2300461232662201,8
235.12229919433594,198.39434814453125,248.85305786132812,212.28988647460938,0.10717201232910156,8
247.5000762939453,193.9848175048828,260.4094543457031,206.3779754638672,0.07531088590621948,3
258.89288330078125,201.7634735107422,267.2884216308594,207.82785034179688,0.07237796485424042,8
236.68295288085938,198.11488342285156,249.071044921875,205.76986694335938,0.058741405606269836,8
