xmin,ymin,xmax,ymax,score,label
259.60888671875,201.82284545898438,267.9110107421875,207.49307250976562,0.8861481547355652,3
236.08326721191406,198.48509216308594,249.0647735595703,207.41909790039062,0.22285573184490204,3
257.98724365234375,200.73617553710938,269.40673828125,209.8501434326172,0.20112964510917664,3
247.03041076660156,193.61431884765625,259.3985290527344,206.3612518310547,0.06820204108953476,8
247.09457397460938,193.7919921875,259.6365051269531,206.2127685546875,0.05915220454335213,3
