xmin,ymin,xmax,ymax,score,label
260.2413330078125,202.00965881347656,268.927490234375,208.58741760253906,0.8720769882202148,3
234.5740509033203,197.8838653564453,248.33702087402344,210.82139587402344,0.4212998151779175,3
259.99273681640625,200.11900329589844,271.9007263183594,209.89822387695312,0.07064291834831238,3
260.07135009765625,201.82518005371094,269.0069580078125,208.6180877685547,0.0645841658115387,8
234.37290954589844,197.8616485595703,248.27197265625,211.11691284179688,0.050835251808166504,8
