xmin,ymin,xmax,ymax,score,label
261.39495849609375,202.61569213867188,269.5296630859375,209.13282775878906,0.7121962308883667,3
259.0723876953125,200.8500213623047,270.3973083496094,210.2855224609375,0.0725303590297699,3
