xmin,ymin,xmax,ymax,score,label
262.4556579589844,202.9268798828125,270.9268493652344,209.3766632080078,0.4302428364753723,3
