xmin,ymin,xmax,ymax,score,label
263.1085510253906,202.34556579589844,271.6203308105469,209.33714294433594,0.7535935044288635,3
262.91485595703125,202.2053680419922,271.618408203125,209.3037567138672,0.0805210992693901,8
