xmin,ymin,xmax,ymax,score,label
264.15191650390625,202.79246520996094,271.9849548339844,209.0988006591797,0.6782979965209961,3
264.0026550292969,202.6759490966797,271.9416198730469,209.06967163085938,0.09303700178861618,8
