xmin,ymin,xmax,ymax,score,label
264.5270690917969,203.03550720214844,272.9958801269531,210.5436248779297,0.8229124546051025,3
264.1890563964844,202.65821838378906,272.9302673339844,210.5065155029297,0.07990969717502594,8
235.9371337890625,198.53895568847656,248.3258514404297,211.6573028564453,0.07148429751396179,3
