xmin,ymin,xmax,ymax,score,label
266.3413391113281,204.25,274.2185363769531,211.10818481445312,0.8371290564537048,3
236.298095703125,198.6951904296875,248.14627075195312,211.74313354492188,0.13111481070518494,3
266.2046203613281,204.16650390625,274.334228515625,210.71578979492188,0.12898468971252441,8
237.9925994873047,198.1446990966797,247.30361938476562,205.4287109375,0.05200118198990822,3
