xmin,ymin,xmax,ymax,score,label
266.2415466308594,204.69796752929688,275.94091796875,211.7629852294922,0.9263616800308228,3
235.28250122070312,198.99127197265625,248.59365844726562,213.295654296875,0.08847040683031082,3
265.5072021484375,204.3142547607422,276.1915283203125,211.83204650878906,0.06191407889127731,8
