xmin,ymin,xmax,ymax,score,label
268.5218505859375,204.6508331298828,277.33843994140625,212.16029357910156,0.8841147422790527,3
233.49949645996094,197.89915466308594,247.6315155029297,211.91650390625,0.15392880141735077,3
265.9829406738281,203.522216796875,277.7633361816406,212.26260375976562,0.14731453359127045,8
237.07080078125,197.92494201660156,247.4227752685547,205.4873809814453,0.07896243780851364,3
259.85614013671875,205.46908569335938,267.6068115234375,211.03970336914062,0.05450914055109024,3
