xmin,ymin,xmax,ymax,score,label
270.7434387207031,205.7733917236328,280.81939697265625,213.184326171875,0.9061822295188904,3
236.08224487304688,199.80848693847656,248.1935577392578,213.10850524902344,0.43933477997779846,3
237.702392578125,197.8706817626953,247.10406494140625,205.5511932373047,0.34588751196861267,3
269.4183349609375,204.78273010253906,281.1214904785156,213.1665496826172,0.22758664190769196,8
245.21127319335938,193.9479217529297,255.806884765625,204.9296417236328,0.18117041885852814,3
235.152587890625,199.00486755371094,247.6714630126953,213.09117126464844,0.1013471707701683,8
