xmin,ymin,xmax,ymax,score,label
271.6228942871094,206.7775115966797,281.8238220214844,214.52182006835938,0.8924922943115234,3
270.2992248535156,206.0243682861328,281.9690246582031,214.9510955810547,0.19853729009628296,8
236.75892639160156,199.42919921875,248.43667602539062,212.2104034423828,0.09498786181211472,3
239.7511749267578,203.53057861328125,248.74188232421875,211.6105194091797,0.07018185406923294,3
271.2151794433594,210.3831329345703,280.9620361328125,215.43812561035156,0.05814806744456291,3
237.91983032226562,198.42945861816406,246.70266723632812,205.56405639648438,0.052532363682985306,3
