xmin,ymin,xmax,ymax,score,label
272.22723388671875,207.12014770507812,283.37060546875,214.47915649414062,0.897537112236023,3
271.2369384765625,206.07762145996094,283.592529296875,214.55477905273438,0.16079817712306976,8
239.5910186767578,200.99969482421875,247.75027465820312,212.8955078125,0.09703768789768219,1
238.66287231445312,202.1871337890625,248.12490844726562,212.07666015625,0.08525460213422775,3
237.98634338378906,197.8455047607422,246.68804931640625,204.9018096923828,0.056022923439741135,3
