xmin,ymin,xmax,ymax,score,label
274.20147705078125,206.66122436523438,284.25494384765625,214.54322814941406,0.9123193621635437,3
272.62713623046875,206.0054473876953,284.869873046875,214.4173126220703,0.15982742607593536,8
237.70103454589844,201.26068115234375,247.65016174316406,211.21546936035156,0.15934494137763977,3
237.13363647460938,198.6864471435547,248.02828979492188,213.5466766357422,0.07911096513271332,1
237.54263305664062,198.0683135986328,246.4790802001953,204.6526336669922,0.0690944716334343,3
