xmin,ymin,xmax,ymax,score,label
276.1447448730469,207.4709014892578,286.5687255859375,215.19747924804688,0.8992599248886108,3
238.49502563476562,201.8202667236328,247.98989868164062,210.92398071289062,0.15546874701976776,3
274.2018127441406,206.61265563964844,286.5553894042969,215.2052764892578,0.14764346182346344,8
273.3177795410156,208.32354736328125,279.8206787109375,214.4398193359375,0.07921471446752548,3
234.0714111328125,199.44247436523438,247.7587432861328,212.040283203125,0.07080141454935074,3
237.12847900390625,197.2412872314453,246.3541259765625,204.69940185546875,0.06318823993206024,3
238.49404907226562,200.34909057617188,247.49754333496094,212.6639862060547,0.06237204745411873,1
