xmin,ymin,xmax,ymax,score,label
278.2956848144531,208.80274963378906,288.0185546875,216.4948272705078,0.935194194316864,3
237.24462890625,202.71923828125,247.47830200195312,211.6470184326172,0.22886261343955994,3
276.11944580078125,208.23300170898438,288.4277038574219,216.72283935546875,0.11090444773435593,8
237.71713256835938,198.14991760253906,245.87808227539062,204.4027557373047,0.08499566465616226,3
232.82008361816406,199.0889434814453,247.4347686767578,212.09011840820312,0.06894229352474213,3
274.427978515625,208.87704467773438,285.1141662597656,215.6171112060547,0.05602242052555084,3
