xmin,ymin,xmax,ymax,score,label
279.8197937011719,209.3649139404297,290.5328674316406,217.6400604248047,0.9468092918395996,3
278.2967529296875,208.4852294921875,291.1412048339844,217.7031707763672,0.10174544900655746,8
277.4466552734375,208.72569274902344,287.8032531738281,215.64051818847656,0.09792131185531616,3
