xmin,ymin,xmax,ymax,score,label
279.9710388183594,209.79421997070312,292.4047546386719,217.9888153076172,0.9419727325439453,3
278.8342590332031,209.0725555419922,292.4034118652344,218.1659393310547,0.09284786134958267,8
277.0132141113281,209.57618713378906,286.0193786621094,215.95199584960938,0.07495537400245667,3
238.1881866455078,199.67759704589844,247.6291961669922,213.1090545654297,0.06106976047158241,1
