xmin,ymin,xmax,ymax,score,label
282.1289978027344,209.72377014160156,293.96478271484375,218.07180786132812,0.7678993940353394,3
281.5597229003906,209.2908935546875,294.2110900878906,218.29698181152344,0.29521873593330383,8
237.1851348876953,198.84542846679688,248.19419860839844,213.50155639648438,0.10794959217309952,1
279.48291015625,210.54092407226562,288.23175048828125,217.15464782714844,0.0945231094956398,3
244.1865692138672,192.92393493652344,254.87049865722656,203.1678466796875,0.061703845858573914,3
