xmin,ymin,xmax,ymax,score,label
284.8979797363281,211.39845275878906,295.75048828125,219.23768615722656,0.7035308480262756,3
283.5651550292969,209.61619567871094,296.2275390625,219.6792449951172,0.4366576373577118,8
282.34033203125,213.88153076171875,294.2799072265625,219.49386596679688,0.1368924230337143,3
282.1020202636719,211.4299774169922,290.3454284667969,217.80416870117188,0.1012084111571312,3
