xmin,ymin,xmax,ymax,score,label
286.0152282714844,212.5255889892578,298.3451843261719,220.74072265625,0.7689694762229919,3
285.3125305175781,210.43580627441406,298.7731628417969,220.88265991210938,0.4815545976161957,8
283.1335754394531,215.003662109375,291.8742370605469,219.8672332763672,0.15118151903152466,3
288.13104248046875,215.28347778320312,297.56011962890625,221.5738525390625,0.1138673797249794,3
281.993896484375,212.39151000976562,287.6131896972656,218.08143615722656,0.09081213176250458,3
288.3809814453125,210.61216735839844,297.8863830566406,217.82542419433594,0.062132786959409714,3
284.6233215332031,216.28421020507812,294.5263671875,221.3407745361328,0.05366739630699158,3
279.8691711425781,212.6162567138672,285.998046875,218.60791015625,0.050867363810539246,3
