xmin,ymin,xmax,ymax,score,label
288.6022033691406,212.90419006347656,300.7469177246094,222.6404571533203,0.7999728918075562,3
286.9794006347656,210.94796752929688,301.3562316894531,222.4056396484375,0.37290528416633606,8
285.0907897949219,210.9452667236328,294.3593444824219,219.3450927734375,0.14639531075954437,3
286.12396240234375,214.39794921875,296.1778564453125,221.0922088623047,0.13032083213329315,3
288.75604248046875,217.36895751953125,300.05572509765625,223.17601013183594,0.10214460641145706,3
290.5872802734375,211.2139129638672,300.6077880859375,216.9030303955078,0.0975504145026207,3
284.017822265625,191.07769775390625,294.9664306640625,197.7433319091797,0.0773327648639679,3
283.9300231933594,212.2106475830078,290.4311218261719,219.62794494628906,0.06903069466352463,3
