xmin,ymin,xmax,ymax,score,label
290.1783142089844,212.56288146972656,303.26751708984375,223.57528686523438,0.823336124420166,3
287.95928955078125,211.5238494873047,303.41796875,223.25450134277344,0.3265349864959717,8
286.3369140625,211.9911651611328,296.64678955078125,221.5723876953125,0.1970914751291275,3
283.3646240234375,190.87120056152344,294.9461975097656,197.7751922607422,0.0754912942647934,3
