xmin,ymin,xmax,ymax,score,label
291.8750305175781,212.6238250732422,305.4935302734375,223.70016479492188,0.8165671825408936,3
289.9813537597656,211.35696411132812,305.7821350097656,223.5451202392578,0.3807603716850281,8
288.3023681640625,211.3206787109375,299.0196533203125,221.42169189453125,0.10901088267564774,3
287.8116760253906,213.79945373535156,295.0316467285156,221.7387237548828,0.08564774692058563,3
234.88186645507812,198.64456176757812,248.10476684570312,212.1089630126953,0.06454356759786606,3
