xmin,ymin,xmax,ymax,score,label
293.8768005371094,213.48556518554688,308.6790466308594,224.46566772460938,0.8879060745239258,3
292.57977294921875,212.98939514160156,308.4663391113281,224.56781005859375,0.1963779479265213,8
292.1883239746094,216.01463317871094,304.4429931640625,223.43898010253906,0.08567894250154495,3
290.2920227050781,216.65980529785156,297.9845886230469,222.86019897460938,0.07002287358045578,3
