xmin,ymin,xmax,ymax,score,label
296.7608947753906,214.33677673339844,311.6542663574219,226.5851287841797,0.9351294636726379,3
293.808349609375,213.90359497070312,307.4197998046875,224.53155517578125,0.43171581625938416,3
294.96356201171875,213.75967407226562,311.8997497558594,226.37542724609375,0.07164987176656723,8
293.7214660644531,213.6191864013672,301.0978088378906,223.09829711914062,0.06545902043581009,1
292.52880859375,214.4400177001953,301.63580322265625,223.25201416015625,0.06338968873023987,3
