xmin,ymin,xmax,ymax,score,label
298.6352233886719,215.30787658691406,314.83740234375,228.23760986328125,0.9330977201461792,3
295.93060302734375,215.2324676513672,307.9633483886719,225.6878204345703,0.27804821729660034,3
295.47149658203125,218.84036254882812,303.5900573730469,225.52000427246094,0.15126433968544006,3
298.21807861328125,214.9738311767578,314.8603210449219,228.0394744873047,0.07461896538734436,8
301.0036315917969,220.00096130371094,314.21820068359375,227.57833862304688,0.07378488034009933,3
285.56097412109375,210.42886352539062,296.24884033203125,217.92208862304688,0.07251177728176117,3
295.89166259765625,221.02059936523438,305.49871826171875,226.2406768798828,0.05969639867544174,3
