xmin,ymin,xmax,ymax,score,label
301.76275634765625,216.31849670410156,318.03497314453125,228.99661254882812,0.9084148406982422,3
297.8044738769531,215.7209930419922,311.2245178222656,226.3557891845703,0.14236094057559967,3
298.72479248046875,215.1619873046875,318.3260192871094,228.9205322265625,0.11286596953868866,8
299.8170471191406,220.03680419921875,316.060302734375,227.7350311279297,0.10215537250041962,3
286.55230712890625,210.80775451660156,297.9625244140625,218.42176818847656,0.09580585360527039,3
296.6158142089844,217.85960388183594,303.6822509765625,225.5393524169922,0.06751968711614609,3
