xmin,ymin,xmax,ymax,score,label
304.8290710449219,217.00216674804688,321.4767761230469,230.35267639160156,0.9072241187095642,3
300.0218811035156,214.37835693359375,318.8999938964844,228.5676727294922,0.1630830317735672,3
301.4087829589844,215.8028564453125,321.26556396484375,230.00367736816406,0.15809933841228485,8
300.65557861328125,215.9808807373047,312.0268249511719,226.9320068359375,0.14349804818630219,3
