xmin,ymin,xmax,ymax,score,label
307.2711181640625,218.4430694580078,324.37969970703125,231.53562927246094,0.9080026745796204,3
303.7535095214844,215.55557250976562,320.8721618652344,228.70364379882812,0.31017327308654785,3
303.6802978515625,212.2157745361328,324.8729248046875,230.25506591796875,0.1853480339050293,8
303.1850891113281,221.6337432861328,313.38507080078125,228.76763916015625,0.05417259782552719,3
