xmin,ymin,xmax,ymax,score,label
311.01556396484375,219.0088348388672,328.2550964355469,233.2142333984375,0.8426238894462585,3
304.9668884277344,216.0610809326172,325.76556396484375,231.30577087402344,0.20992036163806915,3
307.935546875,218.07557678222656,327.9999084472656,233.07447814941406,0.20262476801872253,8
305.0883483886719,219.99363708496094,314.7373046875,230.54721069335938,0.1339319795370102,3
305.429931640625,223.81993103027344,312.58453369140625,230.68374633789062,0.11082442104816437,3
305.1170654296875,203.59727478027344,329.3800964355469,232.4362030029297,0.08184575289487839,8
305.13970947265625,204.7504425048828,329.5282897949219,232.85948181152344,0.06204322353005409,3
