xmin,ymin,xmax,ymax,score,label
311.30718994140625,220.69699096679688,333.3671875,236.22705078125,0.9401796460151672,3
308.4264831542969,219.7411346435547,320.8517761230469,231.71226501464844,0.4506889581680298,3
309.5179138183594,219.72149658203125,333.7443542480469,235.60520935058594,0.08649049699306488,8
309.6113586425781,218.3029022216797,319.3174743652344,228.64767456054688,0.07962596416473389,1
307.96734619140625,221.4793701171875,315.9808044433594,231.1794891357422,0.06123700365424156,3
