xmin,ymin,xmax,ymax,score,label
315.93072509765625,222.66932678222656,336.5365295410156,237.70712280273438,0.8945263624191284,3
312.314697265625,222.6436767578125,327.6398010253906,234.38169860839844,0.506983757019043,3
313.5243835449219,221.87571716308594,336.6271667480469,237.3816680908203,0.14362689852714539,8
232.06724548339844,198.39707946777344,247.10525512695312,212.51629638671875,0.06354425847530365,3
312.46246337890625,222.12655639648438,328.0098571777344,234.40652465820312,0.05375596880912781,8
