xmin,ymin,xmax,ymax,score,label
316.61871337890625,223.13453674316406,340.8649597167969,239.39048767089844,0.8381097912788391,3
318.4966125488281,222.95413208007812,341.0141906738281,239.58538818359375,0.2416408360004425,8
314.1502380371094,224.33438110351562,325.3050231933594,234.83702087402344,0.12066199630498886,3
233.53131103515625,199.38247680664062,247.4071807861328,212.4810333251953,0.09421835094690323,3
