xmin,ymin,xmax,ymax,score,label
318.2484130859375,223.81813049316406,346.90240478515625,241.42779541015625,0.8799073100090027,3
318.00048828125,223.25558471679688,346.6324157714844,241.32786560058594,0.17290975153446198,8
318.96142578125,222.9358367919922,335.17236328125,235.93658447265625,0.08058325946331024,3
