xmin,ymin,xmax,ymax,score,label
322.1089782714844,224.55136108398438,352.47430419921875,243.76898193359375,0.9393808245658875,3
323.2701721191406,224.6045684814453,352.0346984863281,243.86514282226562,0.13608518242835999,8
234.49411010742188,199.5803985595703,246.8192901611328,211.9988250732422,0.09656206518411636,3
238.640625,202.6759033203125,247.08218383789062,211.44346618652344,0.06794017553329468,3
239.73133850097656,202.14291381835938,246.95054626464844,212.17816162109375,0.06497441977262497,1
237.05230712890625,199.0721893310547,247.37466430664062,213.26443481445312,0.05464109778404236,1
321.331787109375,224.01248168945312,342.6536865234375,238.8248748779297,0.0501062236726284,3
