xmin,ymin,xmax,ymax,score,label
328.02001953125,227.99241638183594,357.58123779296875,247.12730407714844,0.9518193006515503,3
326.3649597167969,226.97747802734375,347.459228515625,242.01925659179688,0.3568687438964844,3
341.23211669921875,228.13853454589844,357.26519775390625,238.22874450683594,0.19635751843452454,3
341.1657409667969,229.51119995117188,357.7060546875,246.73497009277344,0.12397569417953491,3
327.2002258300781,225.70755004882812,358.0600280761719,246.92984008789062,0.09579180926084518,8
232.64979553222656,197.88856506347656,246.76239013671875,212.14439392089844,0.08887520432472229,3
238.14077758789062,200.0633087158203,246.8158721923828,211.3112335205078,0.07756028324365616,3
237.37220764160156,198.87539672851562,245.60247802734375,213.2352294921875,0.05175430700182915,1
