xmin,ymin,xmax,ymax,score,label
340.287841796875,230.49009704589844,364.0749206542969,250.65162658691406,0.9577996134757996,3
330.5279235839844,229.4123992919922,351.0951843261719,245.2272491455078,0.7269906401634216,3
329.5574645996094,231.60760498046875,344.3219909667969,243.6136474609375,0.183660089969635,3
338.1943054199219,230.15875244140625,349.7803955078125,243.3246612548828,0.12143759429454803,3
333.05615234375,228.88624572753906,364.3323974609375,250.15921020507812,0.10598476976156235,8
336.8563232421875,239.00396728515625,360.80242919921875,251.10255432128906,0.09484389424324036,3
329.8531799316406,224.23521423339844,347.7832336425781,242.39857482910156,0.07405399531126022,8
329.5152282714844,238.18467712402344,341.73681640625,245.51890563964844,0.07379547506570816,3
346.8466491699219,229.64332580566406,363.2054748535156,240.04855346679688,0.06948989629745483,3
