xmin,ymin,xmax,ymax,score,label
336.4935607910156,231.6468048095703,370.5004577636719,253.3704833984375,0.9607303142547607,3
350.9452819824219,232.54624938964844,371.4305114746094,251.02169799804688,0.5014960169792175,3
335.1059265136719,230.1570281982422,360.52777099609375,248.2328643798828,0.45874038338661194,3
353.32562255859375,232.90261840820312,369.0887756347656,243.56448364257812,0.10764610767364502,3
232.7086181640625,197.9713592529297,247.51539611816406,212.74729919433594,0.07055798172950745,3
335.68072509765625,241.2748565673828,368.2777099609375,254.50270080566406,0.06954140961170197,3
334.9250183105469,229.32716369628906,371.2764587402344,252.2949981689453,0.05434911698102951,8
