xmin,ymin,xmax,ymax,score,label
340.8692321777344,231.4532470703125,377.9822082519531,256.4638977050781,0.9408504962921143,3
340.05865478515625,232.2992706298828,363.78778076171875,250.3131103515625,0.5359829664230347,3
356.4017028808594,234.81796264648438,378.1554260253906,255.5162353515625,0.32581454515457153,3
340.0961608886719,231.1055450439453,377.22283935546875,256.03582763671875,0.12143825739622116,8
341.32470703125,230.6551971435547,353.34674072265625,246.25135803222656,0.1173776388168335,1
232.81056213378906,197.370361328125,247.5792999267578,212.8670196533203,0.09162493795156479,3
