xmin,ymin,xmax,ymax,score,label
350.50823974609375,234.3670196533203,385.8536682128906,261.16522216796875,0.8006622195243835,3
345.6556091308594,231.43553161621094,386.50360107421875,259.47589111328125,0.45348814129829407,8
344.926025390625,233.02418518066406,376.2774353027344,254.927734375,0.33590224385261536,3
364.4615783691406,238.0948944091797,386.46588134765625,259.13800048828125,0.15525208413600922,3
365.3686828613281,235.04248046875,384.8605041503906,251.04612731933594,0.07450386881828308,3
361.4339294433594,236.09523010253906,386.38446044921875,258.9178771972656,0.058636829257011414,8
