xmin,ymin,xmax,ymax,score,label
352.5706787109375,237.2649383544922,394.5560607910156,266.2715148925781,0.7800067067146301,8
362.0093994140625,238.53164672851562,395.29388427734375,266.599853515625,0.6587040424346924,3
350.92059326171875,236.29464721679688,380.0693664550781,260.3557434082031,0.38804829120635986,8
351.2510681152344,236.9708709716797,381.9253234863281,261.6075744628906,0.181191086769104,3
351.6332092285156,233.97059631347656,366.3970947265625,254.2838897705078,0.1174599900841713,1
