xmin,ymin,xmax,ymax,score,label
361.9970397949219,241.06216430664062,418.5884094238281,277.91400146484375,0.9454037547111511,8
369.28076171875,246.11045837402344,419.1212158203125,279.0821228027344,0.3598739802837372,3
362.3271484375,242.0975341796875,393.9365539550781,268.51629638671875,0.2781572639942169,8
363.21038818359375,242.8943634033203,393.5259704589844,264.9361877441406,0.15156862139701843,3
385.71844482421875,247.3391876220703,417.2434997558594,272.6293029785156,0.06952463835477829,3
371.8524169921875,242.7555694580078,388.1091003417969,265.6103820800781,0.05494391918182373,1
