xmin,ymin,xmax,ymax,score,label
399.0594177246094,258.55548095703125,469.80255126953125,307.43896484375,0.8389159440994263,3
393.912109375,255.8929443359375,426.625244140625,285.5214538574219,0.605778694152832,3
389.50726318359375,254.7312469482422,471.55535888671875,307.4232482910156,0.5268182158470154,8
391.9773864746094,254.95066833496094,425.58673095703125,284.4505310058594,0.2853339910507202,8
406.6866760253906,256.21435546875,422.3385925292969,264.6329650878906,0.19824619591236115,3
391.5198059082031,254.81622314453125,446.621826171875,292.6434631347656,0.18108423054218292,8
405.23382568359375,256.3000183105469,425.2713623046875,274.97613525390625,0.0781450867652893,3
394.9523620605469,255.95596313476562,446.0088195800781,295.1643371582031,0.060335319489240646,3
391.716552734375,253.19241333007812,408.7647399902344,277.46417236328125,0.05678991228342056,1
