xmin,ymin,xmax,ymax,score,label
401.0512390136719,261.7971496582031,495.0658874511719,317.49456787109375,0.7881718873977661,8
420.42706298828125,265.08453369140625,494.6076965332031,318.9620361328125,0.45730194449424744,3
404.1368103027344,261.6103820800781,444.22064208984375,292.6784362792969,0.1744661182165146,8
405.1164245605469,261.1866149902344,445.7030944824219,288.6107177734375,0.15956692397594452,3
404.05096435546875,261.75921630859375,469.28070068359375,299.9251403808594,0.13722068071365356,8
404.7652587890625,262.3105773925781,466.03204345703125,298.0726013183594,0.13653719425201416,3
450.5406188964844,278.1385803222656,496.3003845214844,321.4337158203125,0.09224656969308853,3
464.9472351074219,289.3417663574219,498.0906982421875,319.7253112792969,0.05398121848702431,3
