xmin,ymin,xmax,ymax,score,label
417.0420837402344,267.4195861816406,526.5811157226562,339.5794677734375,0.6593260765075684,8
423.5063781738281,270.12994384765625,526.6591796875,340.1409912109375,0.20401521027088165,3
