xmin,ymin,xmax,ymax,score,label
437.17730712890625,274.87939453125,496.8992004394531,303.2477722167969,0.5438200831413269,8
437.5270690917969,275.4517517089844,495.17803955078125,302.5587158203125,0.16269449889659882,3
437.7840576171875,285.23828125,478.8560485839844,302.6015319824219,0.055113013833761215,3
427.36907958984375,270.7756042480469,567.60107421875,360.2496643066406,0.05336613580584526,8
