xmin,ymin,xmax,ymax,score,label
436.8491516113281,290.5380554199219,618.9559326171875,385.2523193359375,0.6507030725479126,8
455.8572998046875,282.955810546875,520.7320556640625,317.05816650390625,0.5065997242927551,3
455.956298828125,283.5449523925781,522.8027954101562,318.52447509765625,0.3571370542049408,8
438.67059326171875,302.74542236328125,618.5865478515625,385.7798767089844,0.09097830951213837,3
