xmin,ymin,xmax,ymax,score,label
551.7232666015625,321.156494140625,640.0,403.0790710449219,0.9787458181381226,3
481.5419006347656,292.6021728515625,571.762939453125,358.87591552734375,0.4876576066017151,8
482.7392272949219,293.0328063964844,564.4288940429688,351.44500732421875,0.424884557723999,3
584.0014038085938,323.9550476074219,639.682861328125,381.8130798339844,0.09013111889362335,3
534.9166259765625,320.3260803222656,640.0,403.8668518066406,0.08754543215036392,8
