xmin,ymin,xmax,ymax,score,label
515.1904907226562,308.6534423828125,622.2473754882812,375.2652893066406,0.12150628119707108,8
515.54931640625,310.37994384765625,615.7860107421875,367.0936279296875,0.05288001894950867,3
