xmin,ymin,xmax,ymax,score,label
564.4642944335938,328.6799621582031,639.8173828125,408.4094543457031,0.7841444611549377,3
