xmin,ymin,xmax,ymax,score,label
234.0361785888672,198.47203063964844,247.1219940185547,212.57054138183594,0.10791274160146713,3
