xmin,ymin,xmax,ymax,score,label
235.438720703125,199.1186065673828,246.85794067382812,211.9004669189453,0.0802733451128006,3
