xmin,ymin,xmax,ymax,score,label
236.30923461914062,199.51634216308594,246.7523651123047,212.03738403320312,0.06265361607074738,3
