xmin,ymin,xmax,ymax,score,label
234.20333862304688,198.77166748046875,246.82672119140625,212.2096405029297,0.11000831425189972,3
