xmin,ymin,xmax,ymax,score,label
236.85696411132812,199.5982666015625,247.25364685058594,211.0885772705078,0.060372792184352875,3
