xmin,ymin,xmax,ymax,score,label
235.8170928955078,199.12831115722656,247.37489318847656,212.30809020996094,0.07433547079563141,3
