xmin,ymin,xmax,ymax,score,label
235.90682983398438,198.56373596191406,247.3057098388672,212.06640625,0.09281162917613983,3
