xmin,ymin,xmax,ymax,score,label
232.91502380371094,198.32298278808594,247.19981384277344,212.49102783203125,0.054650887846946716,3
