xmin,ymin,xmax,ymax,score,label
233.52171325683594,198.35525512695312,247.69290161132812,212.54190063476562,0.07689785212278366,3
