xmin,ymin,xmax,ymax,score,label
233.421630859375,198.29904174804688,247.6928253173828,212.52047729492188,0.07994966953992844,3
