xmin,ymin,xmax,ymax,score,label
234.87193298339844,198.78773498535156,247.31820678710938,212.71231079101562,0.08617840707302094,3
