xmin,ymin,xmax,ymax,score,label
232.6486053466797,198.16978454589844,247.23355102539062,211.88504028320312,0.1878240704536438,3
236.77069091796875,199.6178436279297,246.95831298828125,213.262451171875,0.05841155722737312,1
