xmin,ymin,xmax,ymax,score,label
232.88999938964844,197.9635467529297,247.2618865966797,212.0634765625,0.07295148819684982,3
