xmin,ymin,xmax,ymax,score,label
233.2810821533203,199.20140075683594,247.33670043945312,212.3254852294922,0.07244806736707687,3
