xmin,ymin,xmax,ymax,score,label
235.42050170898438,199.05657958984375,247.4022216796875,212.72518920898438,0.05376405268907547,3
