xmin,ymin,xmax,ymax,score,label
236.97447204589844,199.65411376953125,247.0181121826172,211.0970001220703,0.05158179625868797,3
