xmin,ymin,xmax,ymax,score,label
238.42745971679688,199.86614990234375,246.5786590576172,211.25881958007812,0.0907362550497055,3
230.9576873779297,198.50001525878906,247.0478515625,212.3850555419922,0.0659293681383133,3
