xmin,ymin,xmax,ymax,score,label
234.8142852783203,198.5376739501953,247.4911346435547,211.69351196289062,0.15494313836097717,3
238.0818634033203,197.98854064941406,245.71360778808594,209.46058654785156,0.050598930567502975,3
