xmin,ymin,xmax,ymax,score,label
235.46932983398438,198.54443359375,247.41293334960938,211.7828826904297,0.14958150684833527,3
