xmin,ymin,xmax,ymax,score,label
232.8052978515625,198.4705352783203,247.02108764648438,212.0169677734375,0.08773075044155121,3
