xmin,ymin,xmax,ymax,score,label
232.9196319580078,198.571533203125,247.07908630371094,211.96812438964844,0.05691825598478317,3
