xmin,ymin,xmax,ymax,score,label
233.13479614257812,198.67906188964844,247.1455535888672,212.22607421875,0.05987931042909622,3
