xmin,ymin,xmax,ymax,score,label
237.88040161132812,199.4976348876953,247.13128662109375,211.65158081054688,0.06456548720598221,3
