xmin,ymin,xmax,ymax,score,label
235.53155517578125,198.14212036132812,248.03819274902344,211.89161682128906,0.050447288900613785,3
