xmin,ymin,xmax,ymax,score,label
236.3774871826172,198.74053955078125,246.88232421875,211.99609375,0.062093015760183334,3
