xmin,ymin,xmax,ymax,score,label
236.1066131591797,199.89891052246094,246.8673858642578,212.27294921875,0.06630949676036835,3
