xmin,ymin,xmax,ymax,score,label
234.85580444335938,198.99925231933594,247.36819458007812,212.5672607421875,0.05384744331240654,3
