xmin,ymin,xmax,ymax,score,label
234.82110595703125,198.8572235107422,247.54342651367188,212.57797241210938,0.08150086551904678,3
