xmin,ymin,xmax,ymax,score,label
233.79344177246094,198.8014373779297,247.33929443359375,212.4828643798828,0.1187005341053009,3
