xmin,ymin,xmax,ymax,score,label
236.73617553710938,198.60081481933594,248.56521606445312,211.794189453125,0.08860311657190323,3
