xmin,ymin,xmax,ymax,score,label
236.9893341064453,199.25389099121094,247.40025329589844,211.87840270996094,0.10151365399360657,3
