xmin,ymin,xmax,ymax,score,label
235.8239288330078,199.063232421875,247.889404296875,212.4503631591797,0.0759836733341217,3
