xmin,ymin,xmax,ymax,score,label
234.55052185058594,199.09226989746094,247.59608459472656,212.97869873046875,0.051317986100912094,3
