xmin,ymin,xmax,ymax,score,label
234.18504333496094,199.2085418701172,247.35650634765625,212.51918029785156,0.10008944571018219,3
