xmin,ymin,xmax,ymax,score,label
234.2779541015625,199.17410278320312,247.44024658203125,212.3484344482422,0.07178349047899246,3
