xmin,ymin,xmax,ymax,score,label
231.83010864257812,198.27671813964844,247.8707275390625,212.44790649414062,0.05181235447525978,3
