xmin,ymin,xmax,ymax,score,label
232.0119171142578,198.22454833984375,247.87539672851562,212.51885986328125,0.054367318749427795,3
