xmin,ymin,xmax,ymax,score,label
234.30197143554688,198.86817932128906,247.52813720703125,212.12088012695312,0.06681496649980545,3
