xmin,ymin,xmax,ymax,score,label
234.15805053710938,198.85791015625,247.6434783935547,212.1814422607422,0.051830362528562546,3
