xmin,ymin,xmax,ymax,score,label
236.91259765625,202.20114135742188,246.70053100585938,211.01089477539062,0.05925371125340462,3
