xmin,ymin,xmax,ymax,score,label
233.89852905273438,198.3933563232422,247.3184814453125,212.3903045654297,0.06943748146295547,3
