xmin,ymin,xmax,ymax,score,label
285.2294006347656,279.50872802734375,355.5514221191406,310.3728332519531,0.06254716217517853,3
