xmin,ymin,xmax,ymax,score,label
282.7087707519531,279.7330322265625,364.87255859375,309.0096740722656,0.0654837116599083,3
