xmin,ymin,xmax,ymax,score,label
233.50765991210938,198.0865020751953,247.2012176513672,212.83261108398438,0.0635669082403183,3
