xmin,ymin,xmax,ymax,score,label
236.94747924804688,198.6630401611328,246.8683319091797,212.0487823486328,0.14737987518310547,3
