xmin,ymin,xmax,ymax,score,label
237.2496795654297,198.65280151367188,246.9383544921875,212.02857971191406,0.1510377824306488,3
