xmin,ymin,xmax,ymax,score,label
235.3521270751953,198.9692840576172,247.1411590576172,212.3795166015625,0.10015274584293365,3
