xmin,ymin,xmax,ymax,score,label
234.85482788085938,198.0546875,247.50115966796875,212.2820587158203,0.06334813684225082,3
