xmin,ymin,xmax,ymax,score,label
232.8146209716797,197.97804260253906,247.4544219970703,212.21444702148438,0.09219449013471603,3
