xmin,ymin,xmax,ymax,score,label
232.60763549804688,197.85877990722656,247.25747680664062,212.31275939941406,0.06764300167560577,3
