xmin,ymin,xmax,ymax,score,label
234.61285400390625,198.3167266845703,247.54141235351562,212.0884552001953,0.0678257942199707,3
