xmin,ymin,xmax,ymax,score,label
238.14263916015625,199.959716796875,247.03317260742188,211.1389923095703,0.055597010999917984,3
