xmin,ymin,xmax,ymax,score,label
233.4919891357422,198.7688751220703,247.01927185058594,212.47877502441406,0.08341749012470245,3
