xmin,ymin,xmax,ymax,score,label
234.9188690185547,199.10638427734375,247.3772735595703,212.29991149902344,0.051964372396469116,3
