xmin,ymin,xmax,ymax,score,label
237.92230224609375,199.13633728027344,247.1761932373047,212.04531860351562,0.05011213570833206,3
