xmin,ymin,xmax,ymax,score,label
237.63169860839844,199.31851196289062,247.50564575195312,211.4591827392578,0.13996803760528564,3
