xmin,ymin,xmax,ymax,score,label
235.28775024414062,198.1927947998047,247.7401885986328,211.83566284179688,0.051335372030735016,3
