xmin,ymin,xmax,ymax,score,label
232.36074829101562,198.01438903808594,247.20094299316406,212.93209838867188,0.05721256881952286,3
