xmin,ymin,xmax,ymax,score,label
232.34115600585938,197.9832763671875,247.17877197265625,212.9513397216797,0.060876697301864624,3
