xmin,ymin,xmax,ymax,score,label
234.09783935546875,198.31700134277344,247.65029907226562,212.46669006347656,0.09132532775402069,3
