xmin,ymin,xmax,ymax,score,label
234.05401611328125,198.42642211914062,247.6405487060547,212.54052734375,0.07717546820640564,3
