xmin,ymin,xmax,ymax,score,label
233.43162536621094,199.2688751220703,247.27993774414062,212.57420349121094,0.11374885588884354,3
