xmin,ymin,xmax,ymax,score,label
234.1032257080078,198.08168029785156,247.47164916992188,212.6792755126953,0.15076711773872375,3
