xmin,ymin,xmax,ymax,score,label
234.64138793945312,198.08297729492188,247.62655639648438,212.54420471191406,0.12075189501047134,3
