xmin,ymin,xmax,ymax,score,label
236.29534912109375,199.4343719482422,247.1976318359375,212.07933044433594,0.06765487045049667,3
