xmin,ymin,xmax,ymax,score,label
235.34249877929688,198.38294982910156,246.97088623046875,212.14637756347656,0.16874024271965027,3
