xmin,ymin,xmax,ymax,score,label
236.62120056152344,199.2975616455078,247.55184936523438,211.62855529785156,0.05501973628997803,3
