xmin,ymin,xmax,ymax,score,label
232.60690307617188,197.94915771484375,247.7640380859375,213.1294403076172,0.08661582320928574,3
