xmin,ymin,xmax,ymax,score,label
234.65899658203125,198.00830078125,247.706298828125,212.4633026123047,0.08561227470636368,3
