xmin,ymin,xmax,ymax,score,label
236.94374084472656,198.79800415039062,247.1207275390625,212.0612030029297,0.058902934193611145,3
