xmin,ymin,xmax,ymax,score,label
233.63180541992188,197.95492553710938,247.43809509277344,212.63145446777344,0.2272759974002838,3
