xmin,ymin,xmax,ymax,score,label
233.65951538085938,197.94606018066406,247.50701904296875,212.66595458984375,0.17410889267921448,3
