xmin,ymin,xmax,ymax,score,label
234.4432830810547,198.6223907470703,247.67066955566406,212.99400329589844,0.13324619829654694,3
