xmin,ymin,xmax,ymax,score,label
233.9900665283203,199.38333129882812,247.64608764648438,212.6050567626953,0.05531071126461029,3
