xmin,ymin,xmax,ymax,score,label
232.0077667236328,199.52574157714844,247.4365997314453,212.5212860107422,0.05905286222696304,3
