xmin,ymin,xmax,ymax,score,label
235.34701538085938,198.05450439453125,247.2339630126953,211.66656494140625,0.06038133054971695,3
