xmin,ymin,xmax,ymax,score,label
235.73086547851562,198.2847442626953,247.3934783935547,211.53805541992188,0.0686635822057724,3
