xmin,ymin,xmax,ymax,score,label
235.91346740722656,198.17832946777344,247.5452117919922,211.65248107910156,0.07976341247558594,3
