xmin,ymin,xmax,ymax,score,label
238.0393829345703,199.38778686523438,247.0719451904297,211.02230834960938,0.17455336451530457,3
