xmin,ymin,xmax,ymax,score,label
237.99986267089844,199.27415466308594,247.05360412597656,210.67608642578125,0.05853018909692764,3
