xmin,ymin,xmax,ymax,score,label
235.76707458496094,198.50466918945312,247.38571166992188,211.81790161132812,0.11669342964887619,3
