xmin,ymin,xmax,ymax,score,label
238.3064727783203,199.7183380126953,246.835693359375,211.51820373535156,0.09076467901468277,3
