xmin,ymin,xmax,ymax,score,label
237.66510009765625,199.69883728027344,247.0000457763672,211.55844116210938,0.19071806967258453,3
