xmin,ymin,xmax,ymax,score,label
233.94329833984375,198.4034423828125,247.24766540527344,212.7252960205078,0.4785272181034088,3
239.22036743164062,199.449951171875,247.100830078125,211.43167114257812,0.1867397278547287,3
232.18186950683594,201.41627502441406,243.25125122070312,212.8326873779297,0.06987524777650833,3
238.046142578125,197.36056518554688,245.8427734375,207.0930938720703,0.0521896593272686,3
