xmin,ymin,xmax,ymax,score,label
238.0131072998047,200.3979034423828,246.74375915527344,211.50816345214844,0.2611607313156128,3
231.807373046875,198.37823486328125,246.80455017089844,212.802734375,0.2199740707874298,3
