xmin,ymin,xmax,ymax,score,label
237.67933654785156,200.66058349609375,246.7320098876953,211.59381103515625,0.2730325758457184,3
231.57437133789062,197.90182495117188,246.49122619628906,212.73890686035156,0.059052981436252594,3
