xmin,ymin,xmax,ymax,score,label
237.2281036376953,199.2787628173828,247.16744995117188,211.48167419433594,0.06489760428667068,3
