xmin,ymin,xmax,ymax,score,label
233.86611938476562,199.16461181640625,247.4410400390625,213.05540466308594,0.06605228036642075,3
