xmin,ymin,xmax,ymax,score,label
235.31040954589844,198.18833923339844,247.59043884277344,211.96446228027344,0.08403948694467545,3
