xmin,ymin,xmax,ymax,score,label
288.1495666503906,280.36505126953125,345.149658203125,309.1672668457031,0.07883495837450027,3
