xmin,ymin,xmax,ymax,score,label
232.7436981201172,198.7316436767578,247.27784729003906,212.4205780029297,0.07458201050758362,3
