xmin,ymin,xmax,ymax,score,label
232.94500732421875,198.83261108398438,247.27639770507812,212.67491149902344,0.08357658237218857,3
