xmin,ymin,xmax,ymax,score,label
236.64193725585938,197.88294982910156,247.5353240966797,211.3585205078125,0.07142681628465652,3
