xmin,ymin,xmax,ymax,score,label
236.802734375,198.02230834960938,247.50413513183594,211.2218780517578,0.10091827064752579,3
