xmin,ymin,xmax,ymax,score,label
237.98077392578125,199.23191833496094,247.2222442626953,211.41099548339844,0.16534018516540527,3
