xmin,ymin,xmax,ymax,score,label
237.84280395507812,199.2872772216797,247.25323486328125,211.3920135498047,0.11527721583843231,3
