xmin,ymin,xmax,ymax,score,label
237.7192840576172,199.33541870117188,247.1045684814453,211.3915252685547,0.11683352291584015,3
