xmin,ymin,xmax,ymax,score,label
233.10940551757812,198.87484741210938,246.83973693847656,212.6807861328125,0.13612093031406403,3
