xmin,ymin,xmax,ymax,score,label
233.3099822998047,199.12477111816406,246.80519104003906,212.80172729492188,0.10637053102254868,3
