xmin,ymin,xmax,ymax,score,label
234.67698669433594,198.17881774902344,247.18434143066406,212.1005096435547,0.09261582046747208,3
