xmin,ymin,xmax,ymax,score,label
234.76242065429688,198.76719665527344,247.25460815429688,212.2065887451172,0.07611704617738724,3
