xmin,ymin,xmax,ymax,score,label
233.43780517578125,198.2593994140625,247.17916870117188,212.33782958984375,0.09843804687261581,3
