xmin,ymin,xmax,ymax,score,label
237.8760528564453,199.53271484375,247.22628784179688,210.89132690429688,0.0551195852458477,3
