xmin,ymin,xmax,ymax,score,label
237.3866729736328,199.03549194335938,247.21954345703125,211.18069458007812,0.06780899316072464,3
