xmin,ymin,xmax,ymax,score,label
234.75323486328125,199.4125518798828,247.43283081054688,212.78900146484375,0.10953744500875473,3
