xmin,ymin,xmax,ymax,score,label
234.1015625,199.05795288085938,247.5854949951172,212.61032104492188,0.07284016907215118,3
