xmin,ymin,xmax,ymax,score,label
235.48362731933594,198.30250549316406,247.64393615722656,211.9737091064453,0.0962895080447197,3
