xmin,ymin,xmax,ymax,score,label
237.46670532226562,199.9473876953125,247.2433319091797,211.39247131347656,0.12343718111515045,3
