xmin,ymin,xmax,ymax,score,label
237.59127807617188,200.2438201904297,247.06895446777344,211.50216674804688,0.10503144562244415,3
