xmin,ymin,xmax,ymax,score,label
236.44903564453125,200.5292510986328,246.93243408203125,211.8546905517578,0.3818919360637665,3
237.41110229492188,198.18296813964844,246.33193969726562,206.7689971923828,0.09648040682077408,3
