xmin,ymin,xmax,ymax,score,label
236.24818420410156,198.6915283203125,247.3582763671875,210.77919006347656,0.3528476357460022,3
228.7204132080078,197.79933166503906,246.59906005859375,211.72991943359375,0.05308779701590538,3
