xmin,ymin,xmax,ymax,score,label
236.87265014648438,199.7000732421875,246.6417236328125,211.2114715576172,0.11604137718677521,3
