xmin,ymin,xmax,ymax,score,label
235.4849853515625,199.0557098388672,247.66221618652344,212.19908142089844,0.0639493316411972,3
