xmin,ymin,xmax,ymax,score,label
235.51548767089844,198.734375,247.7376251220703,212.09461975097656,0.08929344266653061,3
