xmin,ymin,xmax,ymax,score,label
232.8017120361328,197.99008178710938,247.67242431640625,212.6265411376953,0.060396671295166016,3
