xmin,ymin,xmax,ymax,score,label
236.8147430419922,199.0525360107422,247.94326782226562,211.95257568359375,0.07444306463003159,3
