xmin,ymin,xmax,ymax,score,label
231.47879028320312,198.11172485351562,247.1929473876953,212.2986297607422,0.05440544709563255,3
237.97830200195312,198.4759063720703,247.187744140625,209.57220458984375,0.05169815942645073,3
