xmin,ymin,xmax,ymax,score,label
235.2424774169922,198.29586791992188,247.26217651367188,212.0758819580078,0.0971771851181984,3
