xmin,ymin,xmax,ymax,score,label
232.77687072753906,198.2516632080078,247.1905975341797,211.9707794189453,0.10296154767274857,3
