xmin,ymin,xmax,ymax,score,label
232.81678771972656,198.2745819091797,247.1682586669922,211.96273803710938,0.12788255512714386,3
