xmin,ymin,xmax,ymax,score,label
233.17906188964844,198.29739379882812,247.46487426757812,212.13682556152344,0.07573645561933517,3
