xmin,ymin,xmax,ymax,score,label
233.22093200683594,198.32398986816406,247.51171875,212.1786651611328,0.0985000804066658,3
