xmin,ymin,xmax,ymax,score,label
233.12557983398438,198.5033721923828,247.53150939941406,212.9052734375,0.056422509253025055,3
