xmin,ymin,xmax,ymax,score,label
237.64450073242188,199.42662048339844,247.43545532226562,211.4704132080078,0.06402391940355301,3
