xmin,ymin,xmax,ymax,score,label
237.6202850341797,199.55889892578125,247.03688049316406,212.03688049316406,0.050531089305877686,3
