xmin,ymin,xmax,ymax,score,label
237.17105102539062,199.77757263183594,247.0824432373047,212.0635528564453,0.05343017727136612,3
