xmin,ymin,xmax,ymax,score,label
237.2135772705078,198.68292236328125,246.2884521484375,210.13539123535156,0.09948359429836273,3
