xmin,ymin,xmax,ymax,score,label
236.12942504882812,197.89613342285156,247.54885864257812,211.57254028320312,0.05733123794198036,3
