xmin,ymin,xmax,ymax,score,label
236.61227416992188,198.73101806640625,247.56619262695312,211.1363067626953,0.05116735026240349,3
