xmin,ymin,xmax,ymax,score,label
232.16656494140625,197.77503967285156,247.45399475097656,212.5342254638672,0.12284627556800842,3
238.5574951171875,199.03732299804688,247.1557159423828,210.89068603515625,0.0673089325428009,3
