xmin,ymin,xmax,ymax,score,label
237.0413818359375,197.20510864257812,246.98715209960938,209.0618438720703,0.1360415816307068,3
