xmin,ymin,xmax,ymax,score,label
237.82565307617188,199.24224853515625,246.59779357910156,211.20651245117188,0.05048559606075287,3
