xmin,ymin,xmax,ymax,score,label
237.36126708984375,199.1727752685547,246.80767822265625,211.68115234375,0.07267589867115021,3
