xmin,ymin,xmax,ymax,score,label
237.38572692871094,199.84300231933594,247.20037841796875,210.9913787841797,0.13729842007160187,3
