xmin,ymin,xmax,ymax,score,label
236.23550415039062,199.5894012451172,247.92160034179688,212.50074768066406,0.06440719962120056,3
