xmin,ymin,xmax,ymax,score,label
233.9499053955078,198.6097869873047,247.2614288330078,212.04405212402344,0.07659602165222168,3
236.0338897705078,197.85475158691406,244.7776641845703,206.09457397460938,0.06061236932873726,3
