xmin,ymin,xmax,ymax,score,label
237.98031616210938,199.23939514160156,247.24302673339844,211.46817016601562,0.07184731215238571,3
