xmin,ymin,xmax,ymax,score,label
236.2171630859375,199.1787872314453,247.2718963623047,211.4830780029297,0.05715935304760933,3
