xmin,ymin,xmax,ymax,score,label
236.9569549560547,199.3605499267578,247.20346069335938,211.00782775878906,0.06908231973648071,3
