xmin,ymin,xmax,ymax,score,label
236.9404296875,199.33860778808594,246.9762725830078,211.00413513183594,0.08069704473018646,3
