xmin,ymin,xmax,ymax,score,label
294.83184814453125,239.06686401367188,317.75701904296875,253.89163208007812,0.05654435604810715,3
