xmin,ymin,xmax,ymax,score,label
235.9927215576172,198.0059051513672,246.8286895751953,211.19187927246094,0.0511871799826622,3
