xmin,ymin,xmax,ymax,score,label
235.29568481445312,200.0573272705078,247.75401306152344,212.85153198242188,0.08178433775901794,3
