xmin,ymin,xmax,ymax,score,label
236.9329833984375,198.01695251464844,246.80575561523438,211.13047790527344,0.055853456258773804,3
