xmin,ymin,xmax,ymax,score,label
237.48997497558594,199.58169555664062,246.85655212402344,211.4548797607422,0.17122049629688263,3
