xmin,ymin,xmax,ymax,score,label
238.2104034423828,199.7232666015625,247.01889038085938,212.0624542236328,0.1629350334405899,3
