xmin,ymin,xmax,ymax,score,label
237.7542724609375,199.56100463867188,247.0032958984375,210.80577087402344,0.06391754001379013,3
