xmin,ymin,xmax,ymax,score,label
237.27601623535156,199.2490234375,246.61297607421875,210.80221557617188,0.06272286921739578,3
