xmin,ymin,xmax,ymax,score,label
237.8152313232422,199.46189880371094,247.109619140625,211.23390197753906,0.07817041128873825,3
