xmin,ymin,xmax,ymax,score,label
237.1304473876953,199.26065063476562,247.72650146484375,211.5723419189453,0.08123644441366196,3
