xmin,ymin,xmax,ymax,score,label
237.64906311035156,199.88345336914062,247.4653778076172,210.87501525878906,0.051780443638563156,3
