xmin,ymin,xmax,ymax,score,label
231.9669647216797,197.9906768798828,247.08004760742188,211.6033172607422,0.09704439342021942,3
