xmin,ymin,xmax,ymax,score,label
233.81015014648438,198.13766479492188,247.28704833984375,211.98194885253906,0.08131889253854752,3
