xmin,ymin,xmax,ymax,score,label
236.6847686767578,199.25067138671875,246.79571533203125,211.5823211669922,0.10391136258840561,3
236.16250610351562,197.98292541503906,244.19102478027344,206.2270965576172,0.051533497869968414,3
