xmin,ymin,xmax,ymax,score,label
233.86734008789062,198.05325317382812,247.6950225830078,212.131103515625,0.2494737058877945,3
237.5246124267578,198.0768280029297,246.07940673828125,209.3626708984375,0.0658145472407341,3
