xmin,ymin,xmax,ymax,score,label
232.7559051513672,198.53269958496094,247.3556365966797,212.06532287597656,0.11297354102134705,3
