xmin,ymin,xmax,ymax,score,label
235.3671112060547,198.9949493408203,247.41998291015625,212.3641357421875,0.07307442277669907,3
