xmin,ymin,xmax,ymax,score,label
236.58343505859375,199.64315795898438,247.2091827392578,211.22952270507812,0.18486648797988892,3
