xmin,ymin,xmax,ymax,score,label
233.82839965820312,198.6848907470703,247.48220825195312,212.2141571044922,0.12308212369680405,3
