xmin,ymin,xmax,ymax,score,label
235.10096740722656,198.5625457763672,247.55084228515625,212.23817443847656,0.08734767884016037,3
