xmin,ymin,xmax,ymax,score,label
238.21401977539062,201.23435974121094,246.89564514160156,211.70843505859375,0.052016712725162506,3
