xmin,ymin,xmax,ymax,score,label
233.22190856933594,198.8444366455078,247.72006225585938,212.72796630859375,0.08177608996629715,3
