xmin,ymin,xmax,ymax,score,label
234.83270263671875,198.16146850585938,247.25643920898438,211.89698791503906,0.05903763696551323,3
