xmin,ymin,xmax,ymax,score,label
238.32870483398438,199.68185424804688,247.00270080566406,211.52496337890625,0.13162875175476074,3
231.12782287597656,198.2033233642578,246.88255310058594,213.0341796875,0.06343333423137665,3
