xmin,ymin,xmax,ymax,score,label
237.46405029296875,200.0287628173828,247.37156677246094,212.0961151123047,0.06852887570858002,3
