xmin,ymin,xmax,ymax,score,label
236.95428466796875,198.77760314941406,246.82821655273438,211.23690795898438,0.11895670741796494,3
