xmin,ymin,xmax,ymax,score,label
236.55892944335938,198.57530212402344,247.1927947998047,210.89361572265625,0.16364610195159912,3
