xmin,ymin,xmax,ymax,score,label
236.17784118652344,197.47885131835938,246.8414764404297,210.47036743164062,0.1105588749051094,3
