xmin,ymin,xmax,ymax,score,label
236.3123321533203,198.51797485351562,247.21322631835938,211.01766967773438,0.07970532029867172,3
