xmin,ymin,xmax,ymax,score,label
237.15182495117188,199.22535705566406,246.4915008544922,210.53138732910156,0.055720578879117966,3
