xmin,ymin,xmax,ymax,score,label
236.36346435546875,201.3722381591797,247.21327209472656,211.6767578125,0.08302175253629684,3
