xmin,ymin,xmax,ymax,score,label
232.75726318359375,197.763671875,247.3262176513672,211.4915008544922,0.05057666078209877,3
