xmin,ymin,xmax,ymax,score,label
234.168701171875,198.37149047851562,247.91140747070312,212.08843994140625,0.06192697957158089,3
