xmin,ymin,xmax,ymax,score,label
234.60853576660156,198.61851501464844,247.6253662109375,212.3491973876953,0.2954981029033661,3
