xmin,ymin,xmax,ymax,score,label
237.50772094726562,199.8260498046875,247.52613830566406,212.07298278808594,0.3081047236919403,3
