xmin,ymin,xmax,ymax,score,label
238.14918518066406,199.2246856689453,246.79551696777344,211.67713928222656,0.06059088930487633,3
