xmin,ymin,xmax,ymax,score,label
232.76780700683594,197.3568115234375,246.91925048828125,211.57528686523438,0.15944668650627136,3
237.22772216796875,199.25933837890625,245.5610809326172,210.7596435546875,0.0740911141037941,3
238.07537841796875,198.66957092285156,246.051025390625,211.91322326660156,0.07201173901557922,1
