xmin,ymin,xmax,ymax,score,label
237.53762817382812,197.27333068847656,245.7205352783203,210.3647918701172,0.05480888858437538,3
