xmin,ymin,xmax,ymax,score,label
237.71034240722656,198.8956756591797,247.05517578125,211.160400390625,0.09681981801986694,3
