xmin,ymin,xmax,ymax,score,label
237.96302795410156,199.1890411376953,248.04371643066406,210.47862243652344,0.08517629653215408,3
