xmin,ymin,xmax,ymax,score,label
236.07159423828125,198.58970642089844,247.21658325195312,211.07452392578125,0.057287029922008514,3
