xmin,ymin,xmax,ymax,score,label
236.6327667236328,198.9664764404297,247.1161651611328,210.3091583251953,0.07413776963949203,3
