xmin,ymin,xmax,ymax,score,label
235.64779663085938,198.74557495117188,247.53701782226562,212.2442626953125,0.05976196378469467,3
