xmin,ymin,xmax,ymax,score,label
234.58419799804688,199.0504913330078,247.77743530273438,212.85693359375,0.056519098579883575,3
