xmin,ymin,xmax,ymax,score,label
237.0133819580078,198.44772338867188,246.96788024902344,211.03109741210938,0.11265578120946884,3
