xmin,ymin,xmax,ymax,score,label
236.9566650390625,198.7226104736328,247.1615447998047,211.3712921142578,0.05408300459384918,3
