xmin,ymin,xmax,ymax,score,label
236.48101806640625,198.94578552246094,247.60885620117188,211.5565185546875,0.11921925842761993,3
