xmin,ymin,xmax,ymax,score,label
236.2455596923828,199.2444610595703,247.29119873046875,211.78004455566406,0.0722736343741417,3
