xmin,ymin,xmax,ymax,score,label
234.84934997558594,199.0225372314453,247.64788818359375,212.30142211914062,0.09807877987623215,3
