xmin,ymin,xmax,ymax,score,label
234.412841796875,198.87527465820312,247.752685546875,212.46104431152344,0.08665072172880173,3
