xmin,ymin,xmax,ymax,score,label
232.61502075195312,198.1862335205078,247.85731506347656,211.75848388671875,0.06617871671915054,3
