xmin,ymin,xmax,ymax,score,label
234.23573303222656,198.79959106445312,247.56407165527344,212.5968475341797,0.07121741771697998,3
