xmin,ymin,xmax,ymax,score,label
233.998779296875,197.62144470214844,247.30494689941406,211.29534912109375,0.18636231124401093,3
