xmin,ymin,xmax,ymax,score,label
234.4722137451172,198.499267578125,247.6860809326172,212.53807067871094,0.17209428548812866,3
