xmin,ymin,xmax,ymax,score,label
237.60543823242188,199.37440490722656,246.85890197753906,210.50094604492188,0.10044898092746735,3
