xmin,ymin,xmax,ymax,score,label
236.2557373046875,198.11822509765625,247.32977294921875,210.51808166503906,0.05317346379160881,3
