xmin,ymin,xmax,ymax,score,label
236.98544311523438,199.90408325195312,246.62075805664062,211.60906982421875,0.056365642696619034,3
