xmin,ymin,xmax,ymax,score,label
237.24400329589844,199.46234130859375,246.3831329345703,211.513427734375,0.07970878481864929,3
