xmin,ymin,xmax,ymax,score,label
237.5844268798828,198.8765106201172,247.72804260253906,210.53758239746094,0.05455974489450455,3
