xmin,ymin,xmax,ymax,score,label
235.38597106933594,198.48439025878906,246.9156036376953,211.1548614501953,0.05532926321029663,3
