xmin,ymin,xmax,ymax,score,label
236.48504638671875,197.31103515625,246.56207275390625,209.84039306640625,0.278980553150177,3
