xmin,ymin,xmax,ymax,score,label
236.7568817138672,199.2435760498047,246.4868927001953,211.6698455810547,0.0729437842965126,3
