xmin,ymin,xmax,ymax,score,label
235.63497924804688,197.7512664794922,247.20213317871094,211.60157775878906,0.08478999882936478,3
