xmin,ymin,xmax,ymax,score,label
236.42178344726562,198.34962463378906,246.28346252441406,209.8078155517578,0.10065759718418121,3
