xmin,ymin,xmax,ymax,score,label
235.8833465576172,198.3726043701172,247.0249481201172,211.52896118164062,0.129215806722641,3
