xmin,ymin,xmax,ymax,score,label
235.73960876464844,198.07308959960938,247.39540100097656,212.1587677001953,0.18409913778305054,3
