xmin,ymin,xmax,ymax,score,label
238.0932159423828,199.61265563964844,247.59803771972656,211.76869201660156,0.08176872134208679,3
