xmin,ymin,xmax,ymax,score,label
237.1707000732422,198.11495971679688,246.81947326660156,209.65811157226562,0.15635958313941956,3
237.34127807617188,197.6614227294922,245.2296600341797,204.8565216064453,0.07978347688913345,3
