xmin,ymin,xmax,ymax,score,label
231.41238403320312,196.50453186035156,247.29539489746094,210.6301727294922,0.14614231884479523,3
237.8491668701172,197.2708282470703,246.89279174804688,208.5303192138672,0.10808350145816803,3
