xmin,ymin,xmax,ymax,score,label
238.47494506835938,198.14833068847656,246.12745666503906,209.15977478027344,0.056924935430288315,3
