xmin,ymin,xmax,ymax,score,label
232.73019409179688,198.2968292236328,247.32484436035156,212.21580505371094,0.07710789889097214,3
