xmin,ymin,xmax,ymax,score,label
294.71026611328125,238.60926818847656,318.77996826171875,255.3352508544922,0.07359343022108078,3
