xmin,ymin,xmax,ymax,score,label
237.3213348388672,198.0697021484375,246.98098754882812,210.30384826660156,0.07711765915155411,3
