xmin,ymin,xmax,ymax,score,label
236.42840576171875,199.44595336914062,247.60255432128906,212.17083740234375,0.08008479326963425,3
