xmin,ymin,xmax,ymax,score,label
237.22674560546875,198.78440856933594,247.215087890625,211.08255004882812,0.06016825512051582,3
