xmin,ymin,xmax,ymax,score,label
238.0031280517578,200.1787872314453,247.59849548339844,211.52798461914062,0.05760044604539871,3
