xmin,ymin,xmax,ymax,score,label
235.43954467773438,198.712890625,247.03945922851562,210.74644470214844,0.055109117180109024,3
