xmin,ymin,xmax,ymax,score,label
238.31045532226562,200.25088500976562,247.4332275390625,212.05767822265625,0.07942389696836472,3
