xmin,ymin,xmax,ymax,score,label
234.05714416503906,198.5242919921875,247.62733459472656,213.1515350341797,0.08947087824344635,3
