xmin,ymin,xmax,ymax,score,label
232.46148681640625,198.23243713378906,247.6146240234375,212.93727111816406,0.22630785405635834,3
229.3325653076172,195.5238037109375,238.60052490234375,206.49606323242188,0.06407385319471359,1
