xmin,ymin,xmax,ymax,score,label
231.89553833007812,198.25148010253906,247.32347106933594,212.57911682128906,0.09935075044631958,3
