xmin,ymin,xmax,ymax,score,label
236.5766143798828,198.50550842285156,247.3363494873047,210.427978515625,0.11762307584285736,3
