xmin,ymin,xmax,ymax,score,label
234.93881225585938,198.2161865234375,247.89788818359375,211.6897430419922,0.09143843501806259,3
