xmin,ymin,xmax,ymax,score,label
237.8960418701172,199.73435974121094,247.3931427001953,211.8217010498047,0.07116096466779709,3
