xmin,ymin,xmax,ymax,score,label
233.56405639648438,197.7228240966797,247.21995544433594,211.60745239257812,0.2083069533109665,3
