xmin,ymin,xmax,ymax,score,label
231.90615844726562,197.87643432617188,247.1371307373047,211.6248321533203,0.07143615186214447,3
