xmin,ymin,xmax,ymax,score,label
237.13211059570312,199.8693084716797,246.6993408203125,210.6776580810547,0.05917440354824066,3
