xmin,ymin,xmax,ymax,score,label
237.41311645507812,200.05859375,246.885986328125,211.51011657714844,0.17737513780593872,3
