xmin,ymin,xmax,ymax,score,label
234.57229614257812,198.51438903808594,247.07034301757812,212.3282012939453,0.10060068964958191,3
