xmin,ymin,xmax,ymax,score,label
236.9781494140625,198.5005645751953,247.75552368164062,211.7200164794922,0.07733643054962158,3
