xmin,ymin,xmax,ymax,score,label
237.63461303710938,199.27169799804688,247.03053283691406,211.43963623046875,0.21093393862247467,3
