xmin,ymin,xmax,ymax,score,label
237.77606201171875,199.27781677246094,246.951171875,210.7748260498047,0.19422747194766998,3
