xmin,ymin,xmax,ymax,score,label
237.79293823242188,197.95091247558594,246.93560791015625,210.3916473388672,0.17766150832176208,3
