xmin,ymin,xmax,ymax,score,label
237.889892578125,199.80601501464844,246.9667205810547,211.89453125,0.16369131207466125,3
