xmin,ymin,xmax,ymax,score,label
237.45034790039062,199.6471405029297,247.11460876464844,212.30624389648438,0.0673617422580719,3
