xmin,ymin,xmax,ymax,score,label
233.47708129882812,198.3112030029297,247.2869110107422,211.73919677734375,0.05671825632452965,3
