xmin,ymin,xmax,ymax,score,label
234.58712768554688,198.68038940429688,247.2261962890625,212.73106384277344,0.066916823387146,3
