xmin,ymin,xmax,ymax,score,label
234.7615966796875,198.6874542236328,247.3905487060547,212.74058532714844,0.06687614321708679,3
