xmin,ymin,xmax,ymax,score,label
236.83164978027344,199.20127868652344,247.6366424560547,212.3045196533203,0.0669170394539833,3
