xmin,ymin,xmax,ymax,score,label
230.97340393066406,198.31307983398438,247.254150390625,213.84335327148438,0.08963698148727417,3
