xmin,ymin,xmax,ymax,score,label
237.2791290283203,199.7257537841797,246.7384490966797,211.30926513671875,0.07990087568759918,3
