xmin,ymin,xmax,ymax,score,label
237.39263916015625,199.1831817626953,246.94287109375,211.57261657714844,0.08249592036008835,3
