xmin,ymin,xmax,ymax,score,label
231.30697631835938,198.21969604492188,246.84906005859375,212.1768035888672,0.05128586292266846,3
