xmin,ymin,xmax,ymax,score,label
235.4947967529297,198.19558715820312,247.00083923339844,211.44139099121094,0.08004765957593918,3
