xmin,ymin,xmax,ymax,score,label
236.65765380859375,197.28271484375,246.60440063476562,210.15806579589844,0.21994279325008392,3
231.68836975097656,195.98141479492188,240.658935546875,205.7132110595703,0.09174107760190964,3
234.58389282226562,195.8468475341797,242.30870056152344,204.26058959960938,0.06903142482042313,3
230.4677734375,195.90496826171875,245.52490234375,210.39022827148438,0.06759664416313171,3
