xmin,ymin,xmax,ymax,score,label
235.86648559570312,197.9582977294922,246.9590301513672,210.3966827392578,0.18278051912784576,3
231.6808624267578,195.84140014648438,240.70587158203125,205.22283935546875,0.12055036425590515,3
231.12046813964844,195.7882080078125,244.9796600341797,209.63116455078125,0.07361625880002975,3
236.23756408691406,196.23216247558594,244.45310974121094,204.1309356689453,0.05652893707156181,3
