xmin,ymin,xmax,ymax,score,label
236.6839141845703,199.1211700439453,247.4250030517578,211.91741943359375,0.06257200241088867,3
