xmin,ymin,xmax,ymax,score,label
235.37721252441406,197.32675170898438,246.7928009033203,210.54319763183594,0.1151294857263565,3
