xmin,ymin,xmax,ymax,score,label
235.8592529296875,197.8058319091797,246.93316650390625,210.9773406982422,0.08267746865749359,3
