xmin,ymin,xmax,ymax,score,label
237.26927185058594,199.848388671875,247.36334228515625,212.1068572998047,0.10814221948385239,3
