xmin,ymin,xmax,ymax,score,label
238.0616455078125,199.55686950683594,247.0249786376953,210.91445922851562,0.06549566984176636,3
