xmin,ymin,xmax,ymax,score,label
236.93833923339844,197.97633361816406,246.99403381347656,209.95091247558594,0.08447336405515671,3
