xmin,ymin,xmax,ymax,score,label
237.40699768066406,198.64602661132812,246.3778076171875,209.3754119873047,0.06760826706886292,3
