xmin,ymin,xmax,ymax,score,label
236.86671447753906,198.04071044921875,247.38369750976562,210.70281982421875,0.05571101978421211,3
