xmin,ymin,xmax,ymax,score,label
294.13262939453125,238.46083068847656,319.424072265625,255.0711212158203,0.05119021236896515,3
