xmin,ymin,xmax,ymax,score,label
236.8488006591797,200.76683044433594,247.14569091796875,211.71202087402344,0.07289238274097443,3
