xmin,ymin,xmax,ymax,score,label
237.72080993652344,199.04750061035156,247.95138549804688,210.4082794189453,0.06124155968427658,3
