xmin,ymin,xmax,ymax,score,label
237.919677734375,199.23159790039062,247.91917419433594,210.4181365966797,0.0750390887260437,3
