xmin,ymin,xmax,ymax,score,label
237.17532348632812,199.27072143554688,247.1346435546875,212.0035858154297,0.07620611786842346,3
