xmin,ymin,xmax,ymax,score,label
235.17373657226562,198.63792419433594,247.6404571533203,212.4453582763672,0.053605202585458755,3
