xmin,ymin,xmax,ymax,score,label
238.6062469482422,199.6366729736328,246.48162841796875,209.3676300048828,0.14966335892677307,3
232.17982482910156,198.17388916015625,246.9779510498047,211.452880859375,0.10201190412044525,3
237.3131866455078,197.92691040039062,246.08935546875,205.6091766357422,0.07261312752962112,3
