xmin,ymin,xmax,ymax,score,label
235.59295654296875,198.16590881347656,247.13636779785156,210.95899963378906,0.21042293310165405,3
237.46185302734375,197.9502410888672,246.0377960205078,205.51553344726562,0.10731594264507294,3
239.3287353515625,200.5055694580078,246.25537109375,210.15428161621094,0.10591442137956619,3
