xmin,ymin,xmax,ymax,score,label
236.84580993652344,199.0478057861328,247.29319763183594,211.34934997558594,0.10982826352119446,3
