xmin,ymin,xmax,ymax,score,label
233.61097717285156,198.57533264160156,247.51953125,212.10272216796875,0.05086739361286163,3
