xmin,ymin,xmax,ymax,score,label
234.7459716796875,198.69932556152344,247.31687927246094,212.4742431640625,0.10698714107275009,3
