xmin,ymin,xmax,ymax,score,label
237.35372924804688,198.55604553222656,246.99217224121094,211.05361938476562,0.12923063337802887,3
