xmin,ymin,xmax,ymax,score,label
233.4889373779297,198.5953369140625,247.322998046875,212.65377807617188,0.20507147908210754,3
235.980224609375,198.5081024169922,245.6798553466797,208.04010009765625,0.050020065158605576,3
