xmin,ymin,xmax,ymax,score,label
232.36082458496094,197.7027587890625,247.3477783203125,212.35708618164062,0.22326026856899261,3
236.515625,197.8142852783203,245.56996154785156,207.79173278808594,0.06165600195527077,3
