xmin,ymin,xmax,ymax,score,label
236.69927978515625,199.32342529296875,247.11485290527344,211.9618377685547,0.05956206098198891,3
