xmin,ymin,xmax,ymax,score,label
232.15318298339844,197.82066345214844,247.32606506347656,211.72337341308594,0.15180405974388123,3
237.60205078125,199.14242553710938,246.61199951171875,210.1280975341797,0.14958994090557098,3
