xmin,ymin,xmax,ymax,score,label
234.113525390625,198.59226989746094,247.24383544921875,212.66165161132812,0.05832358077168465,3
