xmin,ymin,xmax,ymax,score,label
237.3395538330078,199.6007537841797,246.6705780029297,210.02333068847656,0.053534481674432755,3
