xmin,ymin,xmax,ymax,score,label
234.06459045410156,198.48287963867188,247.14344787597656,211.81317138671875,0.05170359089970589,3
