xmin,ymin,xmax,ymax,score,label
237.81690979003906,199.0529327392578,247.29107666015625,211.00401306152344,0.16847680509090424,3
