xmin,ymin,xmax,ymax,score,label
237.5252685546875,199.05686950683594,248.06114196777344,211.7609100341797,0.09733739495277405,3
