xmin,ymin,xmax,ymax,score,label
237.403564453125,199.2312774658203,247.4379119873047,211.87933349609375,0.14518553018569946,3
