xmin,ymin,xmax,ymax,score,label
236.91744995117188,198.8120880126953,247.0716552734375,210.6493682861328,0.14000357687473297,3
