xmin,ymin,xmax,ymax,score,label
235.4718475341797,198.17822265625,247.44219970703125,211.7583465576172,0.05004758760333061,3
