xmin,ymin,xmax,ymax,score,label
236.48121643066406,199.30735778808594,248.39385986328125,212.8087921142578,0.09909619390964508,3
