xmin,ymin,xmax,ymax,score,label
236.4505157470703,199.29139709472656,248.42379760742188,212.86968994140625,0.10280085355043411,3
