xmin,ymin,xmax,ymax,score,label
237.3938446044922,199.40847778320312,246.77731323242188,210.14866638183594,0.05633397772908211,3
