xmin,ymin,xmax,ymax,score,label
236.11416625976562,198.33412170410156,247.34793090820312,211.39291381835938,0.13875652849674225,3
