xmin,ymin,xmax,ymax,score,label
237.5053253173828,198.9136199951172,246.9053192138672,211.26853942871094,0.1099979430437088,3
