xmin,ymin,xmax,ymax,score,label
237.27371215820312,199.56175231933594,246.64662170410156,210.86236572265625,0.10426755249500275,3
