xmin,ymin,xmax,ymax,score,label
237.77122497558594,198.18911743164062,247.1280059814453,210.9515380859375,0.11041217297315598,3
