xmin,ymin,xmax,ymax,score,label
237.60855102539062,198.82998657226562,247.25128173828125,211.00906372070312,0.2714279890060425,3
