xmin,ymin,xmax,ymax,score,label
237.68287658691406,199.626953125,246.9378204345703,211.11228942871094,0.0562397837638855,3
