xmin,ymin,xmax,ymax,score,label
236.8888702392578,199.40692138671875,247.2397003173828,211.6902618408203,0.054677337408065796,3
