xmin,ymin,xmax,ymax,score,label
235.9414825439453,198.6643524169922,247.10946655273438,211.54798889160156,0.1067667156457901,3
