xmin,ymin,xmax,ymax,score,label
236.41600036621094,198.87567138671875,247.43231201171875,211.6563262939453,0.0616997554898262,3
