xmin,ymin,xmax,ymax,score,label
236.51373291015625,199.86720275878906,247.1695098876953,211.53941345214844,0.09872807562351227,3
