xmin,ymin,xmax,ymax,score,label
237.13613891601562,199.41026306152344,246.68692016601562,210.69290161132812,0.10848947614431381,3
