xmin,ymin,xmax,ymax,score,label
233.63050842285156,198.0107879638672,247.3186492919922,211.51902770996094,0.06580524891614914,3
