xmin,ymin,xmax,ymax,score,label
237.8263702392578,199.56338500976562,246.9368438720703,211.09646606445312,0.0946507528424263,3
