xmin,ymin,xmax,ymax,score,label
237.1927032470703,199.51976013183594,247.41928100585938,211.5665283203125,0.06073249131441116,3
