xmin,ymin,xmax,ymax,score,label
235.21597290039062,198.01185607910156,247.52821350097656,211.63706970214844,0.05054619535803795,3
