xmin,ymin,xmax,ymax,score,label
233.65098571777344,198.6223907470703,247.3677215576172,213.03538513183594,0.07980653643608093,3
