xmin,ymin,xmax,ymax,score,label
235.62689208984375,199.43814086914062,247.03643798828125,211.50442504882812,0.05045964568853378,3
