xmin,ymin,xmax,ymax,score,label
238.64236450195312,199.76365661621094,246.80264282226562,211.52658081054688,0.08317989856004715,3
