xmin,ymin,xmax,ymax,score,label
237.95953369140625,199.4414825439453,247.0826873779297,211.435302734375,0.06136959046125412,3
