xmin,ymin,xmax,ymax,score,label
238.2498779296875,199.68728637695312,247.03744506835938,211.50868225097656,0.06521034985780716,3
