xmin,ymin,xmax,ymax,score,label
236.3968505859375,198.378173828125,247.64271545410156,211.53225708007812,0.06739969551563263,3
