xmin,ymin,xmax,ymax,score,label
237.77711486816406,199.22837829589844,246.9412384033203,210.90145874023438,0.1313970386981964,3
