xmin,ymin,xmax,ymax,score,label
233.91856384277344,198.43251037597656,247.3372344970703,212.25587463378906,0.06172486022114754,3
