xmin,ymin,xmax,ymax,score,label
235.50009155273438,198.09442138671875,247.4722442626953,211.92349243164062,0.05915077030658722,3
