xmin,ymin,xmax,ymax,score,label
238.06668090820312,199.4887237548828,246.95648193359375,211.2294464111328,0.1080249771475792,3
