xmin,ymin,xmax,ymax,score,label
234.50343322753906,199.03909301757812,247.3994903564453,212.43699645996094,0.05491940304636955,3
