xmin,ymin,xmax,ymax,score,label
237.01197814941406,198.7865447998047,246.9346160888672,211.7793426513672,0.06419111043214798,3
