xmin,ymin,xmax,ymax,score,label
236.48291015625,199.71600341796875,246.91329956054688,212.1855926513672,0.059767697006464005,3
