xmin,ymin,xmax,ymax,score,label
233.21652221679688,198.4517822265625,247.39151000976562,211.96438598632812,0.05082709714770317,3
