xmin,ymin,xmax,ymax,score,label
234.70521545410156,198.5449676513672,247.3472442626953,212.24630737304688,0.08804180473089218,3
