xmin,ymin,xmax,ymax,score,label
237.370361328125,199.08029174804688,246.43072509765625,211.3044891357422,0.09406335651874542,3
