xmin,ymin,xmax,ymax,score,label
237.36306762695312,199.58592224121094,247.057373046875,210.7340850830078,0.08223151415586472,3
