xmin,ymin,xmax,ymax,score,label
237.1960906982422,199.83131408691406,247.087890625,211.67506408691406,0.21196264028549194,3
