xmin,ymin,xmax,ymax,score,label
232.75836181640625,198.47091674804688,247.51112365722656,212.43344116210938,0.2429443895816803,3
237.80897521972656,200.2499542236328,246.4322967529297,211.4764862060547,0.13197208940982819,3
