xmin,ymin,xmax,ymax,score,label
234.586669921875,201.0288543701172,246.80606079101562,212.57101440429688,0.19037997722625732,3
