xmin,ymin,xmax,ymax,score,label
236.69708251953125,198.9110107421875,246.3828125,211.08580017089844,0.07337600737810135,3
