xmin,ymin,xmax,ymax,score,label
236.69091796875,199.2042694091797,246.44935607910156,210.94430541992188,0.054132379591464996,3
