xmin,ymin,xmax,ymax,score,label
234.66485595703125,198.3366241455078,247.40911865234375,212.2947540283203,0.11048141866922379,3
