xmin,ymin,xmax,ymax,score,label
234.4356689453125,198.22332763671875,247.3152618408203,212.36851501464844,0.07585614919662476,3
