xmin,ymin,xmax,ymax,score,label
236.84286499023438,199.8553009033203,246.9404754638672,211.759033203125,0.07517409324645996,3
