xmin,ymin,xmax,ymax,score,label
604.8385620117188,393.9425964355469,639.8313598632812,456.5224304199219,0.11706282198429108,3
