xmin,ymin,xmax,ymax,score,label
523.6568603515625,357.3305969238281,638.0354614257812,453.026123046875,0.5651007294654846,3
518.9488525390625,350.231689453125,639.03759765625,463.3664245605469,0.27898362278938293,8
