xmin,ymin,xmax,ymax,score,label
490.7115478515625,327.089111328125,637.7516479492188,443.7869873046875,0.7160415649414062,8
494.34197998046875,327.959228515625,639.5964965820312,437.5929870605469,0.3127189874649048,3
