xmin,ymin,xmax,ymax,score,label
449.70843505859375,302.8880920410156,603.7953491210938,398.2615966796875,0.8985010385513306,8
443.1025695800781,308.1220703125,638.7481079101562,450.6277770996094,0.346510112285614,8
454.385986328125,304.2950134277344,600.7915649414062,394.613037109375,0.09478889405727386,3
