xmin,ymin,xmax,ymax,score,label
428.4761962890625,289.09967041015625,549.9861450195312,365.93292236328125,0.8698819279670715,8
424.6343688964844,291.96148681640625,615.3941650390625,395.1604919433594,0.16796399652957916,8
427.410400390625,290.9231872558594,551.8216552734375,362.7100524902344,0.06911672651767731,3
234.43478393554688,198.3002166748047,247.77679443359375,212.49615478515625,0.057234250009059906,3
