xmin,ymin,xmax,ymax,score,label
411.6963195800781,277.7730712890625,565.8539428710938,368.22503662109375,0.9570037722587585,8
410.8166809082031,277.1023254394531,502.0608825683594,338.30108642578125,0.46213796734809875,8
457.4777526855469,315.5184631347656,560.2603759765625,372.1025085449219,0.30166810750961304,8
458.05926513671875,316.7041320800781,560.232421875,372.5689697265625,0.09087856858968735,3
237.6433868408203,199.9567108154297,246.92945861816406,211.62913513183594,0.05730769783258438,3
