xmin,ymin,xmax,ymax,score,label
393.35137939453125,264.90313720703125,516.1533203125,350.8224792480469,0.951336681842804,8
425.45196533203125,297.9383544921875,518.3963623046875,353.63214111328125,0.40944841504096985,8
394.6195373535156,265.5355224609375,483.9485778808594,320.61614990234375,0.25753456354141235,8
237.67913818359375,199.4961395263672,247.02261352539062,211.13612365722656,0.10449081659317017,3
