xmin,ymin,xmax,ymax,score,label
380.5599670410156,258.74053955078125,482.7928161621094,332.07708740234375,0.742011547088623,8
381.37042236328125,258.23114013671875,458.18963623046875,307.5838317871094,0.38461390137672424,8
412.6958312988281,283.26593017578125,485.249755859375,338.48211669921875,0.0989854633808136,8
237.80084228515625,198.88917541503906,246.83407592773438,209.4274444580078,0.06426484882831573,3
