xmin,ymin,xmax,ymax,score,label
378.90484619140625,255.06468200683594,457.39849853515625,311.2043762207031,0.9617838859558105,8
395.18896484375,275.3390808105469,458.6976318359375,313.39105224609375,0.810315728187561,8
371.27081298828125,252.45956420898438,435.7279052734375,296.62890625,0.46070921421051025,8
399.4670104980469,283.3609924316406,459.5712890625,314.76275634765625,0.1881648451089859,3
234.70245361328125,198.4806671142578,247.25689697265625,211.74127197265625,0.1535416692495346,3
