xmin,ymin,xmax,ymax,score,label
357.95526123046875,248.81886291503906,418.9595947265625,287.3689880371094,0.8996888399124146,8
380.9258117675781,273.58917236328125,438.5024108886719,302.27117919921875,0.6146887540817261,8
365.0766906738281,251.98834228515625,436.36737060546875,302.60107421875,0.3096439838409424,8
237.1233673095703,199.18504333496094,247.2947540283203,211.495849609375,0.30033865571022034,3
362.5494689941406,248.8367462158203,419.2032775878906,285.3294982910156,0.13123875856399536,3
