xmin,ymin,xmax,ymax,score,label
351.1374206542969,244.9853973388672,415.7657775878906,286.7866516113281,0.7348097562789917,8
354.0262451171875,245.05580139160156,404.8598327636719,278.18896484375,0.4170391261577606,3
365.99224853515625,265.17315673828125,419.8589172363281,290.4637756347656,0.05397018417716026,8
