xmin,ymin,xmax,ymax,score,label
345.2259826660156,241.72560119628906,397.0201416015625,270.11962890625,0.860526978969574,8
365.3540954589844,262.6952819824219,404.71435546875,282.7625427246094,0.5086858868598938,3
339.6661071777344,248.2853546142578,406.6826171875,282.30938720703125,0.3154958486557007,8
358.39556884765625,259.28033447265625,405.66583251953125,282.28424072265625,0.30263814330101013,8
370.1682434082031,271.17138671875,398.14300537109375,283.0242614746094,0.19365599751472473,3
345.436279296875,241.22947692871094,395.31512451171875,269.0782775878906,0.1863320767879486,3
368.8022766113281,266.5463562011719,403.3345642089844,282.7307434082031,0.06844212114810944,8
295.2694091796875,238.81336975097656,317.02252197265625,255.76223754882812,0.054588522762060165,3
