xmin,ymin,xmax,ymax,score,label
337.67572021484375,237.8102569580078,385.38458251953125,267.3127136230469,0.6226712465286255,8
338.43939208984375,238.1359100341797,383.2100830078125,266.7337951660156,0.4081208407878876,3
358.5999450683594,257.53668212890625,392.3148498535156,275.5361633300781,0.31316062808036804,3
342.03759765625,239.5833282470703,351.3817443847656,256.6512451171875,0.10457170754671097,1
341.3755187988281,245.73329162597656,391.3339538574219,275.1472473144531,0.09617210179567337,3
352.91180419921875,254.5892791748047,392.0019226074219,274.8877258300781,0.08553396165370941,8
234.86705017089844,198.55296325683594,247.24147033691406,212.77447509765625,0.05868744105100632,3
