xmin,ymin,xmax,ymax,score,label
332.4443054199219,233.95590209960938,373.73321533203125,259.1221618652344,0.4923921823501587,3
332.42584228515625,233.76914978027344,373.45721435546875,259.7304382324219,0.46896103024482727,8
346.2934265136719,252.36964416503906,382.1083068847656,269.21820068359375,0.11043839156627655,3
331.1979675292969,239.89675903320312,380.78497314453125,268.6778259277344,0.10345612466335297,8
332.3463439941406,241.36947631835938,380.5755615234375,268.9532165527344,0.07142264395952225,3
343.9869689941406,251.04296875,382.5543518066406,269.4581604003906,0.05115837603807449,8
