xmin,ymin,xmax,ymax,score,label
326.0223083496094,231.80093383789062,368.10089111328125,257.3593444824219,0.8148757219314575,3
344.8428039550781,249.42164611816406,373.101318359375,263.8100891113281,0.22606001794338226,3
325.55474853515625,232.27964782714844,371.9790344238281,262.6094055175781,0.187806636095047,8
328.58428955078125,241.94346618652344,372.48358154296875,263.2845764160156,0.09875811636447906,3
330.3688659667969,233.36375427246094,342.0007629394531,249.83621215820312,0.05592228099703789,1
