xmin,ymin,xmax,ymax,score,label
322.9826965332031,230.1559295654297,358.40264892578125,253.01902770996094,0.6303912997245789,3
332.62890625,246.8479461669922,364.79150390625,259.3625793457031,0.6235390305519104,3
320.04876708984375,230.29574584960938,361.707275390625,256.55279541015625,0.5180450677871704,8
320.2966003417969,241.38589477539062,364.3014221191406,259.47735595703125,0.33863964676856995,3
325.5042724609375,231.5243682861328,334.9714660644531,248.59397888183594,0.146360382437706,1
339.3818664550781,251.05419921875,359.842529296875,259.16607666015625,0.10261096805334091,3
343.17431640625,229.2027587890625,357.0566101074219,236.15281677246094,0.07197780907154083,3
235.14048767089844,198.24510192871094,247.8291015625,212.69940185546875,0.06115061044692993,3
328.848876953125,241.1372528076172,364.9363098144531,259.2754211425781,0.051770322024822235,8
