xmin,ymin,xmax,ymax,score,label
318.82470703125,226.94737243652344,353.7466735839844,251.7001953125,0.8630430698394775,3
314.6595153808594,236.5265350341797,357.3675537109375,256.0436096191406,0.4745260179042816,3
317.6811828613281,226.5328369140625,355.7062072753906,252.68663024902344,0.24527566134929657,8
235.1500701904297,198.24740600585938,247.7942352294922,212.60520935058594,0.07466112822294235,3
328.5434265136719,244.24415588378906,357.7244567871094,255.73651123046875,0.06900984793901443,3
