xmin,ymin,xmax,ymax,score,label
314.0812683105469,225.1553497314453,350.1625671386719,250.2195587158203,0.7536743879318237,8
312.20843505859375,226.7310333251953,351.89202880859375,252.33775329589844,0.3100428581237793,3
233.97494506835938,198.56704711914062,247.67616271972656,212.7235870361328,0.07584255933761597,3
