xmin,ymin,xmax,ymax,score,label
309.0282287597656,222.7104949951172,340.5906677246094,245.3456573486328,0.658349871635437,3
307.1822204589844,221.93394470214844,340.23333740234375,244.94386291503906,0.3642119765281677,8
