xmin,ymin,xmax,ymax,score,label
305.5121765136719,221.00502014160156,334.98223876953125,242.826904296875,0.7960809469223022,8
307.3907470703125,221.18951416015625,333.3598937988281,242.4639434814453,0.2855888903141022,3
317.1750183105469,234.2872772216797,335.5957946777344,244.22434997558594,0.12169929593801498,3
