xmin,ymin,xmax,ymax,score,label
304.8488464355469,220.2563934326172,330.5370788574219,240.2753143310547,0.5816449522972107,3
302.4089660644531,219.71263122558594,331.83294677734375,240.61534118652344,0.5101803541183472,8
316.1231994628906,233.0644073486328,331.5721130371094,241.78469848632812,0.0773090049624443,3
