xmin,ymin,xmax,ymax,score,label
302.2481384277344,219.49911499023438,326.8605041503906,238.46920776367188,0.7388148307800293,3
303.1058044433594,218.08668518066406,326.70782470703125,238.0321807861328,0.4353853762149811,8
