xmin,ymin,xmax,ymax,score,label
299.6545715332031,217.21762084960938,322.0150451660156,235.24490356445312,0.7983821034431458,3
296.3089599609375,216.57606506347656,322.69403076171875,235.7871551513672,0.3715486526489258,8
297.7837219238281,225.5645294189453,323.2560119628906,236.92311096191406,0.0560704730451107,3
