xmin,ymin,xmax,ymax,score,label
297.26898193359375,216.6924285888672,320.06097412109375,234.2360076904297,0.9259536862373352,3
294.8846130371094,216.06826782226562,320.5301513671875,234.26905822753906,0.10147722065448761,8
295.66802978515625,219.03269958496094,303.99920654296875,230.34725952148438,0.05579233169555664,1
