xmin,ymin,xmax,ymax,score,label
296.4436950683594,215.08778381347656,316.10504150390625,231.7497100830078,0.8109354972839355,3
295.56866455078125,215.44772338867188,316.9216003417969,232.0274200439453,0.31852442026138306,8
312.3498840332031,222.61085510253906,318.472412109375,233.97964477539062,0.08186367899179459,1
