xmin,ymin,xmax,ymax,score,label
293.4902038574219,214.21832275390625,313.3122253417969,230.85455322265625,0.8397356271743774,3
292.292724609375,213.2128448486328,314.22198486328125,231.40675354003906,0.1983165144920349,8
297.8475036621094,224.28321838378906,314.1636962890625,232.4286651611328,0.07910390943288803,3
