xmin,ymin,xmax,ymax,score,label
290.92938232421875,213.79296875,311.1703796386719,229.55604553222656,0.7944718599319458,3
290.25213623046875,212.95960998535156,311.8788757324219,229.84373474121094,0.24941715598106384,8
298.55670166015625,224.28594970703125,311.8502197265625,231.23435974121094,0.1480761617422104,3
294.1556091308594,220.0028533935547,311.5346984863281,230.6731414794922,0.08498982340097427,3
