xmin,ymin,xmax,ymax,score,label
289.0393371582031,212.84231567382812,308.89178466796875,228.522705078125,0.7708735466003418,3
289.3247375488281,213.19871520996094,308.39532470703125,228.43748474121094,0.16190464794635773,8
