xmin,ymin,xmax,ymax,score,label
286.1886901855469,211.69557189941406,307.0224304199219,227.54063415527344,0.8551690578460693,3
284.76385498046875,210.81788635253906,306.4436950683594,226.831298828125,0.10431559383869171,8
233.83241271972656,198.4601593017578,247.53228759765625,211.64645385742188,0.0580182820558548,3
