xmin,ymin,xmax,ymax,score,label
285.77337646484375,211.88613891601562,303.5223693847656,225.67489624023438,0.8042436838150024,3
285.0119323730469,211.26194763183594,303.5072326660156,226.18124389648438,0.2630431652069092,8
280.5571594238281,213.04190063476562,289.0940856933594,222.8778533935547,0.052498992532491684,3
