xmin,ymin,xmax,ymax,score,label
283.7521667480469,211.14356994628906,302.39288330078125,225.04505920410156,0.8590541481971741,3
285.026123046875,210.94924926757812,302.11749267578125,225.41102600097656,0.1652592271566391,8
237.09671020507812,200.85128784179688,293.3876037597656,225.3805694580078,0.0869133472442627,8
