xmin,ymin,xmax,ymax,score,label
282.9560852050781,211.0620880126953,299.28814697265625,224.37777709960938,0.8402266502380371,3
280.779541015625,210.42880249023438,298.78228759765625,224.20774841308594,0.2589375078678131,8
284.07275390625,216.76809692382812,298.4887390136719,225.07504272460938,0.0846443772315979,3
281.4739074707031,190.99317932128906,295.12811279296875,197.31512451171875,0.06248762831091881,3
