xmin,ymin,xmax,ymax,score,label
281.7754821777344,210.68385314941406,296.7206726074219,222.35862731933594,0.5532185435295105,3
280.1068115234375,209.9254608154297,297.0950622558594,222.37704467773438,0.5259447693824768,8
234.17495727539062,198.27149963378906,247.76303100585938,212.1670379638672,0.061600133776664734,3
236.58465576171875,200.9852294921875,291.5315246582031,223.96434020996094,0.05431385710835457,8
