xmin,ymin,xmax,ymax,score,label
279.45355224609375,209.74424743652344,294.1978759765625,221.40960693359375,0.6122603416442871,3
278.328369140625,209.3926544189453,294.6910095214844,221.29420471191406,0.32959285378456116,8
291.1830139160156,215.7261199951172,296.199462890625,223.3612823486328,0.07313244789838791,1
237.49159240722656,199.49960327148438,287.99658203125,222.86111450195312,0.050370290875434875,8
