xmin,ymin,xmax,ymax,score,label
278.8451843261719,208.2010955810547,293.9391784667969,220.5995635986328,0.5022852420806885,8
279.54437255859375,210.9037628173828,292.9295654296875,220.355224609375,0.4482537508010864,3
280.80731201171875,215.18394470214844,292.1876220703125,220.91639709472656,0.3372749090194702,3
281.44207763671875,217.5342559814453,291.2048034667969,221.86941528320312,0.09509697556495667,3
279.5760803222656,213.6023712158203,291.9583740234375,220.54319763183594,0.07484561204910278,8
