xmin,ymin,xmax,ymax,score,label
276.8133850097656,209.51258850097656,291.06793212890625,219.14645385742188,0.7744000554084778,3
278.66552734375,213.79354858398438,290.0629577636719,220.0284423828125,0.3471933901309967,3
276.5612487792969,208.7482452392578,291.3506774902344,219.93170166015625,0.227092444896698,8
276.1945495605469,210.09991455078125,285.5247497558594,218.1515655517578,0.1264612227678299,3
238.26544189453125,199.4584503173828,283.8432922363281,220.69874572753906,0.10414426773786545,8
279.80255126953125,215.6451873779297,289.2437744140625,221.4428253173828,0.09581495821475983,3
