xmin,ymin,xmax,ymax,score,label
276.4694519042969,208.64442443847656,288.3098449707031,219.63284301757812,0.8414735794067383,3
238.3242645263672,201.2877960205078,246.75473022460938,211.65530395507812,0.18859891593456268,3
276.2485046386719,208.4555206298828,288.8050537109375,218.88278198242188,0.17596681416034698,8
277.6999206542969,213.43492126464844,287.6029968261719,220.341552734375,0.14381720125675201,3
