xmin,ymin,xmax,ymax,score,label
274.10235595703125,207.59910583496094,287.5621032714844,218.93882751464844,0.8403260707855225,3
275.3671569824219,212.5425262451172,286.6488037109375,218.47569274902344,0.22242292761802673,3
274.01959228515625,207.6142578125,287.63104248046875,218.1526641845703,0.17634516954421997,8
237.38351440429688,200.94313049316406,246.851806640625,211.60687255859375,0.1470491886138916,3
235.579345703125,199.0204620361328,275.7661437988281,217.71636962890625,0.05974262207746506,8
