xmin,ymin,xmax,ymax,score,label
272.8368225097656,206.53953552246094,284.0879821777344,216.5885772705078,0.5403656959533691,3
272.22955322265625,206.3348388671875,284.7257080078125,217.08335876464844,0.5084580779075623,8
238.03045654296875,199.3904571533203,246.97364807128906,210.62965393066406,0.13137777149677277,3
