xmin,ymin,xmax,ymax,score,label
271.1763916015625,205.9459228515625,282.2629089355469,215.74195861816406,0.6310467720031738,3
270.2854309082031,204.92771911621094,282.7210998535156,215.76524353027344,0.42041972279548645,8
271.5751647949219,211.9907684326172,281.6904296875,216.72470092773438,0.09138469398021698,3
