xmin,ymin,xmax,ymax,score,label
270.4614562988281,206.2391815185547,281.12884521484375,215.6535186767578,0.7049274444580078,3
269.0771179199219,205.5950469970703,281.4972839355469,215.88900756835938,0.3828389346599579,8
270.3886413574219,210.92929077148438,280.8919372558594,216.09490966796875,0.34162402153015137,3
