xmin,ymin,xmax,ymax,score,label
268.2411804199219,206.07501220703125,279.84185791015625,215.3582000732422,0.6177191138267517,3
267.6854553222656,205.51861572265625,280.3085021972656,215.57550048828125,0.2756918966770172,8
238.17181396484375,198.49215698242188,271.6498107910156,216.2308349609375,0.08990318328142166,8
