xmin,ymin,xmax,ymax,score,label
267.3871765136719,205.2177276611328,278.30767822265625,214.62152099609375,0.7426307201385498,3
266.448486328125,204.91061401367188,278.853271484375,214.8207244873047,0.29963526129722595,8
