xmin,ymin,xmax,ymax,score,label
265.5291442871094,204.9622344970703,277.17041015625,213.8977813720703,0.7024018168449402,3
265.0998229980469,204.53334045410156,277.5022277832031,213.91160583496094,0.2506195306777954,8
236.0325164794922,198.9756622314453,247.8695526123047,211.95359802246094,0.1870906800031662,3
