xmin,ymin,xmax,ymax,score,label
265.5805358886719,204.65757751464844,275.8507385253906,212.94969177246094,0.7031903862953186,3
264.9466552734375,203.8650360107422,276.3053894042969,213.18408203125,0.23806533217430115,8
