xmin,ymin,xmax,ymax,score,label
264.2604064941406,204.79345703125,274.52471923828125,212.79832458496094,0.8049368262290955,3
263.50537109375,204.08226013183594,275.1971435546875,212.94676208496094,0.1384149044752121,8
