xmin,ymin,xmax,ymax,score,label
263.05523681640625,205.12716674804688,273.3390808105469,212.61134338378906,0.7979292869567871,3
262.38787841796875,204.27882385253906,273.8603210449219,212.92051696777344,0.14954599738121033,8
264.5093078613281,208.15953063964844,272.8757629394531,213.41842651367188,0.07593220472335815,3
