xmin,ymin,xmax,ymax,score,label
261.11163330078125,203.40988159179688,272.8155517578125,212.36476135253906,0.17603819072246552,3
