xmin,ymin,xmax,ymax,score,label
260.182373046875,202.5979766845703,270.7607727050781,211.74258422851562,0.338057279586792,3
259.85687255859375,202.4567108154297,270.7411193847656,211.60736083984375,0.05119828134775162,8
