xmin,ymin,xmax,ymax,score,label
258.0408935546875,202.1969757080078,267.8890380859375,210.32887268066406,0.18012453615665436,3
257.801513671875,201.9486083984375,267.9168395996094,210.30499267578125,0.07544174045324326,8
