xmin,ymin,xmax,ymax,score,label
255.8198699951172,201.244873046875,265.6107482910156,208.89488220214844,0.18502792716026306,3
255.39857482910156,200.9928741455078,265.5514221191406,208.8798828125,0.1477835327386856,8
