xmin,ymin,xmax,ymax,score,label
254.01266479492188,200.4690399169922,262.3235168457031,208.55596923828125,0.06073002517223358,3
