xmin,ymin,xmax,ymax,score,label
252.3096466064453,200.6566619873047,261.0743408203125,207.8790740966797,0.062442753463983536,3
