xmin,ymin,xmax,ymax,score,label
236.84506225585938,198.4567108154297,251.9398193359375,210.3933868408203,0.07209606468677521,3
