xmin,ymin,xmax,ymax,score,label
236.4489288330078,198.4993133544922,251.24737548828125,210.7678985595703,0.05457768216729164,3
