xmin,ymin,xmax,ymax,score,label
235.76922607421875,198.77955627441406,249.796142578125,211.91017150878906,0.38194721937179565,3
238.26173400878906,198.8081817626953,249.3203125,206.9254608154297,0.11582238972187042,3
234.21826171875,198.69419860839844,248.54261779785156,213.00608825683594,0.06666740775108337,8
