xmin,ymin,xmax,ymax,score,label
236.9332275390625,198.9690704345703,249.99468994140625,206.00460815429688,0.06766008585691452,3
