xmin,ymin,xmax,ymax,score,label
236.8057861328125,199.2352752685547,248.88169860839844,209.4581298828125,0.18843036890029907,3
