xmin,ymin,xmax,ymax,score,label
234.1016845703125,197.53224182128906,248.17257690429688,211.95111083984375,0.10058581084012985,3
