xmin,ymin,xmax,ymax,score,label
233.76043701171875,197.82144165039062,247.8733367919922,212.47149658203125,0.08759055286645889,3
