xmin,ymin,xmax,ymax,score,label
235.55763244628906,199.7543182373047,248.1642303466797,212.81944274902344,0.06628835946321487,3
