xmin,ymin,xmax,ymax,score,label
235.6432342529297,199.86192321777344,248.23348999023438,212.7687225341797,0.0589669793844223,3
