xmin,ymin,xmax,ymax,score,label
235.34605407714844,198.9783477783203,247.7378692626953,212.81288146972656,0.05365259572863579,3
