xmin,ymin,xmax,ymax,score,label
237.22320556640625,199.3962860107422,247.6523895263672,211.4529266357422,0.054094765335321426,3
