xmin,ymin,xmax,ymax,score,label
238.0447540283203,199.1630401611328,247.14990234375,211.74578857421875,0.14981785416603088,3
