xmin,ymin,xmax,ymax,score,label
237.8946075439453,199.25653076171875,247.10594177246094,211.5900115966797,0.07445110380649567,3
