xmin,ymin,xmax,ymax,score,label
237.89865112304688,199.28919982910156,247.24661254882812,211.6790008544922,0.05147905275225639,3
