xmin,ymin,xmax,ymax,score,label
236.17816162109375,199.0639190673828,247.4610595703125,212.23822021484375,0.09196805208921432,3
