xmin,ymin,xmax,ymax,score,label
237.4373321533203,198.1171417236328,247.1580352783203,210.9344940185547,0.06827829778194427,3
