xmin,ymin,xmax,ymax,score,label
232.88621520996094,198.2155303955078,247.6693115234375,212.27149963378906,0.07110300660133362,3
