xmin,ymin,xmax,ymax,score,label
609.9075927734375,375.844970703125,639.370361328125,453.6319274902344,0.057243626564741135,3
