xmin,ymin,xmax,ymax,score,label
571.1613159179688,290.5400085449219,639.9491577148438,459.9376220703125,0.4039720594882965,8
575.0017700195312,299.9364318847656,640.0,450.5197448730469,0.3601967990398407,3
586.0445556640625,303.8404846191406,636.8215942382812,406.5580139160156,0.29559117555618286,1
575.3684692382812,324.5108337402344,637.4412841796875,452.41668701171875,0.05104224756360054,2
