xmin,ymin,xmax,ymax,score,label
542.8966674804688,286.56329345703125,638.48095703125,450.1688537597656,0.5953728556632996,8
545.623291015625,289.8863220214844,638.1057739257812,448.77386474609375,0.2724379897117615,3
