xmin,ymin,xmax,ymax,score,label
491.3138122558594,286.19769287109375,639.6925659179688,465.9865417480469,0.7425116896629333,8
521.2049560546875,275.3790588378906,640.0,471.8047180175781,0.3409634828567505,3
539.9745483398438,278.1129455566406,640.0,480.0000305175781,0.32426631450653076,6
451.99859619140625,320.0118408203125,635.98046875,463.7843322753906,0.1643749326467514,3
443.0869140625,408.3885192871094,626.6572875976562,472.9666748046875,0.06950454413890839,3
