xmin,ymin,xmax,ymax,score,label
472.9381103515625,272.1727294921875,637.7840576171875,460.5854187011719,0.7848191261291504,8
446.1268005371094,279.7812805175781,637.288330078125,463.50177001953125,0.2688594460487366,3
507.3570251464844,272.2322998046875,640.0,469.094482421875,0.25835806131362915,6
502.4233703613281,271.245361328125,640.0,403.0401306152344,0.11257822811603546,3
