xmin,ymin,xmax,ymax,score,label
483.32098388671875,262.55523681640625,636.463623046875,436.7760009765625,0.758823812007904,8
431.5860595703125,269.73138427734375,635.8418579101562,456.1288146972656,0.3585854470729828,3
489.5909118652344,267.6305847167969,638.8300170898438,448.9686584472656,0.21022789180278778,6
430.7960205078125,366.3348083496094,606.8040771484375,452.953369140625,0.11748162657022476,3
493.9998474121094,266.35516357421875,640.0,406.747314453125,0.10173843055963516,3
