xmin,ymin,xmax,ymax,score,label
473.6672668457031,258.859619140625,637.7709350585938,441.49993896484375,0.8325910568237305,8
483.0376281738281,264.6938781738281,640.0,423.3562927246094,0.26618441939353943,6
415.9050598144531,362.79193115234375,610.1278686523438,457.626220703125,0.164264515042305,3
423.2962646484375,290.09979248046875,638.3379516601562,459.8775329589844,0.13099358975887299,3
