xmin,ymin,xmax,ymax,score,label
454.57891845703125,256.0486145019531,638.4681396484375,432.80517578125,0.8308589458465576,8
412.64898681640625,328.9698486328125,631.90966796875,452.0058288574219,0.16613899171352386,3
455.62310791015625,266.3971862792969,639.4636840820312,437.76348876953125,0.1595505028963089,6
446.36492919921875,263.252197265625,640.0,435.3587646484375,0.13828863203525543,3
