xmin,ymin,xmax,ymax,score,label
454.2598571777344,254.4654541015625,636.9344482421875,411.4082336425781,0.5051742196083069,6
450.1028137207031,253.77833557128906,634.0879516601562,408.86236572265625,0.4960428774356842,8
602.9058837890625,368.5434875488281,632.52197265625,404.0962829589844,0.3012714684009552,1
412.0628662109375,264.18804931640625,633.8665161132812,451.8303527832031,0.09953391551971436,3
406.809326171875,317.9914855957031,628.5257568359375,463.58099365234375,0.08946008235216141,8
463.3818359375,251.08120727539062,635.9896850585938,391.1358947753906,0.0564112663269043,3
598.6237182617188,370.43048095703125,620.3478393554688,401.4272155761719,0.05218673124909401,1
