xmin,ymin,xmax,ymax,score,label
439.4803466796875,249.46749877929688,637.0855102539062,438.7794494628906,0.6801613569259644,6
420.612060546875,253.2144317626953,633.4295654296875,465.9346618652344,0.641878068447113,8
423.7616882324219,240.1817169189453,637.6749877929688,462.1678771972656,0.17013391852378845,3
