xmin,ymin,xmax,ymax,score,label
442.92901611328125,247.48199462890625,637.3856811523438,405.4676818847656,0.8241773247718811,6
398.61663818359375,281.3373718261719,636.0120849609375,454.74713134765625,0.5507718324661255,8
400.92724609375,311.6151123046875,629.322021484375,462.13214111328125,0.398826539516449,3
397.53863525390625,297.137939453125,628.9110717773438,457.6355895996094,0.28442806005477905,6
554.1234130859375,341.2369079589844,571.3159790039062,371.4820556640625,0.2664967477321625,1
440.1705017089844,249.6676483154297,640.0,389.77740478515625,0.2091864049434662,8
442.0690002441406,244.25201416015625,640.0,385.7066345214844,0.11434769630432129,3
