xmin,ymin,xmax,ymax,score,label
418.9738464355469,239.19573974609375,636.8209838867188,453.1566162109375,0.739241361618042,8
418.4128112792969,243.3996124267578,638.9584350585938,453.5464172363281,0.3883908689022064,3
426.2601013183594,244.35385131835938,639.4017944335938,450.9949035644531,0.2980993688106537,6
396.12701416015625,324.9592590332031,593.362060546875,455.3490295410156,0.12227342277765274,3
395.6960144042969,320.4739074707031,594.0704956054688,455.56451416015625,0.06585966795682907,8
