xmin,ymin,xmax,ymax,score,label
412.7042541503906,238.79202270507812,634.6089477539062,447.21563720703125,0.7873446941375732,8
419.919921875,246.78639221191406,639.1439819335938,438.4217529296875,0.27344071865081787,6
433.2429504394531,248.2737579345703,634.6690063476562,457.1572570800781,0.23204413056373596,3
390.9246520996094,307.1366271972656,601.4384765625,446.95068359375,0.144274041056633,3
392.2091064453125,316.8568420410156,574.70751953125,449.3819274902344,0.05488280951976776,8
390.1714172363281,305.3974914550781,599.9834594726562,450.0650329589844,0.05427423492074013,6
