xmin,ymin,xmax,ymax,score,label
409.93853759765625,238.66473388671875,638.10302734375,452.5888366699219,0.6448311805725098,8
423.3683166503906,238.46778869628906,640.0,446.27923583984375,0.5443257093429565,6
395.53314208984375,289.2941589355469,617.3673706054688,456.8100280761719,0.25155654549598694,3
