xmin,ymin,xmax,ymax,score,label
410.4682312011719,235.1634979248047,635.8983154296875,448.2965087890625,0.7245566248893738,8
400.9477844238281,243.79798889160156,638.8544921875,459.8518981933594,0.35686933994293213,3
416.23162841796875,237.29322814941406,640.0,446.8234558105469,0.3195951282978058,6
