xmin,ymin,xmax,ymax,score,label
403.1180114746094,238.72625732421875,635.7588500976562,435.08416748046875,0.878146231174469,8
397.73480224609375,240.1964111328125,640.0,447.7194519042969,0.270820289850235,6
396.42156982421875,256.45452880859375,624.7882690429688,441.2469177246094,0.1800318956375122,3
