xmin,ymin,xmax,ymax,score,label
421.7550048828125,240.72178649902344,639.6422729492188,409.425537109375,0.8312331438064575,6
408.5242614746094,241.81370544433594,635.3385009765625,419.7508544921875,0.36955001950263977,8
413.416748046875,253.54937744140625,634.1652221679688,413.97760009765625,0.13201218843460083,3
