xmin,ymin,xmax,ymax,score,label
419.7394104003906,238.07899475097656,636.9039306640625,403.9205627441406,0.7455017566680908,6
358.654296875,235.2665557861328,622.2411499023438,406.3501892089844,0.281419962644577,8
424.0957336425781,242.04672241210938,632.8416748046875,401.4776306152344,0.14734502136707306,3
