xmin,ymin,xmax,ymax,score,label
417.586181640625,234.5936737060547,617.5084228515625,396.0994567871094,0.7033343315124512,6
400.83233642578125,238.31961059570312,612.4039306640625,395.8840637207031,0.3432757556438446,8
235.0705108642578,198.01779174804688,247.51025390625,212.2571258544922,0.06729584187269211,3
466.0653991699219,256.7341003417969,501.13092041015625,298.5787048339844,0.05663830414414406,1
