xmin,ymin,xmax,ymax,score,label
426.83721923828125,238.52699279785156,599.814208984375,386.9578552246094,0.800879716873169,6
484.4849548339844,261.44366455078125,518.8260498046875,304.9781799316406,0.4997355043888092,1
426.28533935546875,238.28341674804688,595.885009765625,384.4417419433594,0.3222210109233856,8
234.56301879882812,198.94032287597656,247.52862548828125,212.94796752929688,0.05859452113509178,3
