xmin,ymin,xmax,ymax,score,label
428.3639831542969,241.57273864746094,585.8441162109375,372.79718017578125,0.5837809443473816,8
429.13836669921875,240.68885803222656,586.7874145507812,377.4353942871094,0.5173584818840027,6
480.4503173828125,263.6197814941406,509.20062255859375,300.9732360839844,0.42873769998550415,1
