xmin,ymin,xmax,ymax,score,label
421.27459716796875,240.52867126464844,575.8887939453125,368.3350524902344,0.6490893959999084,6
417.03759765625,240.09864807128906,574.47412109375,371.588623046875,0.3238474726676941,8
488.3233642578125,272.3778991699219,498.0606994628906,295.5205993652344,0.058163467794656754,1
