xmin,ymin,xmax,ymax,score,label
414.0352783203125,241.1212158203125,566.0968017578125,360.156005859375,0.48105543851852417,8
414.3558654785156,241.39271545410156,566.1185913085938,359.87939453125,0.1843726634979248,6
293.2752380371094,219.1613311767578,553.2012939453125,364.9309997558594,0.07093649357557297,8
