xmin,ymin,xmax,ymax,score,label
418.8685302734375,241.02598571777344,555.5758056640625,356.30377197265625,0.6632753610610962,8
424.68939208984375,239.80714416503906,555.7665405273438,354.3252868652344,0.28565189242362976,6
