xmin,ymin,xmax,ymax,score,label
425.7665100097656,237.10911560058594,547.8751831054688,350.89080810546875,0.36719009280204773,8
428.0965881347656,238.72776794433594,549.0243530273438,347.8210754394531,0.07631566375494003,6
