xmin,ymin,xmax,ymax,score,label
429.394287109375,238.79966735839844,538.8529663085938,344.4775695800781,0.35254722833633423,6
425.46368408203125,238.41932678222656,540.2304077148438,345.2657470703125,0.2743198871612549,8
