xmin,ymin,xmax,ymax,score,label
427.4215393066406,237.78494262695312,531.458984375,344.5233459472656,0.46395373344421387,8
427.3055419921875,239.54356384277344,532.828125,343.4934997558594,0.17489974200725555,6
