xmin,ymin,xmax,ymax,score,label
431.9832763671875,237.8607940673828,524.0263061523438,339.2105407714844,0.10269959270954132,8
