xmin,ymin,xmax,ymax,score,label
439.5826110839844,244.45730590820312,518.9542236328125,328.93212890625,0.4716518223285675,8
443.39727783203125,241.4803009033203,520.6644287109375,332.6299133300781,0.08383352309465408,6
