xmin,ymin,xmax,ymax,score,label
444.6473693847656,241.80117797851562,513.0589599609375,330.09100341796875,0.17958787083625793,8
233.6698455810547,198.8406982421875,247.55340576171875,212.83604431152344,0.05151355639100075,3
