xmin,ymin,xmax,ymax,score,label
443.5329895019531,243.0315399169922,510.3945007324219,332.4472961425781,0.09516347944736481,8
