xmin,ymin,xmax,ymax,score,label
444.4744873046875,242.37088012695312,504.5019836425781,316.26580810546875,0.1735122948884964,8
