xmin,ymin,xmax,ymax,score,label
443.68121337890625,242.62530517578125,502.8460388183594,313.88958740234375,0.8165631294250488,8
445.79595947265625,241.35897827148438,502.15924072265625,314.9964904785156,0.43073442578315735,6
