xmin,ymin,xmax,ymax,score,label
444.3569641113281,238.93788146972656,500.48699951171875,315.6228942871094,0.1244991198182106,6
442.5516662597656,240.18588256835938,500.19500732421875,311.7501220703125,0.11782500892877579,8
