xmin,ymin,xmax,ymax,score,label
444.4776916503906,242.0652618408203,497.4734802246094,308.62371826171875,0.3785616457462311,8
443.2876892089844,242.75816345214844,499.5705261230469,310.29351806640625,0.15301884710788727,6
235.93182373046875,197.77333068847656,247.64280700683594,211.75437927246094,0.08291663974523544,3
