xmin,ymin,xmax,ymax,score,label
235.88751220703125,198.06246948242188,247.72715759277344,212.0148162841797,0.06892891973257065,3
443.0520935058594,241.61505126953125,501.5076904296875,307.91595458984375,0.05804237350821495,8
