xmin,ymin,xmax,ymax,score,label
446.7974853515625,240.44967651367188,504.2026672363281,306.3149108886719,0.8104420900344849,8
448.0528869628906,240.72251892089844,503.67181396484375,307.3375549316406,0.1676243096590042,6
235.83078002929688,198.02120971679688,247.72293090820312,212.0418243408203,0.07495599240064621,3
