xmin,ymin,xmax,ymax,score,label
446.889892578125,242.0248260498047,508.2475280761719,304.0045166015625,0.9855576157569885,8
