xmin,ymin,xmax,ymax,score,label
449.0592346191406,242.1644287109375,513.5831298828125,302.4877624511719,0.9455398321151733,8
448.9319763183594,241.86134338378906,511.8033142089844,302.7860107421875,0.4457756578922272,6
