xmin,ymin,xmax,ymax,score,label
449.19061279296875,242.264892578125,520.2408447265625,300.3785705566406,0.9705588221549988,8
450.9693908691406,241.97640991210938,514.18408203125,301.1358642578125,0.20488925278186798,6
