xmin,ymin,xmax,ymax,score,label
450.5999755859375,243.01499938964844,516.8131103515625,299.27032470703125,0.9796623587608337,8
449.45013427734375,243.6479034423828,517.6956787109375,299.9089660644531,0.16083985567092896,6
