xmin,ymin,xmax,ymax,score,label
454.45050048828125,243.3892364501953,519.4461669921875,298.06494140625,0.9870885014533997,8
453.27703857421875,244.06312561035156,518.8754272460938,300.328125,0.07077307999134064,6
