xmin,ymin,xmax,ymax,score,label
456.46649169921875,243.42852783203125,521.757080078125,297.1727294921875,0.9705928564071655,8
454.1525573730469,243.62802124023438,521.4705200195312,299.0481262207031,0.2406817078590393,6
