xmin,ymin,xmax,ymax,score,label
454.2878112792969,243.7611083984375,526.0851440429688,297.12054443359375,0.9739434719085693,8
453.8662414550781,243.54696655273438,525.4512329101562,298.3036193847656,0.2556476593017578,6
