xmin,ymin,xmax,ymax,score,label
461.2557067871094,244.70986938476562,532.17578125,295.6221618652344,0.9838207960128784,8
461.79461669921875,244.7313995361328,527.236083984375,297.7214660644531,0.1438155174255371,6
