xmin,ymin,xmax,ymax,score,label
464.7747497558594,245.79664611816406,535.9202880859375,296.4996643066406,0.9295097589492798,8
462.3206787109375,245.3143310546875,533.1729125976562,297.2425231933594,0.457046777009964,6
