xmin,ymin,xmax,ymax,score,label
467.9593811035156,244.82029724121094,534.6477661132812,295.127197265625,0.8965824246406555,6
469.92156982421875,244.69924926757812,538.038818359375,294.6425476074219,0.7657977938652039,8
