xmin,ymin,xmax,ymax,score,label
472.13580322265625,245.701416015625,539.3084716796875,293.5755310058594,0.8766408562660217,8
470.1771240234375,246.37423706054688,538.509521484375,293.7538757324219,0.7529613971710205,6
