xmin,ymin,xmax,ymax,score,label
474.25384521484375,246.91319274902344,543.2977294921875,293.811279296875,0.971275806427002,8
472.9583435058594,246.55294799804688,541.3577880859375,294.1502990722656,0.37709346413612366,6
