xmin,ymin,xmax,ymax,score,label
475.89739990234375,247.79354858398438,543.4268188476562,293.77191162109375,0.8725845217704773,6
479.15484619140625,247.30088806152344,542.342529296875,292.625244140625,0.8517488837242126,8
