xmin,ymin,xmax,ymax,score,label
478.3796081542969,247.9766845703125,547.1952514648438,292.6601257324219,0.8772627115249634,6
481.1291198730469,248.1669464111328,550.9173583984375,293.0431823730469,0.8770655989646912,8
