xmin,ymin,xmax,ymax,score,label
483.8377685546875,249.00196838378906,553.8917846679688,293.1143493652344,0.8733817338943481,8
483.51617431640625,248.28298950195312,549.0556640625,293.8612976074219,0.6043758988380432,6
