xmin,ymin,xmax,ymax,score,label
489.8595886230469,248.788818359375,554.0673217773438,293.219482421875,0.9721887111663818,8
490.00128173828125,249.23760986328125,552.3872680664062,293.8326110839844,0.15114164352416992,6
237.11776733398438,198.6713409423828,247.33216857910156,211.8971710205078,0.05365098640322685,3
