xmin,ymin,xmax,ymax,score,label
491.8823547363281,248.64588928222656,555.6146240234375,293.1144104003906,0.9790119528770447,6
492.4886169433594,247.7737579345703,558.0000610351562,293.33001708984375,0.20051564276218414,8
