xmin,ymin,xmax,ymax,score,label
493.8761291503906,249.71121215820312,558.357666015625,292.72320556640625,0.9567341804504395,6
496.381103515625,249.61502075195312,561.2520751953125,292.4695739746094,0.4260711967945099,8
234.5171356201172,198.1064453125,247.98231506347656,212.91397094726562,0.08318807929754257,3
