xmin,ymin,xmax,ymax,score,label
499.718017578125,250.66876220703125,560.4481811523438,293.3372802734375,0.8804478645324707,6
500.0510559082031,251.30433654785156,565.2980346679688,292.9289855957031,0.5668105483055115,8
