xmin,ymin,xmax,ymax,score,label
503.4167175292969,253.27610778808594,562.13330078125,293.1832275390625,0.8136928081512451,6
504.7383117675781,253.57737731933594,562.468505859375,292.4056701660156,0.5986039042472839,8
