xmin,ymin,xmax,ymax,score,label
506.9465026855469,254.52655029296875,564.470703125,292.84881591796875,0.8768131136894226,8
507.43658447265625,255.1700439453125,565.217529296875,292.9727783203125,0.5605901479721069,6
554.4776000976562,282.03411865234375,559.4392700195312,293.0759582519531,0.38941508531570435,1
