xmin,ymin,xmax,ymax,score,label
511.6706848144531,255.66336059570312,570.794677734375,292.2873229980469,0.7796698808670044,8
512.3307495117188,256.0347900390625,566.7527465820312,292.09130859375,0.5362417101860046,6
