xmin,ymin,xmax,ymax,score,label
516.0478515625,257.8552551269531,569.414306640625,293.4321594238281,0.8554714918136597,6
515.6192626953125,257.66265869140625,567.8482666015625,293.2191162109375,0.455607146024704,8
