xmin,ymin,xmax,ymax,score,label
518.40625,258.91302490234375,571.8573608398438,293.7227478027344,0.9892126321792603,6
520.4550170898438,259.0112609863281,565.236572265625,293.00543212890625,0.06071483716368675,8
