xmin,ymin,xmax,ymax,score,label
521.3355102539062,258.9450988769531,576.9498291015625,292.88702392578125,0.6593953371047974,8
522.5823974609375,259.2598876953125,574.2423706054688,292.7971496582031,0.6297898888587952,6
