xmin,ymin,xmax,ymax,score,label
525.9639282226562,259.54071044921875,577.62255859375,292.72430419921875,0.8287661075592041,8
527.2220458984375,259.668701171875,576.105712890625,292.48236083984375,0.48370110988616943,6
566.6876831054688,284.3298034667969,572.3416748046875,292.6893310546875,0.24845558404922485,1
