xmin,ymin,xmax,ymax,score,label
530.255126953125,259.2403564453125,579.2179565429688,293.7424621582031,0.7923809885978699,8
529.4476928710938,260.0751647949219,578.8208618164062,292.8049011230469,0.46666643023490906,6
