xmin,ymin,xmax,ymax,score,label
533.5838012695312,260.8292236328125,580.0933837890625,292.88629150390625,0.939265787601471,8
533.9016723632812,261.2941589355469,579.3590087890625,292.716796875,0.16125962138175964,6
523.1758422851562,281.52667236328125,534.6522827148438,288.9117431640625,0.05917872488498688,3
