xmin,ymin,xmax,ymax,score,label
535.4823608398438,260.6979675292969,582.6464233398438,292.715576171875,0.9108341932296753,8
537.2512817382812,260.9660339355469,581.6826782226562,292.1537170410156,0.2015126645565033,6
545.9317626953125,271.4535827636719,579.5967407226562,292.965576171875,0.05258021131157875,8
