xmin,ymin,xmax,ymax,score,label
540.0521240234375,260.6789855957031,585.4957275390625,293.20343017578125,0.7531826496124268,8
540.9814453125,261.469970703125,584.1248779296875,293.2564697265625,0.560979425907135,6
552.4201049804688,272.3106689453125,582.1423950195312,293.40240478515625,0.05126446858048439,8
