xmin,ymin,xmax,ymax,score,label
544.3270263671875,262.4471740722656,585.3467407226562,293.6670227050781,0.8266497254371643,6
544.1224365234375,262.09613037109375,588.5160522460938,293.4724426269531,0.4127103388309479,8
