xmin,ymin,xmax,ymax,score,label
546.4373168945312,261.17529296875,588.1911010742188,294.6590881347656,0.6857946515083313,8
544.0492553710938,261.83978271484375,588.1549682617188,293.051513671875,0.6461093425750732,6
579.4119873046875,285.62261962890625,584.5206909179688,292.9329528808594,0.10681599378585815,1
