xmin,ymin,xmax,ymax,score,label
549.6067504882812,263.0285949707031,590.5516967773438,293.4934387207031,0.9385254383087158,8
561.4056396484375,276.130615234375,587.6427001953125,293.05975341796875,0.41036680340766907,8
549.0360717773438,262.7242736816406,590.3945922851562,293.1869201660156,0.13880732655525208,6
581.1727905273438,284.2049560546875,587.3372802734375,293.40509033203125,0.09101308137178421,1
