xmin,ymin,xmax,ymax,score,label
552.8800048828125,262.8861389160156,593.1997680664062,294.0276184082031,0.8128939867019653,8
553.0927734375,263.6829833984375,591.3031616210938,294.8658142089844,0.3682723343372345,6
