xmin,ymin,xmax,ymax,score,label
555.5739135742188,264.2864990234375,594.0673217773438,294.34869384765625,0.9086485505104065,8
565.5851440429688,272.7232971191406,592.1910400390625,294.0127868652344,0.1356986165046692,8
237.56578063964844,199.25550842285156,247.69944763183594,212.1360321044922,0.05663162097334862,3
