xmin,ymin,xmax,ymax,score,label
558.0982666015625,262.89971923828125,595.59130859375,294.1990051269531,0.7275007367134094,6
558.6453857421875,263.0286865234375,599.0560913085938,293.3834228515625,0.513234555721283,8
236.26422119140625,198.2789764404297,247.4389190673828,211.49398803710938,0.0564587228000164,3
