xmin,ymin,xmax,ymax,score,label
562.2205810546875,264.9060974121094,595.6851806640625,294.821044921875,0.781557023525238,8
561.9164428710938,265.6345520019531,596.120849609375,294.2359924316406,0.27422377467155457,6
237.7288818359375,199.84866333007812,246.75946044921875,211.27334594726562,0.054672665894031525,3
