xmin,ymin,xmax,ymax,score,label
562.5205688476562,264.850341796875,599.0547485351562,294.6021423339844,0.9645971059799194,8
237.91355895996094,199.63076782226562,246.67591857910156,210.75364685058594,0.16176854074001312,3
560.3704833984375,265.6011657714844,598.4736938476562,295.0684814453125,0.09623151272535324,6
