xmin,ymin,xmax,ymax,score,label
563.6113891601562,265.2838134765625,600.236083984375,294.95867919921875,0.9389060139656067,8
564.0136108398438,265.20294189453125,598.6507568359375,294.9515686035156,0.14957712590694427,6
237.2353973388672,199.1869659423828,247.16799926757812,211.3837432861328,0.12914466857910156,3
