xmin,ymin,xmax,ymax,score,label
564.6985473632812,265.9866638183594,600.7061767578125,294.45501708984375,0.9742324352264404,8
237.39366149902344,199.36878967285156,247.56842041015625,211.21905517578125,0.08643316477537155,3
563.7877197265625,266.7421875,597.026611328125,294.5116882324219,0.07976783812046051,6
