xmin,ymin,xmax,ymax,score,label
569.180419921875,266.42657470703125,603.7284545898438,294.31396484375,0.9826770424842834,8
568.4702758789062,267.35809326171875,602.0404052734375,293.92120361328125,0.06386375427246094,6
