xmin,ymin,xmax,ymax,score,label
570.3165283203125,266.5932312011719,604.2839965820312,294.0315856933594,0.992084801197052,8
570.9761352539062,267.16851806640625,603.6905517578125,294.86700439453125,0.05054815113544464,6
