xmin,ymin,xmax,ymax,score,label
572.12939453125,267.0328674316406,606.7014770507812,293.4321594238281,0.9921798706054688,8
