xmin,ymin,xmax,ymax,score,label
574.6261596679688,267.69171142578125,606.8515014648438,294.2220153808594,0.9793843626976013,8
