xmin,ymin,xmax,ymax,score,label
575.0474243164062,268.9232177734375,608.4025268554688,294.0062561035156,0.9801369309425354,8
577.9712524414062,269.30462646484375,608.0431518554688,293.70074462890625,0.05718892440199852,6
