xmin,ymin,xmax,ymax,score,label
579.9103393554688,268.841796875,609.5250244140625,293.6482238769531,0.9773272275924683,8
