xmin,ymin,xmax,ymax,score,label
580.6204833984375,268.7372741699219,609.8641357421875,293.09075927734375,0.9837603569030762,8
591.959716796875,273.8316650390625,609.7844848632812,293.6972351074219,0.05224942788481712,8
