xmin,ymin,xmax,ymax,score,label
583.3726806640625,269.1735534667969,611.591064453125,293.10791015625,0.9802180528640747,8
595.0415649414062,278.9615783691406,610.5247192382812,294.1601257324219,0.06529375165700912,8
