xmin,ymin,xmax,ymax,score,label
585.6035766601562,269.5978088378906,612.96533203125,294.9704284667969,0.9168286323547363,8
