xmin,ymin,xmax,ymax,score,label
586.052978515625,269.7931823730469,613.2232666015625,294.0655212402344,0.9624793529510498,8
