xmin,ymin,xmax,ymax,score,label
589.4908447265625,271.2110595703125,614.52880859375,293.180419921875,0.9598428606987,8
588.0330810546875,271.4112854003906,615.0621337890625,293.9637145996094,0.11510637402534485,6
