xmin,ymin,xmax,ymax,score,label
589.569091796875,270.71356201171875,615.9166259765625,293.6883544921875,0.9569615125656128,8
234.851318359375,198.4800567626953,247.7510223388672,212.0286102294922,0.05083780735731125,3
