xmin,ymin,xmax,ymax,score,label
591.5946044921875,271.3999938964844,617.1912841796875,293.9636535644531,0.30528250336647034,8
234.1260986328125,198.54835510253906,247.57371520996094,212.31704711914062,0.08524075895547867,3
