xmin,ymin,xmax,ymax,score,label
594.0769653320312,271.749267578125,617.9302978515625,293.4849853515625,0.9294667840003967,8
594.2553100585938,272.003173828125,617.297119140625,294.0028991699219,0.06811290234327316,6
233.95570373535156,198.43324279785156,247.5874481201172,212.3800811767578,0.06333210319280624,3
602.9149169921875,275.41656494140625,617.001220703125,293.2590637207031,0.05313548073172569,8
