xmin,ymin,xmax,ymax,score,label
593.6433715820312,272.2971496582031,620.3538818359375,294.3763427734375,0.3240881860256195,8
234.13995361328125,198.73175048828125,247.72555541992188,212.7948455810547,0.054792825132608414,3
