xmin,ymin,xmax,ymax,score,label
595.0170288085938,272.4756774902344,619.824462890625,294.093994140625,0.4745131731033325,8
