xmin,ymin,xmax,ymax,score,label
595.6382446289062,272.5004577636719,621.0038452148438,293.55389404296875,0.6830272078514099,8
595.4209594726562,272.9988098144531,620.9363403320312,294.7725524902344,0.05829079821705818,3
