xmin,ymin,xmax,ymax,score,label
597.6987915039062,273.0408020019531,621.58984375,293.1710510253906,0.3310825824737549,8
597.747802734375,273.4344787597656,621.6532592773438,292.7744140625,0.07942163199186325,3
