xmin,ymin,xmax,ymax,score,label
599.3657836914062,273.2777404785156,622.469970703125,293.2424011230469,0.7863580584526062,8
599.5670776367188,275.06805419921875,621.0108032226562,293.4947509765625,0.17470060288906097,3
