xmin,ymin,xmax,ymax,score,label
600.4397583007812,273.4626159667969,623.3090209960938,293.3443298339844,0.7930017709732056,8
600.6932373046875,275.3555908203125,622.5349731445312,293.60919189453125,0.25599995255470276,3
