xmin,ymin,xmax,ymax,score,label
604.3511352539062,273.6748046875,624.7955322265625,292.90216064453125,0.8005350828170776,8
614.0658569335938,281.6161193847656,623.9154663085938,293.47283935546875,0.17611166834831238,8
604.84521484375,273.933837890625,624.8901977539062,292.26812744140625,0.12770558893680573,6
614.2615966796875,282.4435119628906,623.9107055664062,293.5010070800781,0.1273372918367386,3
604.1397705078125,277.27392578125,621.7622680664062,292.9963073730469,0.0931420624256134,3
612.8866577148438,276.7615661621094,624.4849243164062,292.8780822753906,0.05012806877493858,6
