xmin,ymin,xmax,ymax,score,label
605.0636596679688,274.1313781738281,625.3865966796875,293.12689208984375,0.8764230012893677,8
604.99951171875,276.5162048339844,624.085205078125,293.2575378417969,0.21230964362621307,3
604.660888671875,280.9635314941406,617.7766723632812,293.1671142578125,0.19317804276943207,3
234.34249877929688,198.58912658691406,247.54379272460938,212.93251037597656,0.09242307394742966,3
610.9874267578125,275.57147216796875,625.068115234375,292.9659118652344,0.06265576928853989,6
614.4100341796875,281.32269287109375,624.6102294921875,293.6819152832031,0.06038453429937363,3
614.035888671875,280.4013977050781,624.567138671875,293.7095031738281,0.05948222056031227,8
