xmin,ymin,xmax,ymax,score,label
606.7613525390625,274.3697204589844,626.3556518554688,293.2869873046875,0.8442015647888184,8
606.3571166992188,275.2902526855469,626.2743530273438,294.1690673828125,0.2046557068824768,3
234.1280517578125,198.2490997314453,247.6407928466797,212.79481506347656,0.14969420433044434,3
