xmin,ymin,xmax,ymax,score,label
607.6158447265625,274.4097900390625,627.0769653320312,293.29888916015625,0.8137136101722717,8
607.1646728515625,275.8294372558594,626.424072265625,293.687255859375,0.15645669400691986,3
234.44044494628906,198.5907745361328,247.4520721435547,213.21438598632812,0.14865273237228394,3
