xmin,ymin,xmax,ymax,score,label
608.6519775390625,274.7903747558594,628.14794921875,293.2439880371094,0.3301626741886139,8
235.69224548339844,198.94009399414062,247.32290649414062,211.75975036621094,0.07077831774950027,3
608.2347412109375,278.51190185546875,627.1427001953125,293.64337158203125,0.07025966793298721,3
