xmin,ymin,xmax,ymax,score,label
610.4473266601562,275.260986328125,628.6426391601562,293.5785827636719,0.8980466723442078,8
610.878662109375,278.7916259765625,627.6964721679688,294.103271484375,0.2132405787706375,3
