xmin,ymin,xmax,ymax,score,label
611.4147338867188,275.9007263183594,629.2034912109375,293.64501953125,0.8243510723114014,8
611.5923461914062,279.9011535644531,628.117431640625,294.1351623535156,0.2816297709941864,3
