xmin,ymin,xmax,ymax,score,label
611.6546020507812,275.9515075683594,630.4332885742188,293.0921936035156,0.9085179567337036,8
611.797607421875,277.57733154296875,629.23779296875,293.8923034667969,0.2817034125328064,3
