xmin,ymin,xmax,ymax,score,label
612.5393676757812,275.2863464355469,632.325927734375,292.98486328125,0.9004419445991516,8
612.9005737304688,278.8157043457031,630.37451171875,293.73211669921875,0.31309154629707336,3
616.970947265625,274.5210266113281,632.9782104492188,286.28448486328125,0.0526365227997303,8
