xmin,ymin,xmax,ymax,score,label
613.9158935546875,275.86688232421875,633.5029907226562,293.7546081542969,0.8274157643318176,8
613.8453369140625,278.1005859375,630.4330444335938,293.7562561035156,0.406777560710907,3
617.40576171875,275.3072204589844,634.3314819335938,287.05438232421875,0.08335015922784805,8
617.9501342773438,275.6682434082031,634.1329956054688,286.4956359863281,0.059688400477170944,3
