xmin,ymin,xmax,ymax,score,label
614.9686279296875,276.9045715332031,633.40673828125,294.10308837890625,0.611187756061554,8
614.8734130859375,279.4225769042969,632.746337890625,293.9695739746094,0.14741326868534088,3
