xmin,ymin,xmax,ymax,score,label
616.1369018554688,276.5482177734375,634.3885498046875,294.0537414550781,0.7643611431121826,8
616.00244140625,279.3349914550781,633.6009521484375,294.3890686035156,0.2874174118041992,3
619.33837890625,284.9593200683594,633.324462890625,294.1728210449219,0.11101650446653366,3
618.771240234375,284.11810302734375,633.4403076171875,294.0501403808594,0.0660322904586792,8
616.7406005859375,287.46868896484375,629.9778442382812,293.8841857910156,0.065282441675663,3
