xmin,ymin,xmax,ymax,score,label
617.1776733398438,277.1792907714844,634.681640625,293.7206115722656,0.6167328357696533,8
617.436767578125,279.0470886230469,633.6112670898438,293.54925537109375,0.21775192022323608,3
