xmin,ymin,xmax,ymax,score,label
618.6597900390625,277.06304931640625,635.2810668945312,293.83074951171875,0.6212524175643921,8
618.8893432617188,279.2799377441406,634.8681640625,293.7491455078125,0.28494223952293396,3
625.2813720703125,283.4226989746094,635.3255004882812,293.9297790527344,0.09672503918409348,3
