xmin,ymin,xmax,ymax,score,label
618.2078857421875,276.6364440917969,637.1610717773438,294.0246276855469,0.7006635069847107,8
619.0744018554688,277.9691467285156,636.5565185546875,293.9153137207031,0.34192124009132385,3
