xmin,ymin,xmax,ymax,score,label
619.5191650390625,276.6315002441406,637.9067993164062,294.46356201171875,0.5734117031097412,8
619.8403930664062,278.04119873046875,636.8651733398438,294.1841125488281,0.3688173294067383,3
