xmin,ymin,xmax,ymax,score,label
620.4888916015625,278.1097412109375,637.8924560546875,294.4427490234375,0.6289012432098389,3
620.0924682617188,277.7073059082031,638.5591430664062,294.30145263671875,0.34343186020851135,8
626.6474609375,283.4296875,637.9991455078125,294.03350830078125,0.058947619050741196,3
