xmin,ymin,xmax,ymax,score,label
621.7980346679688,278.05029296875,637.9029541015625,294.3843994140625,0.508499026298523,3
621.31396484375,277.6536560058594,638.6010131835938,294.5196838378906,0.3918928802013397,8
