xmin,ymin,xmax,ymax,score,label
622.9559936523438,277.4894714355469,638.7608642578125,294.1814270019531,0.4935332238674164,8
623.2818603515625,278.46954345703125,638.1981201171875,294.21795654296875,0.4638232886791229,3
