xmin,ymin,xmax,ymax,score,label
623.3209838867188,278.2281799316406,639.01806640625,294.116455078125,0.5853678584098816,3
622.9116821289062,276.6642761230469,639.7460327148438,294.3100280761719,0.4098723828792572,8
