xmin,ymin,xmax,ymax,score,label
624.2637329101562,278.21917724609375,639.1136474609375,294.9663391113281,0.28927114605903625,8
624.341064453125,278.6788635253906,638.95703125,294.95068359375,0.1843150556087494,3
