xmin,ymin,xmax,ymax,score,label
625.0015258789062,278.3902282714844,639.1216430664062,294.7030334472656,0.18741121888160706,3
624.867431640625,277.5948791503906,639.2604370117188,294.6604919433594,0.12924526631832123,8
