xmin,ymin,xmax,ymax,score,label
626.9573974609375,277.9720153808594,639.6995239257812,294.2972412109375,0.11153668165206909,3
626.76171875,277.2793273925781,639.8336181640625,293.9978332519531,0.059570975601673126,8
234.54649353027344,199.0308074951172,247.07083129882812,213.1126708984375,0.05212802812457085,3
