xmin,ymin,xmax,ymax,score,label
627.7184448242188,277.99664306640625,639.2824096679688,294.0459289550781,0.2656744718551636,3
627.4199829101562,277.4153137207031,639.2212524414062,294.351806640625,0.12591087818145752,8
