xmin,ymin,xmax,ymax,score,label
232.39266967773438,198.01553344726562,247.46035766601562,213.22071838378906,0.05024411529302597,3
