xmin,ymin,xmax,ymax,score,label
232.7130889892578,198.11476135253906,247.91810607910156,213.50906372070312,0.0886770635843277,3
