xmin,ymin,xmax,ymax,score,label
234.2003173828125,198.91986083984375,247.76072692871094,213.7509307861328,0.1100870668888092,3
