xmin,ymin,xmax,ymax,score,label
234.18617248535156,198.66249084472656,247.72760009765625,213.26327514648438,0.14423371851444244,3
