xmin,ymin,xmax,ymax,score,label
234.2937469482422,198.5159149169922,247.15310668945312,212.9102020263672,0.07776394486427307,3
