xmin,ymin,xmax,ymax,score,label
232.84109497070312,197.91212463378906,246.98281860351562,212.4481964111328,0.09848912805318832,3
