xmin,ymin,xmax,ymax,score,label
233.5669403076172,198.52947998046875,246.963623046875,212.6177215576172,0.11115007847547531,3
