xmin,ymin,xmax,ymax,score,label
233.4569549560547,198.46524047851562,247.32994079589844,212.87326049804688,0.12394239753484726,3
