xmin,ymin,xmax,ymax,score,label
233.45326232910156,198.42210388183594,247.20083618164062,212.40333557128906,0.17688901722431183,3
