xmin,ymin,xmax,ymax,score,label
235.80990600585938,198.93983459472656,247.31781005859375,212.16616821289062,0.0715017020702362,3
