xmin,ymin,xmax,ymax,score,label
233.60658264160156,199.17481994628906,247.40890502929688,212.8625030517578,0.07980000972747803,3
