xmin,ymin,xmax,ymax,score,label
233.6199493408203,198.61341857910156,247.40341186523438,212.97862243652344,0.16618359088897705,3
