xmin,ymin,xmax,ymax,score,label
235.49317932128906,197.99041748046875,247.31173706054688,212.12835693359375,0.060100212693214417,3
