xmin,ymin,xmax,ymax,score,label
237.87600708007812,199.58290100097656,247.1787109375,211.2816925048828,0.058286603540182114,3
