xmin,ymin,xmax,ymax,score,label
237.69773864746094,199.47422790527344,247.24269104003906,211.5564727783203,0.05220850184559822,3
