xmin,ymin,xmax,ymax,score,label
235.0102081298828,198.79112243652344,247.52357482910156,212.5154266357422,0.0836363136768341,3
