xmin,ymin,xmax,ymax,score,label
237.28697204589844,199.02723693847656,246.2532501220703,211.13485717773438,0.18282529711723328,3
