xmin,ymin,xmax,ymax,score,label
236.4981689453125,199.19834899902344,246.62667846679688,211.20379638671875,0.25753363966941833,3
236.7125244140625,197.9916534423828,244.9168243408203,206.782958984375,0.05894168093800545,3
