xmin,ymin,xmax,ymax,score,label
233.7636260986328,198.95924377441406,246.9833984375,212.20187377929688,0.1091073602437973,3
