xmin,ymin,xmax,ymax,score,label
233.7793731689453,198.92201232910156,246.91749572753906,212.0779571533203,0.1957724690437317,3
239.05946350097656,201.04959106445312,246.315673828125,211.03854370117188,0.09091095626354218,3
237.07159423828125,198.794921875,245.63671875,208.35650634765625,0.051351968199014664,3
