xmin,ymin,xmax,ymax,score,label
237.54217529296875,199.92176818847656,246.88009643554688,211.6498260498047,0.17160116136074066,3
