xmin,ymin,xmax,ymax,score,label
236.51220703125,200.7411346435547,247.17608642578125,210.87503051757812,0.052767038345336914,3
