xmin,ymin,xmax,ymax,score,label
237.4837646484375,200.00439453125,246.98899841308594,211.14016723632812,0.052247561514377594,3
