xmin,ymin,xmax,ymax,score,label
237.21080017089844,198.912109375,247.5078125,212.29214477539062,0.050151534378528595,3
