xmin,ymin,xmax,ymax,score,label
235.93675231933594,198.38558959960938,247.87042236328125,212.06089782714844,0.07439244538545609,3
