xmin,ymin,xmax,ymax,score,label
236.6019287109375,199.33485412597656,247.38534545898438,211.71922302246094,0.07554807513952255,3
