xmin,ymin,xmax,ymax,score,label
237.09823608398438,199.3397979736328,247.34921264648438,211.62738037109375,0.05416586250066757,3
