xmin,ymin,xmax,ymax,score,label
236.34780883789062,199.10923767089844,247.45262145996094,212.505126953125,0.09236913919448853,3
