xmin,ymin,xmax,ymax,score,label
234.28114318847656,198.82473754882812,247.3882598876953,212.88771057128906,0.05887613818049431,3
