xmin,ymin,xmax,ymax,score,label
233.9549560546875,198.83782958984375,247.7144012451172,213.18856811523438,0.0843687430024147,3
