xmin,ymin,xmax,ymax,score,label
233.85580444335938,198.86996459960938,247.66360473632812,213.19741821289062,0.11694055050611496,3
