xmin,ymin,xmax,ymax,score,label
237.3072967529297,199.8912811279297,247.16964721679688,211.88034057617188,0.09743079543113708,3
