xmin,ymin,xmax,ymax,score,label
237.42149353027344,199.28317260742188,247.27557373046875,211.96652221679688,0.17089936137199402,3
