xmin,ymin,xmax,ymax,score,label
237.5935821533203,199.19068908691406,247.2593231201172,211.76571655273438,0.1468387097120285,3
