xmin,ymin,xmax,ymax,score,label
237.40463256835938,199.57733154296875,247.41127014160156,211.36328125,0.15027235448360443,3
