xmin,ymin,xmax,ymax,score,label
237.76771545410156,199.97866821289062,247.26499938964844,211.79339599609375,0.13013018667697906,3
