xmin,ymin,xmax,ymax,score,label
232.8911895751953,198.3460235595703,246.97975158691406,212.61122131347656,0.2433987408876419,3
