xmin,ymin,xmax,ymax,score,label
237.71849060058594,199.07725524902344,247.44688415527344,211.2433624267578,0.05380658805370331,3
