xmin,ymin,xmax,ymax,score,label
233.62709045410156,198.62818908691406,247.5062713623047,212.9214324951172,0.06879839301109314,3
