xmin,ymin,xmax,ymax,score,label
236.68841552734375,199.35401916503906,247.1432342529297,212.0670623779297,0.07865893095731735,3
