xmin,ymin,xmax,ymax,score,label
236.61898803710938,198.9646453857422,247.01426696777344,211.04737854003906,0.3670713007450104,3
236.26614379882812,197.41551208496094,245.24835205078125,206.14463806152344,0.07005113363265991,3
