xmin,ymin,xmax,ymax,score,label
281.6123962402344,280.2786865234375,377.7185363769531,309.47296142578125,0.08861501514911652,3
