xmin,ymin,xmax,ymax,score,label
237.05763244628906,199.4046173095703,247.0334930419922,211.0101318359375,0.07710641622543335,3
