xmin,ymin,xmax,ymax,score,label
238.06390380859375,199.81289672851562,247.38063049316406,211.8070068359375,0.10185042768716812,3
