xmin,ymin,xmax,ymax,score,label
236.9276580810547,199.46128845214844,247.11952209472656,211.91165161132812,0.05397377163171768,3
