xmin,ymin,xmax,ymax,score,label
235.10084533691406,198.97280883789062,247.4956817626953,213.0550537109375,0.08326680958271027,3
