xmin,ymin,xmax,ymax,score,label
234.63900756835938,198.4317169189453,247.6984405517578,212.25570678710938,0.05716012045741081,3
