xmin,ymin,xmax,ymax,score,label
234.93714904785156,198.64283752441406,247.5579376220703,212.67208862304688,0.1283259391784668,3
