xmin,ymin,xmax,ymax,score,label
236.70773315429688,198.12246704101562,247.00048828125,210.46034240722656,0.08089656382799149,3
