xmin,ymin,xmax,ymax,score,label
235.81512451171875,198.0538787841797,247.36180114746094,211.7791290283203,0.08742441982030869,3
