xmin,ymin,xmax,ymax,score,label
238.04273986816406,200.2545166015625,247.10365295410156,212.74853515625,0.06422176957130432,3
