xmin,ymin,xmax,ymax,score,label
237.04254150390625,199.67115783691406,247.3978729248047,211.98544311523438,0.05654395744204521,3
