xmin,ymin,xmax,ymax,score,label
236.11209106445312,198.78033447265625,247.6734161376953,211.42955017089844,0.11666286736726761,3
