xmin,ymin,xmax,ymax,score,label
236.07272338867188,198.9140167236328,247.3367462158203,211.38873291015625,0.11495411396026611,3
