xmin,ymin,xmax,ymax,score,label
237.4429473876953,199.2477569580078,247.0054473876953,211.40127563476562,0.13060380518436432,3
