xmin,ymin,xmax,ymax,score,label
237.3435516357422,199.4945831298828,246.88421630859375,210.96841430664062,0.05366726592183113,3
