xmin,ymin,xmax,ymax,score,label
237.31663513183594,198.97279357910156,247.2814178466797,211.80783081054688,0.13495418429374695,3
