xmin,ymin,xmax,ymax,score,label
237.45082092285156,199.20713806152344,247.19989013671875,211.89109802246094,0.18348777294158936,3
