xmin,ymin,xmax,ymax,score,label
237.73513793945312,199.27191162109375,247.37075805664062,211.7594451904297,0.1224970668554306,3
