xmin,ymin,xmax,ymax,score,label
234.8726806640625,198.2137908935547,247.6494140625,212.67611694335938,0.062215786427259445,3
