xmin,ymin,xmax,ymax,score,label
234.6651153564453,198.64166259765625,247.74365234375,213.01771545410156,0.06830454617738724,3
