xmin,ymin,xmax,ymax,score,label
234.3623504638672,199.27197265625,247.7557373046875,213.6919708251953,0.06245501711964607,3
