xmin,ymin,xmax,ymax,score,label
238.1417236328125,199.0152130126953,247.2047119140625,211.96578979492188,0.05688025802373886,3
