xmin,ymin,xmax,ymax,score,label
238.05589294433594,199.0714111328125,247.18797302246094,211.94654846191406,0.07609713077545166,3
