xmin,ymin,xmax,ymax,score,label
235.65194702148438,198.058349609375,247.86012268066406,212.637939453125,0.15099391341209412,3
