xmin,ymin,xmax,ymax,score,label
235.4862518310547,198.18032836914062,247.62083435058594,212.51583862304688,0.3249067962169647,3
