xmin,ymin,xmax,ymax,score,label
237.22634887695312,199.73130798339844,247.34249877929688,212.9011993408203,0.07923392206430435,3
