xmin,ymin,xmax,ymax,score,label
235.4442596435547,199.20468139648438,247.70309448242188,213.58929443359375,0.09240281581878662,3
