xmin,ymin,xmax,ymax,score,label
235.32943725585938,199.07843017578125,247.8150634765625,213.74356079101562,0.06577232480049133,3
