xmin,ymin,xmax,ymax,score,label
235.64064025878906,199.62948608398438,247.75299072265625,213.3729705810547,0.10170351713895798,3
