xmin,ymin,xmax,ymax,score,label
235.01260375976562,199.34898376464844,247.4808349609375,213.15150451660156,0.054692793637514114,3
