xmin,ymin,xmax,ymax,score,label
235.1853485107422,198.62313842773438,247.56654357910156,213.17372131347656,0.13578341901302338,3
