xmin,ymin,xmax,ymax,score,label
234.72190856933594,198.95155334472656,247.2775421142578,212.4947967529297,0.0803532674908638,3
