xmin,ymin,xmax,ymax,score,label
233.8601531982422,198.86135864257812,247.3668670654297,212.28536987304688,0.07984988391399384,3
