xmin,ymin,xmax,ymax,score,label
236.98477172851562,199.08702087402344,247.60130310058594,211.7387237548828,0.066887766122818,3
