xmin,ymin,xmax,ymax,score,label
236.769287109375,199.0239715576172,247.20828247070312,211.6818389892578,0.11221615225076675,3
