xmin,ymin,xmax,ymax,score,label
237.2051239013672,199.28646850585938,247.47032165527344,211.37744140625,0.09126591682434082,3
