xmin,ymin,xmax,ymax,score,label
236.83021545410156,199.24107360839844,247.2796173095703,211.48760986328125,0.07734952121973038,3
