xmin,ymin,xmax,ymax,score,label
236.1337127685547,198.70123291015625,247.654541015625,212.57066345214844,0.08611191064119339,3
