xmin,ymin,xmax,ymax,score,label
237.2042999267578,199.22265625,246.69776916503906,211.09288024902344,0.08399246633052826,3
