xmin,ymin,xmax,ymax,score,label
238.73922729492188,199.2196807861328,246.9788818359375,210.60952758789062,0.07335557788610458,3
