xmin,ymin,xmax,ymax,score,label
237.34732055664062,199.17794799804688,247.70823669433594,211.17051696777344,0.07062390446662903,3
