xmin,ymin,xmax,ymax,score,label
234.0459747314453,198.83493041992188,247.87786865234375,212.84474182128906,0.10287318378686905,3
