xmin,ymin,xmax,ymax,score,label
235.1970672607422,198.50286865234375,247.81639099121094,212.7018280029297,0.050337061285972595,3
