xmin,ymin,xmax,ymax,score,label
236.58958435058594,198.5609893798828,246.92713928222656,211.4818572998047,0.05115257576107979,3
