xmin,ymin,xmax,ymax,score,label
236.62030029296875,199.09031677246094,247.5315704345703,212.2426300048828,0.09603849053382874,3
