xmin,ymin,xmax,ymax,score,label
235.07742309570312,198.63304138183594,247.63217163085938,212.8294219970703,0.06588247418403625,3
