xmin,ymin,xmax,ymax,score,label
235.20529174804688,199.00657653808594,247.56326293945312,213.41148376464844,0.08436883985996246,3
