xmin,ymin,xmax,ymax,score,label
237.6605682373047,198.8599090576172,247.32484436035156,212.11392211914062,0.05836118012666702,3
