xmin,ymin,xmax,ymax,score,label
237.6077880859375,198.36143493652344,247.28517150878906,210.326904296875,0.125785693526268,3
