xmin,ymin,xmax,ymax,score,label
235.27943420410156,197.9609832763672,247.74978637695312,211.9476776123047,0.09832412749528885,3
