xmin,ymin,xmax,ymax,score,label
235.34486389160156,197.93251037597656,247.33203125,211.48968505859375,0.05115947127342224,3
