xmin,ymin,xmax,ymax,score,label
235.14065551757812,197.85963439941406,247.37979125976562,211.7906036376953,0.12006885558366776,3
