xmin,ymin,xmax,ymax,score,label
237.06089782714844,199.1877899169922,247.80224609375,211.70675659179688,0.06393666565418243,3
