xmin,ymin,xmax,ymax,score,label
233.29713439941406,198.40965270996094,247.3575897216797,212.7350616455078,0.093326635658741,3
