xmin,ymin,xmax,ymax,score,label
233.8225555419922,198.89039611816406,247.3378448486328,213.0504150390625,0.12928156554698944,3
