xmin,ymin,xmax,ymax,score,label
233.1150665283203,198.61309814453125,247.38438415527344,212.9032745361328,0.08236474543809891,3
