xmin,ymin,xmax,ymax,score,label
232.6142120361328,198.3353729248047,247.38442993164062,212.8018341064453,0.075714610517025,3
