xmin,ymin,xmax,ymax,score,label
237.3722381591797,200.109619140625,247.37319946289062,211.9041748046875,0.05635306239128113,3
