xmin,ymin,xmax,ymax,score,label
235.19473266601562,198.29730224609375,247.61520385742188,212.9374237060547,0.0633007287979126,3
