xmin,ymin,xmax,ymax,score,label
233.73867797851562,198.53656005859375,247.41455078125,212.008544921875,0.31150004267692566,3
