xmin,ymin,xmax,ymax,score,label
233.1641387939453,198.33428955078125,247.34803771972656,212.5248565673828,0.1730376034975052,3
