xmin,ymin,xmax,ymax,score,label
235.7262420654297,198.0894775390625,247.75657653808594,211.4539794921875,0.0683138370513916,3
