xmin,ymin,xmax,ymax,score,label
235.5912628173828,198.15476989746094,247.8646240234375,211.23988342285156,0.0873301774263382,3
