xmin,ymin,xmax,ymax,score,label
232.84463500976562,198.7068328857422,247.68655395507812,212.25396728515625,0.07091083377599716,3
