xmin,ymin,xmax,ymax,score,label
233.36448669433594,198.3849639892578,247.5361785888672,212.55799865722656,0.05452299490571022,3
