xmin,ymin,xmax,ymax,score,label
236.77938842773438,198.36012268066406,247.14085388183594,210.43051147460938,0.060880471020936966,3
