xmin,ymin,xmax,ymax,score,label
236.68331909179688,198.53143310546875,246.84634399414062,211.11802673339844,0.08164860308170319,3
