xmin,ymin,xmax,ymax,score,label
236.07273864746094,199.009765625,247.2031707763672,211.93238830566406,0.06660489737987518,3
