xmin,ymin,xmax,ymax,score,label
235.69679260253906,198.82554626464844,247.21981811523438,211.89630126953125,0.11588577926158905,3
