xmin,ymin,xmax,ymax,score,label
236.26133728027344,199.3039093017578,247.3399200439453,212.40184020996094,0.20885434746742249,3
