xmin,ymin,xmax,ymax,score,label
237.1422882080078,199.43885803222656,247.48475646972656,212.16940307617188,0.0740867406129837,3
