xmin,ymin,xmax,ymax,score,label
236.5698699951172,199.50015258789062,247.38182067871094,212.0325927734375,0.06309060752391815,3
