xmin,ymin,xmax,ymax,score,label
236.2161407470703,199.14247131347656,247.3639373779297,211.69882202148438,0.0636424794793129,3
