xmin,ymin,xmax,ymax,score,label
234.92176818847656,198.5207061767578,247.41839599609375,212.21670532226562,0.058541640639305115,3
