xmin,ymin,xmax,ymax,score,label
236.91546630859375,199.74916076660156,247.10752868652344,211.32424926757812,0.06494533270597458,3
