xmin,ymin,xmax,ymax,score,label
236.8112030029297,200.5782928466797,247.37408447265625,212.20872497558594,0.1218452900648117,3
