xmin,ymin,xmax,ymax,score,label
237.7483673095703,199.6913604736328,247.2078399658203,211.63795471191406,0.0734284371137619,3
