xmin,ymin,xmax,ymax,score,label
236.86770629882812,199.67784118652344,246.89486694335938,211.6868133544922,0.08845254778862,3
