xmin,ymin,xmax,ymax,score,label
236.79571533203125,199.74961853027344,247.05636596679688,211.65029907226562,0.12933793663978577,3
