xmin,ymin,xmax,ymax,score,label
237.10935974121094,199.70506286621094,246.9698944091797,210.58761596679688,0.07219226658344269,3
