xmin,ymin,xmax,ymax,score,label
235.40577697753906,198.46888732910156,247.59738159179688,212.25863647460938,0.05533309280872345,3
