xmin,ymin,xmax,ymax,score,label
235.31112670898438,198.78375244140625,247.60987854003906,212.71946716308594,0.059609465301036835,3
