xmin,ymin,xmax,ymax,score,label
237.2455291748047,199.44700622558594,247.171875,210.12088012695312,0.08490640670061111,3
