xmin,ymin,xmax,ymax,score,label
236.61204528808594,199.29046630859375,247.2339324951172,211.05088806152344,0.05651480704545975,3
