xmin,ymin,xmax,ymax,score,label
237.19793701171875,198.87925720214844,247.9429473876953,211.16531372070312,0.14238561689853668,3
