xmin,ymin,xmax,ymax,score,label
236.43069458007812,199.18453979492188,247.3949737548828,211.8859100341797,0.08939621597528458,3
