xmin,ymin,xmax,ymax,score,label
237.17559814453125,198.9965362548828,247.1123809814453,212.0260009765625,0.09732144325971603,3
