xmin,ymin,xmax,ymax,score,label
236.6199951171875,198.09483337402344,247.1749267578125,211.81016540527344,0.2390991747379303,3
