xmin,ymin,xmax,ymax,score,label
236.84268188476562,199.4990692138672,247.14019775390625,211.61204528808594,0.09580674022436142,3
