xmin,ymin,xmax,ymax,score,label
235.5398406982422,199.03514099121094,247.2122344970703,212.69290161132812,0.05599181354045868,3
