xmin,ymin,xmax,ymax,score,label
237.77127075195312,199.7710418701172,247.0120849609375,212.1204833984375,0.12458507716655731,3
