xmin,ymin,xmax,ymax,score,label
234.21136474609375,199.21649169921875,247.40126037597656,212.5433807373047,0.05285187438130379,3
