xmin,ymin,xmax,ymax,score,label
236.1092529296875,199.2052459716797,247.23707580566406,211.39988708496094,0.06908120959997177,3
