xmin,ymin,xmax,ymax,score,label
234.26895141601562,198.63140869140625,247.6613006591797,212.18890380859375,0.12162552028894424,3
