xmin,ymin,xmax,ymax,score,label
237.28067016601562,199.759765625,247.41265869140625,211.34762573242188,0.13200731575489044,3
