xmin,ymin,xmax,ymax,score,label
236.81085205078125,201.2023162841797,247.14102172851562,211.38182067871094,0.06250019371509552,3
