xmin,ymin,xmax,ymax,score,label
238.237548828125,199.69158935546875,246.5674591064453,210.62510681152344,0.05743391439318657,3
