xmin,ymin,xmax,ymax,score,label
238.3934783935547,200.2307891845703,247.06190490722656,211.03016662597656,0.05263594910502434,3
