xmin,ymin,xmax,ymax,score,label
238.1111297607422,200.53836059570312,246.9721221923828,211.26336669921875,0.10025940090417862,3
