xmin,ymin,xmax,ymax,score,label
235.29930114746094,197.91983032226562,247.55368041992188,212.12107849121094,0.08472227305173874,3
