xmin,ymin,xmax,ymax,score,label
236.5350341796875,198.73948669433594,247.68943786621094,210.9136199951172,0.11178211122751236,3
