xmin,ymin,xmax,ymax,score,label
235.5015869140625,198.65541076660156,247.67794799804688,212.1288299560547,0.26133573055267334,3
