xmin,ymin,xmax,ymax,score,label
236.65570068359375,198.6798858642578,247.76560974121094,211.69259643554688,0.08536971360445023,3
