xmin,ymin,xmax,ymax,score,label
235.18270874023438,198.35433959960938,247.8938446044922,212.2974853515625,0.0564768984913826,3
