xmin,ymin,xmax,ymax,score,label
236.84609985351562,199.67929077148438,247.24676513671875,211.20797729492188,0.0811157301068306,3
