xmin,ymin,xmax,ymax,score,label
237.97706604003906,198.54612731933594,247.2662811279297,209.5700225830078,0.08903758227825165,3
