xmin,ymin,xmax,ymax,score,label
235.87921142578125,198.93917846679688,247.10943603515625,211.12722778320312,0.05513326823711395,3
