xmin,ymin,xmax,ymax,score,label
235.2775115966797,198.1113739013672,247.63232421875,212.67042541503906,0.05514737218618393,3
