xmin,ymin,xmax,ymax,score,label
236.2378692626953,197.99691772460938,247.5924835205078,212.4132080078125,0.08728808164596558,3
