xmin,ymin,xmax,ymax,score,label
232.96241760253906,198.41744995117188,247.40757751464844,212.31405639648438,0.0825362280011177,3
