xmin,ymin,xmax,ymax,score,label
236.0357666015625,199.81655883789062,246.97073364257812,211.69314575195312,0.1231689602136612,3
