xmin,ymin,xmax,ymax,score,label
236.38531494140625,200.3482666015625,247.08209228515625,211.59950256347656,0.06831012666225433,3
