xmin,ymin,xmax,ymax,score,label
233.711669921875,198.4308624267578,246.97573852539062,211.80470275878906,0.05502912402153015,3
