xmin,ymin,xmax,ymax,score,label
236.12222290039062,198.42005920410156,247.65829467773438,211.9362030029297,0.06635652482509613,3
