xmin,ymin,xmax,ymax,score,label
235.1451873779297,197.85720825195312,247.56016540527344,211.52793884277344,0.06408748030662537,3
280.7146301269531,280.3760986328125,373.8612365722656,305.6851501464844,0.05099038779735565,3
