xmin,ymin,xmax,ymax,score,label
236.2886962890625,199.7085418701172,246.92820739746094,212.4978790283203,0.05610530823469162,3
