xmin,ymin,xmax,ymax,score,label
236.63758850097656,199.59608459472656,246.5817413330078,212.179931640625,0.06200288236141205,3
