xmin,ymin,xmax,ymax,score,label
238.082275390625,198.99658203125,246.4578857421875,209.9049835205078,0.08433140069246292,3
