xmin,ymin,xmax,ymax,score,label
237.17889404296875,201.50685119628906,246.93429565429688,212.08609008789062,0.0506066270172596,3
