xmin,ymin,xmax,ymax,score,label
233.71615600585938,199.3022918701172,247.6597900390625,212.9228057861328,0.07385601848363876,3
237.77938842773438,201.7112579345703,247.169677734375,211.7626190185547,0.06365054100751877,3
