xmin,ymin,xmax,ymax,score,label
235.32720947265625,198.6658477783203,247.12408447265625,210.94497680664062,0.05609041824936867,3
