xmin,ymin,xmax,ymax,score,label
235.76844787597656,198.92710876464844,247.09352111816406,211.01808166503906,0.052823908627033234,3
