xmin,ymin,xmax,ymax,score,label
237.1803436279297,199.67398071289062,247.00125122070312,211.29461669921875,0.050976697355508804,3
