xmin,ymin,xmax,ymax,score,label
237.10592651367188,198.26345825195312,247.01014709472656,210.26515197753906,0.09851083904504776,3
633.7332153320312,286.945556640625,640.0,296.70501708984375,0.05897301435470581,3
