xmin,ymin,xmax,ymax,score,label
632.911376953125,287.2464904785156,640.0,297.15142822265625,0.0617099329829216,3
