xmin,ymin,xmax,ymax,score,label
631.5140380859375,287.6253356933594,640.0,297.34326171875,0.40313732624053955,3
