xmin,ymin,xmax,ymax,score,label
630.5167846679688,286.44232177734375,639.7633666992188,297.1468505859375,0.20392486453056335,3
