xmin,ymin,xmax,ymax,score,label
629.5191040039062,286.08990478515625,639.228271484375,296.5824890136719,0.07178950309753418,3
