xmin,ymin,xmax,ymax,score,label
628.5650024414062,286.41943359375,638.36669921875,296.4054260253906,0.19302377104759216,3
