xmin,ymin,xmax,ymax,score,label
627.4595336914062,286.84576416015625,638.5701293945312,296.5489196777344,0.5077012777328491,3
