xmin,ymin,xmax,ymax,score,label
626.42529296875,287.9803771972656,637.1242065429688,296.78509521484375,0.7294839024543762,3
625.5427856445312,287.091796875,638.0726928710938,297.1494140625,0.085200734436512,8
