xmin,ymin,xmax,ymax,score,label
624.9991455078125,287.6239013671875,637.0845947265625,296.995849609375,0.7852125763893127,3
624.4921875,286.73455810546875,637.3828125,297.1785583496094,0.1218559592962265,8
