xmin,ymin,xmax,ymax,score,label
623.8984985351562,286.8033142089844,635.6466674804688,296.8271484375,0.6849095821380615,3
623.11962890625,286.1568603515625,636.2544555664062,296.8955383300781,0.2738422453403473,8
