xmin,ymin,xmax,ymax,score,label
623.1710205078125,286.29302978515625,634.4746704101562,296.1657409667969,0.5010039806365967,3
622.4395141601562,285.6579895019531,635.3228149414062,296.676513671875,0.3356268107891083,8
