xmin,ymin,xmax,ymax,score,label
621.6461181640625,286.7649230957031,633.4236450195312,296.91424560546875,0.6893834471702576,3
621.1812744140625,286.1575012207031,633.8709106445312,296.8851013183594,0.3289238214492798,8
