xmin,ymin,xmax,ymax,score,label
621.18212890625,286.75537109375,631.650146484375,297.0008544921875,0.5984957814216614,3
620.4475708007812,286.4993591308594,631.9313354492188,297.4195556640625,0.533923864364624,8
