xmin,ymin,xmax,ymax,score,label
618.921875,285.9269104003906,631.6632690429688,297.1529846191406,0.7351618409156799,8
618.9928588867188,286.38226318359375,631.7365112304688,296.9212646484375,0.3427707254886627,3
235.9055633544922,198.3494415283203,248.28570556640625,212.2003173828125,0.07755318284034729,3
