xmin,ymin,xmax,ymax,score,label
617.5985717773438,285.05279541015625,630.5731811523438,296.7901306152344,0.6437777280807495,8
618.133056640625,285.8056335449219,630.451171875,296.4466247558594,0.30398237705230713,3
237.3158416748047,198.90101623535156,247.49972534179688,211.46490478515625,0.2548426687717438,3
