xmin,ymin,xmax,ymax,score,label
616.236083984375,285.3260192871094,629.570556640625,296.4967956542969,0.604820728302002,8
616.736572265625,286.0438537597656,629.190673828125,296.2593688964844,0.3373557925224304,3
237.47879028320312,198.9257049560547,247.772705078125,211.6181640625,0.32367414236068726,3
