xmin,ymin,xmax,ymax,score,label
615.1686401367188,285.115966796875,628.835693359375,296.51165771484375,0.5032812356948853,8
615.4310913085938,285.7043151855469,628.2888793945312,296.5075988769531,0.48964744806289673,3
236.8343963623047,199.56045532226562,247.4831085205078,211.42367553710938,0.09354374557733536,3
