xmin,ymin,xmax,ymax,score,label
612.8336791992188,285.37738037109375,627.6044311523438,297.2740173339844,0.5122811198234558,8
613.56640625,286.1108093261719,627.3263549804688,297.2079162597656,0.509679913520813,3
