xmin,ymin,xmax,ymax,score,label
611.9671020507812,285.318115234375,626.751953125,297.5928039550781,0.5521816611289978,8
612.9517211914062,286.3098449707031,626.3435668945312,297.46514892578125,0.4065256118774414,3
