xmin,ymin,xmax,ymax,score,label
611.2992553710938,285.5955505371094,624.994140625,297.1178894042969,0.46456286311149597,3
611.1767578125,285.3997497558594,625.0389404296875,297.17657470703125,0.271515429019928,8
