xmin,ymin,xmax,ymax,score,label
609.4459838867188,284.5541687011719,624.2767944335938,297.0965881347656,0.3247964382171631,3
609.2230224609375,284.1646423339844,624.3989868164062,297.12152099609375,0.19678136706352234,8
