xmin,ymin,xmax,ymax,score,label
608.6714477539062,284.7484130859375,622.896728515625,296.84197998046875,0.516528844833374,3
608.0145874023438,284.1335144042969,623.5072631835938,296.9783935546875,0.30382293462753296,8
