xmin,ymin,xmax,ymax,score,label
606.7086181640625,285.547119140625,622.2578735351562,297.4237976074219,0.6156525015830994,3
606.4453125,284.81292724609375,622.5299682617188,297.6975402832031,0.41917869448661804,8
