xmin,ymin,xmax,ymax,score,label
604.822265625,285.3126525878906,620.9605712890625,297.6602783203125,0.7257892489433289,3
604.5357055664062,285.06170654296875,621.2561645507812,297.915771484375,0.2771419882774353,8
