xmin,ymin,xmax,ymax,score,label
603.0878295898438,284.8259582519531,619.9078979492188,297.3787536621094,0.8473815321922302,3
602.653564453125,284.3283996582031,619.6646118164062,297.63214111328125,0.24195781350135803,8
236.29742431640625,199.24415588378906,247.0541229248047,211.3589324951172,0.07949452102184296,3
