xmin,ymin,xmax,ymax,score,label
602.095458984375,284.44342041015625,618.5902099609375,297.6860046386719,0.665674090385437,3
601.5321655273438,284.1261291503906,618.2091064453125,297.6134338378906,0.43460381031036377,8
