xmin,ymin,xmax,ymax,score,label
599.9168090820312,284.0559387207031,616.7742919921875,297.10113525390625,0.6624109745025635,3
599.7471313476562,284.06005859375,616.7197875976562,297.4315185546875,0.42318078875541687,8
604.7366333007812,288.4395751953125,616.5928955078125,297.51983642578125,0.06370683759450912,3
589.9371337890625,294.5699157714844,611.3143920898438,308.55877685546875,0.05304034426808357,3
