xmin,ymin,xmax,ymax,score,label
597.8357543945312,284.2332458496094,615.4418334960938,296.92901611328125,0.837874174118042,3
597.8284912109375,283.849853515625,615.39306640625,297.115478515625,0.2033945620059967,8
591.3185424804688,288.13336181640625,614.8984985351562,307.60858154296875,0.10126829147338867,3
