xmin,ymin,xmax,ymax,score,label
596.5227661132812,283.9625244140625,614.2453002929688,296.547607421875,0.7608448266983032,3
596.23828125,283.9173278808594,614.093994140625,297.0641174316406,0.315713495016098,8
