xmin,ymin,xmax,ymax,score,label
593.9366455078125,283.68994140625,612.8779296875,296.21856689453125,0.8456505537033081,3
594.3841552734375,283.5781555175781,612.6812744140625,296.512939453125,0.22672627866268158,8
