xmin,ymin,xmax,ymax,score,label
592.681640625,283.0513916015625,611.028076171875,296.01434326171875,0.8711379170417786,3
592.1624145507812,283.2208251953125,610.8621826171875,296.0489196777344,0.16161368787288666,8
232.60491943359375,198.692626953125,247.4546661376953,212.09828186035156,0.05615470930933952,3
