xmin,ymin,xmax,ymax,score,label
590.2353515625,283.4028625488281,609.6893310546875,296.0690612792969,0.907524049282074,3
590.1425170898438,283.5600280761719,609.5771484375,296.36053466796875,0.12516841292381287,8
