xmin,ymin,xmax,ymax,score,label
589.478271484375,283.37255859375,608.607177734375,296.5314025878906,0.9588047862052917,3
565.27001953125,301.445556640625,639.0695190429688,456.44024658203125,0.482421875,3
584.2037353515625,292.4329833984375,634.9423828125,342.4700012207031,0.20712177455425262,1
565.2095336914062,294.25360107421875,640.0,458.70654296875,0.14425478875637054,8
587.755615234375,293.11431884765625,639.1932983398438,387.1782531738281,0.11873406171798706,1
583.31640625,284.019775390625,613.2831420898438,340.33526611328125,0.10793924331665039,1
582.5599365234375,309.29986572265625,606.8312377929688,342.8519592285156,0.07947438955307007,2
237.84661865234375,198.86767578125,247.25228881835938,212.27706909179688,0.05817204341292381,3
589.4917602539062,282.8150939941406,608.463134765625,296.2661437988281,0.05070061236619949,8
