xmin,ymin,xmax,ymax,score,label
502.02947998046875,282.8004455566406,637.0191040039062,460.0992126464844,0.6672754287719727,3
455.3890075683594,278.8504943847656,634.7341918945312,454.8738098144531,0.46956390142440796,8
432.6410827636719,326.7845458984375,621.9296875,454.9261474609375,0.31426429748535156,3
421.9365539550781,383.92999267578125,608.9674682617188,463.9981994628906,0.08288124203681946,3
513.47216796875,324.03204345703125,635.0651245117188,467.9563903808594,0.0676552802324295,8
504.0973205566406,286.7924499511719,637.654296875,453.69464111328125,0.056674517691135406,6
