xmin,ymin,xmax,ymax,score,label
440.0123596191406,238.9468536376953,638.8667602539062,425.0354309082031,0.6917980909347534,3
615.8170166015625,360.9156494140625,636.0704345703125,398.5131530761719,0.6773255467414856,1
451.48516845703125,246.4521026611328,640.0,388.24664306640625,0.4493567943572998,6
440.5921630859375,241.0598602294922,640.0,445.6849060058594,0.2807984948158264,8
406.1522216796875,303.4325866699219,629.9115600585938,461.3230285644531,0.18903328478336334,3
618.0414428710938,360.20819091796875,632.754150390625,384.7298278808594,0.09778939187526703,1
610.186279296875,359.90985107421875,631.2135009765625,389.7837219238281,0.06489142030477524,1
