xmin,ymin,xmax,ymax,score,label
424.6658935546875,236.60084533691406,637.714599609375,445.134033203125,0.7016056180000305,3
423.5301513671875,240.83123779296875,640.0,465.9704895019531,0.5049656629562378,8
433.1881408691406,238.50552368164062,640.0,443.86480712890625,0.261595219373703,6
373.9979248046875,328.3439025878906,614.82763671875,458.3827819824219,0.19242151081562042,3
