xmin,ymin,xmax,ymax,score,label
405.2113952636719,233.90467834472656,638.251708984375,451.74468994140625,0.5588909387588501,8
402.777587890625,234.1945037841797,640.0,442.4443054199219,0.34926000237464905,6
394.8227844238281,228.1934051513672,639.7093505859375,442.1241760253906,0.3295353949069977,3
