xmin,ymin,xmax,ymax,score,label
371.2301025390625,229.40538024902344,629.403564453125,405.1492919921875,0.6397020816802979,8
376.8828430175781,225.8844451904297,618.7355346679688,404.57489013671875,0.5603217482566833,3
388.8134765625,230.9988555908203,627.4509887695312,401.8451232910156,0.24625615775585175,6
