xmin,ymin,xmax,ymax,score,label
578.2973022460938,281.9034729003906,599.4811401367188,298.3221435546875,0.9839004278182983,3
379.30267333984375,220.763916015625,570.6943359375,368.3947448730469,0.6252564191818237,6
370.94085693359375,223.98171997070312,569.296875,369.51904296875,0.3601863980293274,8
372.4989013671875,218.25770568847656,563.1119384765625,367.743896484375,0.2698308825492859,3
