xmin,ymin,xmax,ymax,score,label
575.7835693359375,281.8554992675781,597.3014526367188,298.6405944824219,0.9823695421218872,3
365.6929626464844,221.83580017089844,527.4552612304688,348.9345703125,0.5497398376464844,6
364.860595703125,221.06263732910156,526.737060546875,348.49395751953125,0.10760785639286041,8
372.4556579589844,230.5336456298828,523.383056640625,342.7503662109375,0.08308664709329605,3
