xmin,ymin,xmax,ymax,score,label
573.0146484375,281.4908447265625,596.0283203125,298.5151062011719,0.9460110068321228,3
361.3241271972656,217.34323120117188,490.0281677246094,325.576171875,0.9000117182731628,6
361.54608154296875,222.04652404785156,488.9101257324219,326.5732421875,0.20114950835704803,8
573.2271728515625,281.7078857421875,596.402099609375,298.4458923339844,0.08114449679851532,8
362.0126953125,223.86048889160156,489.8113708496094,325.04449462890625,0.05315672606229782,3
