xmin,ymin,xmax,ymax,score,label
570.5257568359375,281.196533203125,594.8109741210938,298.6146545410156,0.8731541633605957,3
351.0791015625,213.2365264892578,463.5716247558594,308.4958190917969,0.591526210308075,6
570.3448486328125,280.4270935058594,595.1351928710938,298.5350036621094,0.15837468206882477,8
351.1186218261719,214.27455139160156,462.39862060546875,307.1976013183594,0.06292811036109924,8
