xmin,ymin,xmax,ymax,score,label
568.3065185546875,281.0373229980469,592.9876098632812,298.1822509765625,0.9895232319831848,3
343.63006591796875,212.66111755371094,437.9815368652344,293.2548522949219,0.5499244928359985,6
343.807373046875,212.5854949951172,437.6969299316406,292.9699401855469,0.09963883459568024,8
568.092529296875,281.448974609375,583.069580078125,295.33197021484375,0.060248930007219315,3
572.3267211914062,281.20758056640625,591.266845703125,292.1214294433594,0.05142876133322716,3
