xmin,ymin,xmax,ymax,score,label
566.6998291015625,281.85443115234375,590.6123657226562,298.8774108886719,0.9908937215805054,3
338.1258544921875,212.83741760253906,422.1876220703125,285.8459167480469,0.15967075526714325,8
337.70404052734375,213.4256134033203,423.01287841796875,287.00604248046875,0.0823172777891159,6
234.00244140625,198.79295349121094,247.82308959960938,213.23846435546875,0.05623064935207367,3
