xmin,ymin,xmax,ymax,score,label
564.5753784179688,280.9338684082031,588.586181640625,299.1878356933594,0.9716164469718933,3
333.5750732421875,211.19158935546875,405.949951171875,275.8656005859375,0.21762095391750336,8
564.7339477539062,280.3997802734375,589.30224609375,298.762451171875,0.05973074585199356,8
