xmin,ymin,xmax,ymax,score,label
560.7228393554688,280.1867370605469,587.0572509765625,298.88763427734375,0.6406804323196411,3
326.9052734375,208.9479217529297,394.6723327636719,268.70733642578125,0.4711572527885437,8
561.6329956054688,280.56768798828125,586.75537109375,298.60504150390625,0.4049121141433716,8
561.6392211914062,286.49566650390625,577.965576171875,298.5255432128906,0.06742337346076965,3
328.06390380859375,206.80532836914062,394.5709228515625,268.28399658203125,0.05605347082018852,3
