xmin,ymin,xmax,ymax,score,label
559.3895263671875,280.1163024902344,584.96875,299.0242614746094,0.9516710042953491,3
323.439697265625,208.99110412597656,383.7228698730469,262.6504821777344,0.7625894546508789,8
322.9090881347656,209.8545684814453,385.1138916015625,263.5098571777344,0.10514666885137558,3
558.6178588867188,280.0978698730469,585.3936767578125,298.5865783691406,0.0802001953125,8
