xmin,ymin,xmax,ymax,score,label
557.5757446289062,279.7901916503906,583.1837158203125,299.4267883300781,0.9800750017166138,3
315.66131591796875,206.9468536376953,373.77978515625,260.16485595703125,0.5409010648727417,8
317.7467956542969,209.08094787597656,374.48211669921875,261.1211853027344,0.10847827047109604,6
