xmin,ymin,xmax,ymax,score,label
554.6829833984375,279.4676208496094,581.5684204101562,299.2508850097656,0.9126784205436707,3
294.7698059082031,209.09671020507812,367.3301086425781,256.21142578125,0.6782684922218323,8
554.7296142578125,278.791015625,581.6326904296875,299.1490173339844,0.14126184582710266,8
294.8211669921875,207.2235565185547,366.25341796875,257.89068603515625,0.08784552663564682,6
