xmin,ymin,xmax,ymax,score,label
552.5349731445312,279.2786560058594,580.071044921875,299.2741394042969,0.8916800022125244,3
296.9844665527344,209.3712615966797,359.42626953125,252.6240692138672,0.51796555519104,8
551.6619873046875,277.9599304199219,580.2833251953125,298.5118408203125,0.21481628715991974,8
