xmin,ymin,xmax,ymax,score,label
549.1058349609375,279.2657470703125,578.1404418945312,299.60687255859375,0.9260204434394836,3
291.6478576660156,205.9604034423828,352.7355041503906,250.5234832763672,0.2579359710216522,8
549.8746948242188,279.592041015625,577.7930908203125,299.7430725097656,0.15592768788337708,8
295.00726318359375,204.8793182373047,353.3113708496094,249.6380615234375,0.1118626520037651,6
556.3875732421875,279.84228515625,577.8539428710938,292.82379150390625,0.06778761744499207,3
