xmin,ymin,xmax,ymax,score,label
548.2513427734375,279.30950927734375,575.1869506835938,299.4085693359375,0.9792582392692566,3
292.18359375,205.7886505126953,347.5825500488281,247.5776824951172,0.6260069012641907,8
555.3574829101562,278.96722412109375,575.2740478515625,289.6622314453125,0.06940101087093353,3
547.4909057617188,277.90728759765625,576.305419921875,298.2091979980469,0.06383217871189117,8
233.7260284423828,194.76441955566406,347.4497985839844,246.6907958984375,0.0600886307656765,8
