xmin,ymin,xmax,ymax,score,label
544.306640625,279.0893249511719,574.2227783203125,298.9496154785156,0.9877976775169373,3
297.0364074707031,206.08599853515625,341.60296630859375,243.8080291748047,0.8842917084693909,8
255.24359130859375,200.2167205810547,339.1839294433594,244.2005157470703,0.2887396812438965,8
553.8717041015625,278.6488037109375,574.7869873046875,292.5264587402344,0.14507611095905304,3
556.4042358398438,277.7478942871094,573.4861450195312,286.77484130859375,0.11597897112369537,3
