xmin,ymin,xmax,ymax,score,label
542.5951538085938,278.89013671875,572.5366821289062,299.5541687011719,0.9867223501205444,3
290.2103576660156,205.59266662597656,336.81158447265625,241.6558380126953,0.9565914869308472,8
244.31109619140625,199.6006622314453,335.3424987792969,240.87376403808594,0.18479788303375244,8
581.3508911132812,281.236083984375,598.4928588867188,288.1240539550781,0.057033754885196686,3
549.5864868164062,277.8280334472656,572.6525268554688,292.5574951171875,0.05039564147591591,3
