xmin,ymin,xmax,ymax,score,label
540.5213623046875,278.6389465332031,570.81494140625,299.7449035644531,0.9883244037628174,3
284.3416442871094,206.45742797851562,331.8497009277344,239.910400390625,0.8878898024559021,8
238.92605590820312,199.21441650390625,330.9238586425781,239.31671142578125,0.27500370144844055,8
295.5796813964844,239.70709228515625,319.2742004394531,256.0869445800781,0.08625930547714233,3
