xmin,ymin,xmax,ymax,score,label
537.8018188476562,278.12615966796875,568.6284790039062,299.6183166503906,0.9777887463569641,3
274.2353820800781,206.887451171875,329.6307373046875,237.13388061523438,0.602436363697052,8
238.96463012695312,200.2279052734375,327.57403564453125,235.90267944335938,0.4111959636211395,8
293.8888854980469,239.55519104003906,318.7605895996094,255.6393585205078,0.09507816284894943,3
274.39801025390625,206.65908813476562,329.9342346191406,236.7556915283203,0.06484068930149078,6
580.2094116210938,277.5893249511719,598.8700561523438,288.41937255859375,0.0591106154024601,3
537.060791015625,277.9342346191406,571.0089721679688,299.4375305175781,0.053351081907749176,8
