xmin,ymin,xmax,ymax,score,label
534.9625854492188,277.9254455566406,566.505126953125,299.091064453125,0.9566479921340942,3
281.4243469238281,204.9538116455078,324.3733215332031,233.79042053222656,0.8147948384284973,8
240.65989685058594,196.8802490234375,323.22613525390625,234.33238220214844,0.2568648159503937,8
534.7842407226562,277.8191833496094,567.2252197265625,299.13946533203125,0.10498178005218506,8
283.0223388671875,204.45562744140625,325.0055847167969,233.55592346191406,0.10037310421466827,6
580.3740844726562,278.044677734375,599.0485229492188,288.4027404785156,0.0761435478925705,3
