xmin,ymin,xmax,ymax,score,label
532.3792724609375,277.8286437988281,565.19580078125,299.513671875,0.9550772905349731,3
282.9340515136719,204.92059326171875,320.2271423339844,232.8878631591797,0.7995314598083496,8
279.84588623046875,215.7012481689453,315.0864562988281,232.4716339111328,0.11609621345996857,8
531.6386108398438,277.5567321777344,565.5974731445312,299.27984619140625,0.11267834901809692,8
285.1656799316406,204.15713500976562,319.10919189453125,232.0637664794922,0.0697794035077095,6
253.79530334472656,201.47357177734375,318.0985412597656,232.81588745117188,0.05544455349445343,8
