xmin,ymin,xmax,ymax,score,label
530.2496337890625,278.2221984863281,563.4541015625,299.6916809082031,0.9290112257003784,3
279.74981689453125,204.49098205566406,316.97039794921875,231.3270721435547,0.69052654504776,8
279.2045593261719,204.3941192626953,316.9075012207031,230.9612579345703,0.19134074449539185,6
276.9093017578125,217.32395935058594,312.5073547363281,231.13168334960938,0.13005515933036804,8
530.3793334960938,277.8175354003906,563.9055786132812,299.6137390136719,0.11640335619449615,8
276.0986328125,216.92164611816406,312.63507080078125,231.0004119873047,0.051194798201322556,6
