xmin,ymin,xmax,ymax,score,label
527.7512817382812,277.6695251464844,561.6426391601562,299.517822265625,0.9670292139053345,3
276.5152587890625,204.07896423339844,314.66650390625,229.28167724609375,0.788406252861023,6
273.5466003417969,203.4493408203125,313.28082275390625,229.90379333496094,0.43653446435928345,8
274.2396240234375,216.25411987304688,311.4437255859375,229.86354064941406,0.16143421828746796,6
240.24195861816406,199.8831024169922,317.5179443359375,229.67172241210938,0.08305399864912033,8
527.768310546875,277.474609375,561.3423461914062,299.6483154296875,0.06985309720039368,8
539.0003662109375,276.81231689453125,559.7608032226562,285.4168395996094,0.06532186269760132,3
239.39871215820312,199.81204223632812,317.0861511230469,229.13949584960938,0.05991055816411972,6
