xmin,ymin,xmax,ymax,score,label
525.3275756835938,277.2006530761719,559.8277587890625,299.4586181640625,0.9639044404029846,3
278.2130432128906,202.13136291503906,311.9786376953125,227.6310272216797,0.9043042063713074,8
235.63706970214844,199.514892578125,314.6739807128906,228.05455017089844,0.2680390775203705,8
278.71954345703125,202.62765502929688,311.80633544921875,227.9757080078125,0.16986222565174103,6
524.4791259765625,277.61663818359375,558.7539672851562,299.2648010253906,0.08818898350000381,8
534.8072509765625,276.4728088378906,559.2706909179688,291.9093933105469,0.07003584504127502,3
