xmin,ymin,xmax,ymax,score,label
522.4750366210938,276.78411865234375,557.5179443359375,299.4636535644531,0.959701418876648,3
276.4033508300781,202.27279663085938,308.51300048828125,227.32810974121094,0.9382603764533997,8
522.7403564453125,276.5950927734375,557.7467041015625,299.1400146484375,0.11363282054662704,8
532.8881225585938,276.65301513671875,557.0626831054688,290.4333801269531,0.08505796641111374,3
272.70928955078125,214.63978576660156,304.8339538574219,227.2534942626953,0.06866162270307541,8
276.2924499511719,203.1911163330078,308.84075927734375,226.4828338623047,0.05705530196428299,6
