xmin,ymin,xmax,ymax,score,label
519.9228515625,276.2070007324219,555.0003662109375,299.6220397949219,0.9687211513519287,3
280.2765197753906,201.67120361328125,305.3255310058594,225.7183380126953,0.7327059507369995,8
279.38848876953125,201.98789978027344,305.56634521484375,224.32237243652344,0.12681534886360168,6
520.3466796875,276.46429443359375,557.9007568359375,299.0505065917969,0.08885609358549118,8
