xmin,ymin,xmax,ymax,score,label
517.47265625,275.5384521484375,553.3411865234375,299.57684326171875,0.9837726950645447,3
276.55267333984375,201.48492431640625,303.54425048828125,223.99826049804688,0.4132147431373596,8
516.1478271484375,276.1452941894531,553.9557495117188,299.12957763671875,0.07373390346765518,8
236.75807189941406,198.4596710205078,299.3760986328125,224.67173767089844,0.07072023302316666,8
