xmin,ymin,xmax,ymax,score,label
515.0765991210938,276.35748291015625,551.4796752929688,299.5989685058594,0.9578285813331604,3
276.0684509277344,201.47042846679688,300.95855712890625,223.08331298828125,0.3663175702095032,8
516.8029174804688,275.9882507324219,551.1911010742188,299.5359802246094,0.09307181090116501,8
235.8114013671875,198.75711059570312,296.0985107421875,223.5908660888672,0.0660528838634491,8
