xmin,ymin,xmax,ymax,score,label
512.5513305664062,275.55804443359375,548.9290161132812,300.1870422363281,0.968041718006134,3
274.420654296875,201.4602813720703,298.0036315917969,222.14405822753906,0.4536478817462921,8
235.1216583251953,198.46890258789062,277.46661376953125,221.15948486328125,0.08647545427083969,8
511.6499938964844,275.8412170410156,548.9390258789062,300.11322021484375,0.07639280706644058,8
