xmin,ymin,xmax,ymax,score,label
509.17755126953125,275.3057556152344,547.5772705078125,299.4709167480469,0.9532324075698853,3
272.8782653808594,200.71688842773438,295.0931396484375,221.00926208496094,0.6106387972831726,8
509.3322448730469,274.52716064453125,548.6198120117188,299.66876220703125,0.12111113220453262,8
233.2783660888672,199.18663024902344,246.67604064941406,212.15049743652344,0.11869541555643082,3
272.9907531738281,200.80099487304688,295.2184143066406,220.7555694580078,0.10100357234477997,6
234.62351989746094,198.66876220703125,277.52020263671875,220.06881713867188,0.09691813588142395,8
