xmin,ymin,xmax,ymax,score,label
507.61627197265625,273.9711608886719,544.7352294921875,299.2726745605469,0.9703783988952637,3
272.8038024902344,199.9327850341797,293.2705383300781,219.419921875,0.7908390164375305,8
273.0354919433594,200.95977783203125,292.9849853515625,219.39308166503906,0.13052743673324585,6
507.40020751953125,273.38104248046875,545.3116455078125,298.565185546875,0.0937742218375206,8
