xmin,ymin,xmax,ymax,score,label
503.605224609375,274.3364562988281,544.0833740234375,300.00848388671875,0.9289388656616211,3
270.60845947265625,199.9656219482422,291.3523254394531,219.40524291992188,0.8551722764968872,8
504.6856689453125,273.8145446777344,543.4151611328125,299.90826416015625,0.18419170379638672,8
234.0199432373047,198.47235107421875,247.75758361816406,212.73388671875,0.12626032531261444,3
270.5469055175781,200.42300415039062,291.0502624511719,220.3459014892578,0.10731367021799088,6
235.26376342773438,198.0926055908203,273.5373229980469,216.6415557861328,0.0716145858168602,8
