xmin,ymin,xmax,ymax,score,label
498.9501647949219,273.02435302734375,538.0323486328125,299.80792236328125,0.9759495258331299,3
265.5379943847656,199.5380096435547,287.384765625,218.1649932861328,0.876664400100708,8
238.33758544921875,198.38308715820312,285.7174987792969,217.31739807128906,0.2893464267253876,8
265.6833801269531,199.4554443359375,287.4272766113281,218.33705139160156,0.12306326627731323,6
497.9258728027344,272.62030029296875,538.3604125976562,299.2108154296875,0.10853088647127151,8
233.7920379638672,198.6259765625,247.7447509765625,212.75442504882812,0.05891937017440796,3
256.77679443359375,204.3982391357422,285.44842529296875,217.35401916503906,0.053462691605091095,8
