xmin,ymin,xmax,ymax,score,label
494.346923828125,272.95172119140625,535.9918212890625,299.2602233886719,0.9843027591705322,3
265.3307189941406,199.13121032714844,285.86859130859375,216.96041870117188,0.8235310316085815,8
238.32814025878906,198.20697021484375,281.8306884765625,216.46266174316406,0.25416460633277893,8
266.1719055175781,198.30026245117188,285.68536376953125,216.75839233398438,0.1825816035270691,6
241.91806030273438,201.95628356933594,268.733154296875,214.45252990722656,0.05876815691590309,8
494.4505920410156,272.3935241699219,537.0773315429688,299.1045227050781,0.055241625756025314,8
