xmin,ymin,xmax,ymax,score,label
491.1755676269531,271.8575439453125,533.2576293945312,299.3184509277344,0.969969630241394,3
265.5429382324219,198.68357849121094,284.1086120605469,215.48907470703125,0.8230165839195251,8
265.82684326171875,198.38229370117188,284.1854553222656,215.4336700439453,0.12897449731826782,6
490.79168701171875,272.20233154296875,534.396728515625,298.9607849121094,0.11897920072078705,8
267.1994934082031,202.99468994140625,283.3426208496094,215.83924865722656,0.06780826300382614,3
