xmin,ymin,xmax,ymax,score,label
487.5100402832031,271.7608947753906,530.8994140625,299.0539245605469,0.9812435507774353,3
263.7830505371094,198.10366821289062,282.78961181640625,214.7187957763672,0.7740938663482666,8
263.987060546875,199.2415313720703,282.2475280761719,214.958251953125,0.20992326736450195,3
263.264892578125,198.24964904785156,282.52984619140625,214.60182189941406,0.0883016586303711,6
487.5762939453125,271.5165710449219,530.9952392578125,297.603515625,0.06177525222301483,8
