xmin,ymin,xmax,ymax,score,label
483.9689025878906,271.4627380371094,528.9576416015625,299.0282287597656,0.9558517932891846,3
261.3903503417969,198.01075744628906,281.3091125488281,214.48797607421875,0.8276936411857605,8
262.9753723144531,198.6957244873047,281.1248474121094,214.56312561035156,0.1470065414905548,3
483.5510559082031,271.7025451660156,524.2550659179688,299.3313903808594,0.11749318987131119,8
240.05804443359375,197.51585388183594,279.8372497558594,214.617431640625,0.06789589673280716,8
261.0244140625,198.1961212158203,281.3412170410156,214.26797485351562,0.06094691902399063,6
