xmin,ymin,xmax,ymax,score,label
260.2238464355469,198.1006622314453,279.98291015625,214.22592163085938,0.8103461861610413,8
479.3061828613281,271.6979675292969,526.014892578125,299.67425537109375,0.6959841847419739,3
479.77471923828125,269.8480529785156,525.2904663085938,299.8902893066406,0.5632777214050293,8
238.7317352294922,197.92164611816406,278.47650146484375,214.63931274414062,0.2550712525844574,8
261.28399658203125,198.78514099121094,280.12127685546875,214.30747985839844,0.11642839014530182,3
