xmin,ymin,xmax,ymax,score,label
476.9321594238281,270.4647521972656,521.957275390625,299.82366943359375,0.9773581027984619,3
261.37652587890625,197.6254119873047,278.2242736816406,213.2069549560547,0.8212077021598816,8
239.1641845703125,197.2190704345703,275.83502197265625,213.47567749023438,0.15832014381885529,8
260.9462890625,197.7281036376953,277.8105773925781,213.0183868408203,0.13775409758090973,6
260.0524597167969,204.8363494873047,275.0508117675781,213.33731079101562,0.09326675534248352,3
475.8802490234375,270.90423583984375,520.4946899414062,299.8348388671875,0.07929886132478714,8
259.54345703125,204.00424194335938,275.4018249511719,213.25791931152344,0.07809923589229584,8
261.016845703125,198.25711059570312,278.9120178222656,212.85911560058594,0.07492798566818237,3
255.63291931152344,205.8364715576172,264.4819030761719,212.50344848632812,0.05510887876152992,3
