xmin,ymin,xmax,ymax,score,label
473.98828125,270.2546081542969,518.0177612304688,298.5567932128906,0.9721977114677429,3
261.29736328125,196.81651306152344,276.96533203125,211.88711547851562,0.5840016007423401,8
261.0034484863281,197.00355529785156,276.77008056640625,211.94436645507812,0.15884530544281006,6
471.1679992675781,270.69049072265625,517.03955078125,298.5550842285156,0.0630282536149025,8
239.74851989746094,195.9274444580078,276.6651916503906,212.24366760253906,0.05982598662376404,8
