xmin,ymin,xmax,ymax,score,label
468.6952819824219,269.69366455078125,514.7933349609375,298.0769958496094,0.9708425998687744,3
259.0315856933594,196.9429931640625,275.407958984375,211.6852264404297,0.547421932220459,8
239.51278686523438,196.35440063476562,275.6490478515625,212.1445770263672,0.20622868835926056,8
257.7812805175781,197.1527862548828,275.5167236328125,211.72500610351562,0.15903665125370026,6
468.6240234375,269.63763427734375,515.1288452148438,298.6466369628906,0.07825042307376862,8
