xmin,ymin,xmax,ymax,score,label
464.81549072265625,269.75390625,510.5042724609375,298.8418273925781,0.9424456357955933,3
255.69764709472656,197.1254119873047,274.6458435058594,211.58067321777344,0.5448458790779114,8
463.20452880859375,268.95599365234375,515.266845703125,298.793212890625,0.17545470595359802,8
241.35177612304688,194.40744018554688,274.6609802246094,211.82945251464844,0.10096600651741028,8
256.1731262207031,197.1374053955078,274.5268859863281,211.55809020996094,0.08315401524305344,6
256.7987365722656,206.07711791992188,272.3071594238281,212.69473266601562,0.06876879930496216,3
241.65760803222656,196.00106811523438,274.7220458984375,211.83511352539062,0.06430209428071976,3
249.3586883544922,202.5224609375,272.6029357910156,212.12179565429688,0.05587789788842201,8
