xmin,ymin,xmax,ymax,score,label
460.69915771484375,269.4461364746094,507.7345886230469,298.9462585449219,0.9214296340942383,3
253.104736328125,196.87806701660156,273.4264221191406,211.23976135253906,0.4151645600795746,8
455.7220764160156,269.26611328125,509.08746337890625,298.6622009277344,0.14715638756752014,8
241.3096923828125,196.1094970703125,273.9541931152344,211.7973175048828,0.09561435878276825,3
481.8674011230469,272.3526916503906,507.722900390625,297.5223083496094,0.08658378571271896,3
256.7982482910156,204.76353454589844,272.0362243652344,212.14602661132812,0.05504397675395012,3
