xmin,ymin,xmax,ymax,score,label
453.2752990722656,268.60748291015625,505.4383239746094,298.5389404296875,0.955549418926239,3
245.6531982421875,195.9222869873047,271.9974060058594,210.75094604492188,0.4085339605808258,8
477.543212890625,271.9631042480469,503.8916320800781,298.0016784667969,0.3217964470386505,3
454.43353271484375,269.2101745605469,504.6757507324219,298.8973083496094,0.11330738663673401,8
258.19158935546875,196.3867950439453,272.74530029296875,210.3679656982422,0.11064213514328003,8
240.2645263671875,195.62425231933594,273.2626037597656,211.1979217529297,0.07676967978477478,3
