xmin,ymin,xmax,ymax,score,label
441.4880065917969,267.63214111328125,496.25567626953125,299.228515625,0.9463350176811218,3
255.11270141601562,196.20285034179688,270.59423828125,209.64564514160156,0.6226770877838135,8
441.5970458984375,266.87274169921875,497.4937438964844,298.6187438964844,0.1901206523180008,8
255.59190368652344,196.1439971923828,270.49652099609375,209.56382751464844,0.07269284129142761,6
238.77044677734375,194.70518493652344,271.8813171386719,210.53953552246094,0.07234212756156921,8
237.28819274902344,198.4975128173828,255.38047790527344,211.55662536621094,0.0607338547706604,3
