xmin,ymin,xmax,ymax,score,label
428.2609558105469,265.6479187011719,486.65997314453125,299.0421447753906,0.9406958222389221,3
255.0051727294922,195.5734100341797,268.8733215332031,209.6357879638672,0.6709327697753906,8
243.726806640625,195.39195251464844,267.3984680175781,209.9811248779297,0.23020678758621216,8
254.99618530273438,196.10914611816406,268.19952392578125,209.6441192626953,0.20334413647651672,6
238.14146423339844,198.6560821533203,258.5027770996094,210.21717834472656,0.18416734039783478,8
428.2030029296875,265.3467102050781,485.3132629394531,299.3742370605469,0.14769230782985687,8
236.1266632080078,198.73646545410156,251.3307647705078,212.1377716064453,0.12351931631565094,3
