xmin,ymin,xmax,ymax,score,label
422.0040588378906,265.29388427734375,479.5626220703125,299.4145812988281,0.9605714678764343,3
252.87765502929688,195.52389526367188,267.4197082519531,210.0614013671875,0.5873297452926636,8
419.42626953125,264.1042785644531,479.81988525390625,299.3836364746094,0.11549130827188492,8
255.36769104003906,195.87879943847656,267.4176940917969,209.65847778320312,0.0835721418261528,6
449.59039306640625,270.6914978027344,480.2651672363281,297.5891418457031,0.06021759286522865,3
