xmin,ymin,xmax,ymax,score,label
412.6091003417969,264.6108093261719,473.8738098144531,298.922119140625,0.9674134254455566,3
254.61085510253906,195.95252990722656,266.7333068847656,209.09095764160156,0.4614337384700775,8
235.2325439453125,198.4838104248047,252.01670837402344,211.3645477294922,0.20962120592594147,3
236.05833435058594,198.466796875,254.44515991210938,210.98150634765625,0.19016896188259125,8
254.9600830078125,195.9893798828125,266.426025390625,208.83470153808594,0.16264937818050385,6
412.8523254394531,262.8059387207031,476.56671142578125,298.61279296875,0.11764556169509888,8
