xmin,ymin,xmax,ymax,score,label
395.0066833496094,262.05157470703125,461.87457275390625,299.0860290527344,0.9795191884040833,3
253.22509765625,195.45962524414062,264.8951110839844,207.9029998779297,0.7352889776229858,8
236.8291778564453,198.84373474121094,253.05169677734375,210.89292907714844,0.46017593145370483,3
236.46633911132812,198.19114685058594,254.1615447998047,210.69737243652344,0.15034693479537964,8
253.4456329345703,195.94229125976562,264.4070739746094,207.98362731933594,0.12477760761976242,6
240.30516052246094,199.2433319091797,253.37753295898438,206.83880615234375,0.10988190770149231,3
253.0209197998047,196.06460571289062,265.15985107421875,207.19140625,0.09937143325805664,3
393.2341613769531,260.8707275390625,463.0783386230469,298.939453125,0.07601707428693771,8
