xmin,ymin,xmax,ymax,score,label
386.0401916503906,261.1599426269531,455.9471130371094,298.99310302734375,0.9681137800216675,3
252.10552978515625,195.4270782470703,264.5256652832031,208.21173095703125,0.6145948767662048,8
236.194580078125,198.8951416015625,251.8998565673828,211.5234832763672,0.242401123046875,3
386.4503479003906,260.2514953613281,456.4223327636719,299.2222595214844,0.11928324401378632,8
252.3472900390625,195.9357147216797,264.1250305175781,207.55702209472656,0.09813664108514786,3
235.960205078125,198.431884765625,253.1775665283203,211.06051635742188,0.06858409941196442,8
240.05596923828125,199.69540405273438,253.16258239746094,208.26254272460938,0.05299496278166771,3
