xmin,ymin,xmax,ymax,score,label
365.96337890625,258.25787353515625,439.5975646972656,298.8970947265625,0.974697470664978,3
250.6966552734375,194.76083374023438,263.01971435546875,207.3539581298828,0.11484697461128235,8
234.45889282226562,198.21815490722656,249.06002807617188,211.64784240722656,0.08597760647535324,3
361.9624938964844,257.7860412597656,439.30194091796875,298.6883850097656,0.08348410576581955,8
