xmin,ymin,xmax,ymax,score,label
351.17578125,256.2981262207031,427.45458984375,299.12078857421875,0.9559539556503296,3
348.5707092285156,256.4434814453125,430.0228271484375,298.53558349609375,0.14065046608448029,8
249.8871612548828,194.51634216308594,261.542724609375,206.7530517578125,0.08469077944755554,8
235.9325714111328,198.3030548095703,250.44290161132812,211.1045379638672,0.06307639181613922,3
