xmin,ymin,xmax,ymax,score,label
335.3180236816406,256.57177734375,422.2759094238281,298.381103515625,0.9359148740768433,3
335.41290283203125,255.6085662841797,419.6539306640625,298.1152648925781,0.17882958054542542,8
249.95921325683594,194.27760314941406,260.9648742675781,206.45909118652344,0.14592739939689636,8
236.056396484375,198.80848693847656,250.202880859375,211.27731323242188,0.06898321211338043,3
