xmin,ymin,xmax,ymax,score,label
323.48077392578125,254.51995849609375,408.6853942871094,297.3110046386719,0.9722790718078613,3
236.99273681640625,198.6149139404297,250.1942138671875,208.4667205810547,0.25740349292755127,3
248.58251953125,194.1670684814453,259.8165283203125,206.00355529785156,0.18144935369491577,8
249.1505584716797,195.17970275878906,259.1796875,205.6886444091797,0.1357080638408661,3
319.5662841796875,252.61744689941406,410.6555480957031,298.94158935546875,0.09101508557796478,8
