xmin,ymin,xmax,ymax,score,label
306.2072448730469,254.5406036376953,397.34771728515625,297.738037109375,0.9880578517913818,3
248.23631286621094,194.43655395507812,259.0699157714844,205.88441467285156,0.2677687108516693,8
248.52603149414062,194.68104553222656,259.1742858886719,205.761962890625,0.12781240046024323,3
235.3009033203125,198.7809295654297,249.53196716308594,211.12945556640625,0.10067234933376312,3
237.97714233398438,198.90267944335938,249.4700927734375,205.87054443359375,0.07838395237922668,3
308.4054870605469,251.83480834960938,399.5460510253906,296.9092712402344,0.06234613060951233,8
