xmin,ymin,xmax,ymax,score,label
289.0396423339844,252.8675994873047,385.9494934082031,297.1789855957031,0.9874864816665649,3
248.62367248535156,195.4234161376953,257.48443603515625,205.1342010498047,0.10843205451965332,8
244.0791015625,193.9224090576172,258.0433654785156,205.5394287109375,0.05038946494460106,3
