xmin,ymin,xmax,ymax,score,label
270.593017578125,249.8321990966797,372.05401611328125,296.5399475097656,0.992369532585144,3
244.912109375,193.4602508544922,257.650146484375,204.90065002441406,0.3077615201473236,3
247.3094024658203,194.8550262451172,256.9493408203125,204.45938110351562,0.22687266767024994,8
234.5277099609375,198.73696899414062,248.2943878173828,212.12135314941406,0.17399001121520996,3
238.34474182128906,198.3794403076172,248.92547607421875,207.57672119140625,0.1417754590511322,3
240.80506896972656,192.86456298828125,257.55780029296875,205.47085571289062,0.08844165503978729,8
239.1920623779297,194.34596252441406,256.82476806640625,207.5552978515625,0.06808894127607346,3
238.84503173828125,196.35780334472656,249.0767059326172,204.1066131591797,0.06327182799577713,3
248.20213317871094,195.7392120361328,257.01226806640625,203.51295471191406,0.051870863884687424,3
