xmin,ymin,xmax,ymax,score,label
251.935302734375,244.23670959472656,357.8210754394531,297.88397216796875,0.988761842250824,3
242.9383544921875,193.90798950195312,256.3658142089844,204.39227294921875,0.33828896284103394,3
237.68331909179688,197.8968505859375,247.91819763183594,204.1177520751953,0.25474995374679565,3
242.30177307128906,193.76756286621094,256.3476867675781,204.5135498046875,0.22964420914649963,8
237.5027618408203,201.09608459472656,247.674072265625,211.43663024902344,0.2050458788871765,3
238.70571899414062,194.8180389404297,251.56329345703125,203.01332092285156,0.12420053780078888,3
247.48114013671875,195.59642028808594,255.59544372558594,204.1037139892578,0.07985126227140427,3
237.15362548828125,195.39892578125,253.74700927734375,208.97604370117188,0.06339629739522934,3
