xmin,ymin,xmax,ymax,score,label
223.74655151367188,243.1845245361328,342.7742919921875,296.1885070800781,0.9862684011459351,3
246.96661376953125,194.7489776611328,255.4557342529297,204.08419799804688,0.10250742733478546,3
