xmin,ymin,xmax,ymax,score,label
201.9171905517578,241.29237365722656,325.2008972167969,296.7763977050781,0.9934513568878174,3
