xmin,ymin,xmax,ymax,score,label
177.7851104736328,238.7335205078125,306.6025695800781,297.6792907714844,0.993762195110321,3
244.08880615234375,193.1514434814453,253.8325958251953,203.73977661132812,0.13459345698356628,3
243.96038818359375,193.17222595214844,253.81741333007812,203.90330505371094,0.11667192727327347,8
