xmin,ymin,xmax,ymax,score,label
151.1248016357422,235.6760711669922,285.4206848144531,294.46588134765625,0.994010865688324,3
242.9319610595703,193.17959594726562,253.60804748535156,203.11976623535156,0.11690416187047958,3
242.60752868652344,193.18785095214844,253.50938415527344,203.30335998535156,0.06385611742734909,8
