xmin,ymin,xmax,ymax,score,label
121.28820037841797,232.65093994140625,260.2801208496094,293.83984375,0.9946827292442322,3
244.4362335205078,193.2980194091797,253.4864959716797,202.47314453125,0.27877432107925415,3
244.3478240966797,193.243896484375,253.40830993652344,202.67434692382812,0.06846575438976288,8
