xmin,ymin,xmax,ymax,score,label
91.44599151611328,229.26231384277344,235.32080078125,292.7376708984375,0.9953409433364868,3
236.02911376953125,200.92799377441406,247.83888244628906,211.57675170898438,0.0952281802892685,3
243.7393341064453,193.9989776611328,252.25338745117188,203.0498046875,0.08815071731805801,3
244.0481719970703,193.68104553222656,252.153564453125,203.44773864746094,0.050130631774663925,8
