xmin,ymin,xmax,ymax,score,label
60.56596374511719,224.77554321289062,206.64707946777344,291.7928161621094,0.9921680092811584,3
242.8529052734375,194.13140869140625,251.9205322265625,202.43772888183594,0.24856755137443542,3
236.92840576171875,202.67892456054688,248.27584838867188,211.2483673095703,0.1487005203962326,3
241.47389221191406,192.33331298828125,252.3578643798828,203.625244140625,0.06540052592754364,8
