xmin,ymin,xmax,ymax,score,label
26.31060028076172,221.78440856933594,178.74134826660156,289.5643005371094,0.9969285130500793,3
242.61390686035156,192.9798126220703,250.91659545898438,202.79312133789062,0.1692122220993042,3
236.79409790039062,200.6769256591797,247.6331329345703,212.08787536621094,0.06498922407627106,3
238.5242156982422,191.61758422851562,251.5931854248047,204.1500244140625,0.05449678748846054,3
