xmin,ymin,xmax,ymax,score,label
0.7177367806434631,215.55105590820312,143.67486572265625,287.3973693847656,0.9959284663200378,3
242.13380432128906,192.64122009277344,250.86782836914062,202.7458953857422,0.43433666229248047,3
234.58827209472656,200.0433349609375,247.70960998535156,212.90126037597656,0.19642476737499237,3
242.07470703125,192.471923828125,250.7362518310547,202.844482421875,0.09961668401956558,8
