xmin,ymin,xmax,ymax,score,label
0.047298237681388855,212.13092041015625,110.06253051757812,285.4686584472656,0.9986326098442078,3
234.77842712402344,200.79051208496094,247.399658203125,212.81365966796875,0.3151948153972626,3
239.95510864257812,192.65138244628906,250.01124572753906,203.1537322998047,0.26357975602149963,3
237.04217529296875,192.58433532714844,250.18589782714844,208.74697875976562,0.05862664431333542,3
