xmin,ymin,xmax,ymax,score,label
0.7931684851646423,208.6082305908203,77.38727569580078,284.2571105957031,0.987552285194397,3
240.85052490234375,192.68507385253906,249.88697814941406,201.7196807861328,0.5800299644470215,3
234.87330627441406,201.9304656982422,246.7874755859375,211.96438598632812,0.4230897128582001,3
239.52883911132812,201.2130126953125,247.5988311767578,210.9444122314453,0.08871780335903168,3
237.1959228515625,193.08534240722656,249.57470703125,210.2926788330078,0.08125082403421402,3
237.61509704589844,195.18240356445312,246.90464782714844,203.6282501220703,0.06116273254156113,3
238.81431579589844,191.08160400390625,250.41836547851562,204.6220703125,0.05621467903256416,8
233.9260711669922,195.47271728515625,247.95523071289062,212.1106719970703,0.05523055046796799,8
