xmin,ymin,xmax,ymax,score,label
0.0,208.5830078125,40.58268356323242,273.9483947753906,0.9711102843284607,3
0.0,243.5788116455078,23.99918556213379,280.4972229003906,0.8052246570587158,3
234.71487426757812,200.71365356445312,247.1525115966797,213.00013732910156,0.2544691264629364,3
0.0,208.4184112548828,38.146541595458984,231.89393615722656,0.1878446340560913,3
240.80943298339844,193.1787567138672,249.52740478515625,203.02301025390625,0.1420474499464035,3
0.0,208.38331604003906,40.06135177612305,277.47564697265625,0.10869911313056946,8
