xmin,ymin,xmax,ymax,score,label
239.34014892578125,191.8875274658203,248.7794952392578,203.16726684570312,0.1144072413444519,3
