xmin,ymin,xmax,ymax,score,label
239.89373779296875,192.02101135253906,248.35105895996094,202.8909912109375,0.15643280744552612,3
237.10482788085938,202.0534210205078,246.91134643554688,212.36830139160156,0.11897005140781403,3
