xmin,ymin,xmax,ymax,score,label
237.56369018554688,202.8511199951172,246.69735717773438,212.37637329101562,0.12707410752773285,3
240.4697265625,191.4908447265625,247.637939453125,201.0814666748047,0.05212964117527008,3
