xmin,ymin,xmax,ymax,score,label
236.31500244140625,202.67076110839844,246.58843994140625,212.3979034423828,0.08033943176269531,3
