xmin,ymin,xmax,ymax,score,label
237.3377227783203,200.84890747070312,246.8354034423828,211.64869689941406,0.06735783070325851,3
