xmin,ymin,xmax,ymax,score,label
237.7908477783203,200.8136749267578,246.83102416992188,211.5884552001953,0.06354468315839767,3
