xmin,ymin,xmax,ymax,score,label
233.4843292236328,200.9700164794922,247.1903533935547,213.4468231201172,0.08775816857814789,3
