xmin,ymin,xmax,ymax,score,label
236.5633087158203,198.331298828125,247.7631072998047,212.23277282714844,0.1432773917913437,3
