xmin,ymin,xmax,ymax,score,label
235.0918426513672,200.30258178710938,247.21800231933594,212.9943084716797,0.27572768926620483,3
