xmin,ymin,xmax,ymax,score,label
235.02899169921875,200.1410369873047,247.2209930419922,212.99417114257812,0.29880237579345703,3
