xmin,ymin,xmax,ymax,score,label
236.33226013183594,198.91775512695312,247.88919067382812,212.42434692382812,0.23758536577224731,3
