xmin,ymin,xmax,ymax,score,label
236.75234985351562,198.36927795410156,247.80128479003906,211.52357482910156,0.238936185836792,3
