xmin,ymin,xmax,ymax,score,label
237.49609375,199.7456512451172,247.1159210205078,211.49867248535156,0.17344245314598083,3
