xmin,ymin,xmax,ymax,score,label
235.77252197265625,198.4038543701172,247.32437133789062,211.62596130371094,0.2065752148628235,3
