xmin,ymin,xmax,ymax,score,label
235.78927612304688,199.28514099121094,247.5943145751953,212.44854736328125,0.2406003773212433,3
