xmin,ymin,xmax,ymax,score,label
236.5917205810547,199.31727600097656,247.90415954589844,212.47775268554688,0.20762841403484344,3
