xmin,ymin,xmax,ymax,score,label
232.57215881347656,198.26622009277344,247.80810546875,212.60488891601562,0.05623022839426994,3
