xmin,ymin,xmax,ymax,score,label
234.66665649414062,198.61273193359375,247.6268310546875,212.3640594482422,0.06618671864271164,3
