xmin,ymin,xmax,ymax,score,label
234.8318634033203,198.8799591064453,247.15318298339844,212.97032165527344,0.06591267138719559,3
