xmin,ymin,xmax,ymax,score,label
235.53079223632812,198.34274291992188,247.26719665527344,212.36668395996094,0.11929559707641602,3
