xmin,ymin,xmax,ymax,score,label
233.10418701171875,198.07647705078125,247.61700439453125,212.21408081054688,0.1308469921350479,3
