xmin,ymin,xmax,ymax,score,label
236.3148956298828,201.02137756347656,246.8797607421875,211.5142364501953,0.10297796875238419,3
