xmin,ymin,xmax,ymax,score,label
233.5608673095703,198.78785705566406,248.03128051757812,212.8365936279297,0.051281627267599106,3
