xmin,ymin,xmax,ymax,score,label
233.30075073242188,199.2515411376953,247.84803771972656,212.79588317871094,0.08784274756908417,3
