xmin,ymin,xmax,ymax,score,label
233.3072509765625,199.41131591796875,247.64480590820312,212.66671752929688,0.08105207234621048,3
