xmin,ymin,xmax,ymax,score,label
235.7721405029297,198.253173828125,247.71229553222656,211.9713592529297,0.07270786911249161,3
