xmin,ymin,xmax,ymax,score,label
234.2923126220703,198.65402221679688,247.52105712890625,212.4292755126953,0.08311960846185684,3
238.2081298828125,201.21493530273438,247.07521057128906,211.20645141601562,0.055940642952919006,3
