xmin,ymin,xmax,ymax,score,label
234.7329864501953,198.8174285888672,247.96499633789062,213.08042907714844,0.057702016085386276,3
