xmin,ymin,xmax,ymax,score,label
233.3665008544922,197.9202880859375,247.52743530273438,212.78199768066406,0.18495607376098633,3
