xmin,ymin,xmax,ymax,score,label
232.1301727294922,197.83363342285156,247.40591430664062,212.6420440673828,0.05845540389418602,3
