xmin,ymin,xmax,ymax,score,label
233.013671875,198.70681762695312,247.54837036132812,213.2129364013672,0.07469148933887482,3
