xmin,ymin,xmax,ymax,score,label
237.6805419921875,199.2919464111328,247.1034698486328,211.24993896484375,0.06069847568869591,3
