xmin,ymin,xmax,ymax,score,label
237.88931274414062,199.6865692138672,247.14971923828125,210.9007568359375,0.07735276967287064,3
