xmin,ymin,xmax,ymax,score,label
237.8693389892578,200.26113891601562,246.97650146484375,211.39256286621094,0.16496185958385468,3
