xmin,ymin,xmax,ymax,score,label
235.941162109375,198.14210510253906,247.59519958496094,211.96803283691406,0.09364179521799088,3
