xmin,ymin,xmax,ymax,score,label
235.7533416748047,198.23963928222656,247.84890747070312,212.21633911132812,0.06573475897312164,3
