xmin,ymin,xmax,ymax,score,label
235.46444702148438,198.46923828125,247.43087768554688,212.32797241210938,0.12595400214195251,3
