xmin,ymin,xmax,ymax,score,label
235.8454132080078,198.5133514404297,247.58981323242188,212.0792694091797,0.13851836323738098,3
