xmin,ymin,xmax,ymax,score,label
236.02297973632812,198.56436157226562,247.60833740234375,212.0469970703125,0.11064718663692474,3
