xmin,ymin,xmax,ymax,score,label
235.44717407226562,198.34657287597656,247.4553985595703,212.07102966308594,0.08729555457830429,3
