xmin,ymin,xmax,ymax,score,label
235.26744079589844,198.20677185058594,247.53695678710938,212.50869750976562,0.133247509598732,3
