xmin,ymin,xmax,ymax,score,label
232.88124084472656,198.1672821044922,247.47508239746094,212.90463256835938,0.10755377262830734,3
