xmin,ymin,xmax,ymax,score,label
235.44793701171875,198.7171630859375,247.43954467773438,212.8601531982422,0.10101871937513351,3
