xmin,ymin,xmax,ymax,score,label
234.71646118164062,199.0952911376953,246.93760681152344,212.5791778564453,0.08033157140016556,3
240.16917419433594,201.7316436767578,246.0316162109375,212.53160095214844,0.06662289798259735,1
