xmin,ymin,xmax,ymax,score,label
235.7648162841797,199.6246795654297,247.13116455078125,212.32704162597656,0.1444413959980011,3
