xmin,ymin,xmax,ymax,score,label
234.80873107910156,198.5736083984375,247.46633911132812,212.23876953125,0.24923749268054962,3
