xmin,ymin,xmax,ymax,score,label
235.66238403320312,198.34280395507812,247.46514892578125,211.73155212402344,0.39635106921195984,3
