xmin,ymin,xmax,ymax,score,label
234.6981201171875,198.5883026123047,247.65240478515625,212.6168975830078,0.14115914702415466,3
