xmin,ymin,xmax,ymax,score,label
236.24533081054688,199.2544403076172,247.1449737548828,211.9777069091797,0.19769923388957977,3
