xmin,ymin,xmax,ymax,score,label
234.60414123535156,198.8714141845703,247.45217895507812,212.69972229003906,0.2913975417613983,3
