xmin,ymin,xmax,ymax,score,label
237.18783569335938,199.49420166015625,246.87973022460938,211.0334014892578,0.11205130070447922,3
