xmin,ymin,xmax,ymax,score,label
235.7513427734375,200.65679931640625,246.7704620361328,211.92385864257812,0.11421322077512741,3
