xmin,ymin,xmax,ymax,score,label
234.5247802734375,198.21885681152344,247.5288543701172,213.68885803222656,0.10357207804918289,3
