xmin,ymin,xmax,ymax,score,label
235.066650390625,199.5017852783203,247.5674591064453,213.26048278808594,0.050471220165491104,3
