xmin,ymin,xmax,ymax,score,label
232.8994903564453,198.1227264404297,247.82037353515625,212.0980682373047,0.07937373220920563,3
