xmin,ymin,xmax,ymax,score,label
237.21295166015625,199.33058166503906,247.7062530517578,211.29623413085938,0.1312696635723114,3
