xmin,ymin,xmax,ymax,score,label
235.41433715820312,198.06788635253906,247.69384765625,211.71714782714844,0.11034107208251953,3
