xmin,ymin,xmax,ymax,score,label
235.16958618164062,198.54754638671875,247.68325805664062,212.5579071044922,0.05317460000514984,3
