xmin,ymin,xmax,ymax,score,label
233.87852478027344,198.84950256347656,247.8528289794922,213.14671325683594,0.07798553258180618,3
