xmin,ymin,xmax,ymax,score,label
233.95587158203125,198.92759704589844,247.69761657714844,212.42002868652344,0.05644511431455612,3
