xmin,ymin,xmax,ymax,score,label
235.87649536132812,198.26519775390625,247.38333129882812,212.20948791503906,0.054184574633836746,3
