xmin,ymin,xmax,ymax,score,label
235.7954559326172,198.50865173339844,247.51885986328125,212.29107666015625,0.0772576555609703,3
