xmin,ymin,xmax,ymax,score,label
234.6875762939453,199.16880798339844,247.70004272460938,212.91409301757812,0.08467485755681992,3
