xmin,ymin,xmax,ymax,score,label
237.02772521972656,199.1758575439453,246.59878540039062,210.62657165527344,0.1216607391834259,3
