xmin,ymin,xmax,ymax,score,label
237.6155242919922,199.36875915527344,246.93621826171875,211.1202850341797,0.05154696851968765,3
