xmin,ymin,xmax,ymax,score,label
235.7470245361328,198.3179931640625,247.52671813964844,212.1980743408203,0.08976665884256363,3
