xmin,ymin,xmax,ymax,score,label
235.39512634277344,198.2922821044922,247.56716918945312,212.25616455078125,0.05238988250494003,3
