xmin,ymin,xmax,ymax,score,label
234.59422302246094,198.54696655273438,247.80592346191406,212.8705291748047,0.053243715316057205,3
