xmin,ymin,xmax,ymax,score,label
233.306884765625,199.0789337158203,247.58106994628906,213.14686584472656,0.08239209651947021,3
