xmin,ymin,xmax,ymax,score,label
236.7691650390625,200.0288848876953,247.21791076660156,212.38986206054688,0.05688978359103203,3
