xmin,ymin,xmax,ymax,score,label
234.62060546875,198.16859436035156,247.80435180664062,212.81517028808594,0.06026938185095787,3
