xmin,ymin,xmax,ymax,score,label
237.42715454101562,199.33299255371094,247.4411163330078,211.10203552246094,0.05947994440793991,3
