xmin,ymin,xmax,ymax,score,label
237.06002807617188,199.38064575195312,247.49510192871094,211.92153930664062,0.11993485689163208,3
