xmin,ymin,xmax,ymax,score,label
237.52157592773438,199.52740478515625,247.29522705078125,211.6195831298828,0.196527898311615,3
