xmin,ymin,xmax,ymax,score,label
235.67929077148438,198.9553985595703,247.93197631835938,212.3058319091797,0.2880650460720062,3
