xmin,ymin,xmax,ymax,score,label
237.3503875732422,200.47854614257812,247.28170776367188,212.71127319335938,0.06040164455771446,3
