xmin,ymin,xmax,ymax,score,label
237.27793884277344,199.8984832763672,247.0821533203125,212.09422302246094,0.08967151492834091,3
