xmin,ymin,xmax,ymax,score,label
237.38528442382812,200.33152770996094,246.9416046142578,212.72238159179688,0.16882848739624023,3
