xmin,ymin,xmax,ymax,score,label
236.94764709472656,199.6062774658203,247.5042266845703,212.2914581298828,0.05611396208405495,3
