xmin,ymin,xmax,ymax,score,label
237.14723205566406,199.80860900878906,247.44540405273438,212.22239685058594,0.19878971576690674,3
