xmin,ymin,xmax,ymax,score,label
235.47862243652344,198.15753173828125,247.28733825683594,211.57290649414062,0.19188621640205383,3
236.72402954101562,197.6685333251953,243.89697265625,205.73594665527344,0.07107248902320862,3
239.5888671875,200.68923950195312,246.44309997558594,210.58843994140625,0.06835080683231354,3
