xmin,ymin,xmax,ymax,score,label
237.441162109375,199.41246032714844,247.22657775878906,211.62535095214844,0.09182799607515335,3
