xmin,ymin,xmax,ymax,score,label
237.4760284423828,199.42010498046875,247.2189483642578,211.62539672851562,0.09221294522285461,3
