xmin,ymin,xmax,ymax,score,label
237.61886596679688,199.28115844726562,247.22329711914062,211.54945373535156,0.05368407443165779,3
