xmin,ymin,xmax,ymax,score,label
233.9828338623047,198.52769470214844,247.87347412109375,212.85877990722656,0.061149176210165024,3
