xmin,ymin,xmax,ymax,score,label
233.7322235107422,198.56137084960938,247.93463134765625,213.1886444091797,0.0891297310590744,3
