xmin,ymin,xmax,ymax,score,label
236.9269256591797,199.19789123535156,247.5592498779297,212.43370056152344,0.16828641295433044,3
