xmin,ymin,xmax,ymax,score,label
236.16989135742188,199.4423065185547,247.3657684326172,212.4839630126953,0.06276804953813553,3
