xmin,ymin,xmax,ymax,score,label
238.28021240234375,200.03884887695312,247.50393676757812,212.0786590576172,0.09658607095479965,3
