xmin,ymin,xmax,ymax,score,label
237.2028350830078,199.52699279785156,246.7849884033203,211.8450164794922,0.05207093060016632,3
