xmin,ymin,xmax,ymax,score,label
234.70179748535156,199.5043487548828,247.80242919921875,213.2258758544922,0.09124130010604858,3
