xmin,ymin,xmax,ymax,score,label
234.30474853515625,199.323974609375,247.28204345703125,212.98934936523438,0.09108114242553711,3
