xmin,ymin,xmax,ymax,score,label
233.9329833984375,199.13868713378906,247.47146606445312,213.31028747558594,0.054511576890945435,3
