xmin,ymin,xmax,ymax,score,label
234.89085388183594,198.9272918701172,247.62240600585938,212.77699279785156,0.07066316157579422,3
