xmin,ymin,xmax,ymax,score,label
235.34060668945312,198.6077117919922,247.4694061279297,212.38929748535156,0.06537479907274246,3
