xmin,ymin,xmax,ymax,score,label
237.31336975097656,199.11131286621094,247.5390625,211.5543975830078,0.055388934910297394,3
