xmin,ymin,xmax,ymax,score,label
237.47264099121094,199.13291931152344,247.51702880859375,211.98362731933594,0.1924665868282318,3
