xmin,ymin,xmax,ymax,score,label
236.97039794921875,200.2918701171875,247.19935607910156,211.82777404785156,0.10380006581544876,3
