xmin,ymin,xmax,ymax,score,label
237.7036895751953,200.75856018066406,247.0523681640625,212.17526245117188,0.10445915162563324,3
