xmin,ymin,xmax,ymax,score,label
237.3202667236328,199.71563720703125,246.95777893066406,211.07901000976562,0.051212336868047714,3
