xmin,ymin,xmax,ymax,score,label
237.921142578125,200.70819091796875,247.0533447265625,211.89517211914062,0.07190559059381485,3
