xmin,ymin,xmax,ymax,score,label
236.16844177246094,198.3500213623047,248.08331298828125,212.271484375,0.05139940604567528,3
