xmin,ymin,xmax,ymax,score,label
236.33187866210938,198.36251831054688,247.70860290527344,212.23236083984375,0.09987891465425491,3
