xmin,ymin,xmax,ymax,score,label
236.2753448486328,198.34207153320312,247.73365783691406,212.38735961914062,0.09651569277048111,3
