xmin,ymin,xmax,ymax,score,label
236.86712646484375,199.0273895263672,247.23085021972656,212.27467346191406,0.07509534806013107,3
