xmin,ymin,xmax,ymax,score,label
237.19442749023438,198.7250518798828,247.385009765625,212.35662841796875,0.061583757400512695,3
