xmin,ymin,xmax,ymax,score,label
237.34127807617188,198.13429260253906,247.33277893066406,212.04251098632812,0.21673721075057983,3
