xmin,ymin,xmax,ymax,score,label
235.6769256591797,199.0485382080078,247.38555908203125,212.13970947265625,0.2406674325466156,3
