xmin,ymin,xmax,ymax,score,label
237.36720275878906,198.9026336669922,247.3206329345703,211.18951416015625,0.05558483302593231,3
