xmin,ymin,xmax,ymax,score,label
233.8128662109375,198.73585510253906,247.4284210205078,212.3889617919922,0.05098700150847435,3
