xmin,ymin,xmax,ymax,score,label
235.50506591796875,198.2085723876953,247.54393005371094,212.22950744628906,0.13554008305072784,3
