xmin,ymin,xmax,ymax,score,label
285.3060607910156,280.0387268066406,363.3559265136719,311.37274169921875,0.05240326002240181,3
