xmin,ymin,xmax,ymax,score,label
237.17245483398438,199.15684509277344,247.4499969482422,211.84283447265625,0.07941631227731705,3
