xmin,ymin,xmax,ymax,score,label
237.52740478515625,200.3268585205078,247.56057739257812,212.9873504638672,0.0577007457613945,3
