xmin,ymin,xmax,ymax,score,label
237.85610961914062,200.1731414794922,247.3857421875,211.6432342529297,0.06605544686317444,3
