xmin,ymin,xmax,ymax,score,label
237.85610961914062,199.07423400878906,247.58596801757812,210.58445739746094,0.13549396395683289,3
