xmin,ymin,xmax,ymax,score,label
238.3297882080078,199.43809509277344,246.98239135742188,211.7061004638672,0.09752238541841507,3
232.76596069335938,198.11849975585938,247.4086456298828,212.7512664794922,0.08072605729103088,3
