xmin,ymin,xmax,ymax,score,label
236.92520141601562,199.0722198486328,247.36419677734375,210.1639862060547,0.057824600487947464,3
