xmin,ymin,xmax,ymax,score,label
237.31488037109375,199.17909240722656,247.469482421875,210.6846466064453,0.20815367996692657,3
