xmin,ymin,xmax,ymax,score,label
237.70181274414062,199.47772216796875,247.84747314453125,211.9566192626953,0.09841959178447723,3
