xmin,ymin,xmax,ymax,score,label
237.6834259033203,201.41993713378906,247.39830017089844,212.66624450683594,0.08548901230096817,3
