xmin,ymin,xmax,ymax,score,label
232.89810180664062,197.4537353515625,247.29270935058594,211.93850708007812,0.061540644615888596,3
