xmin,ymin,xmax,ymax,score,label
237.46566772460938,199.44383239746094,247.4053192138672,212.4904327392578,0.06118909642100334,3
