xmin,ymin,xmax,ymax,score,label
232.19541931152344,198.16055297851562,247.46127319335938,212.51795959472656,0.05278843641281128,3
