xmin,ymin,xmax,ymax,score,label
237.3834228515625,198.82229614257812,246.9706268310547,211.39967346191406,0.058215755969285965,3
