xmin,ymin,xmax,ymax,score,label
238.0299530029297,199.52378845214844,247.8389892578125,211.0198516845703,0.12384729832410812,3
