xmin,ymin,xmax,ymax,score,label
237.85540771484375,200.01072692871094,247.42044067382812,211.70472717285156,0.2764572501182556,3
