xmin,ymin,xmax,ymax,score,label
237.9838104248047,200.17660522460938,247.60458374023438,211.97335815429688,0.2023676186800003,3
