xmin,ymin,xmax,ymax,score,label
238.476806640625,200.06124877929688,247.43527221679688,212.38076782226562,0.2736012637615204,3
