xmin,ymin,xmax,ymax,score,label
237.1930694580078,197.94883728027344,247.10765075683594,210.88919067382812,0.10338305681943893,3
