xmin,ymin,xmax,ymax,score,label
237.31585693359375,199.95928955078125,247.30374145507812,212.50999450683594,0.19816496968269348,3
