xmin,ymin,xmax,ymax,score,label
235.76992797851562,198.76319885253906,247.78567504882812,212.32870483398438,0.0789889544248581,3
