xmin,ymin,xmax,ymax,score,label
236.5052947998047,198.97764587402344,248.25149536132812,212.16578674316406,0.05668019503355026,3
