xmin,ymin,xmax,ymax,score,label
236.4282684326172,198.40049743652344,247.57464599609375,211.02188110351562,0.056552935391664505,3
