xmin,ymin,xmax,ymax,score,label
232.42515563964844,198.0330352783203,247.4048614501953,212.1336669921875,0.059893425554037094,3
