xmin,ymin,xmax,ymax,score,label
233.59127807617188,198.09130859375,247.5377197265625,211.8739776611328,0.06425695866346359,3
