xmin,ymin,xmax,ymax,score,label
237.8731231689453,199.6199951171875,247.6139373779297,211.92747497558594,0.0808911994099617,3
