xmin,ymin,xmax,ymax,score,label
234.02967834472656,198.2902374267578,247.66787719726562,212.64427185058594,0.18203268945217133,3
