xmin,ymin,xmax,ymax,score,label
234.9052276611328,199.3727264404297,247.4728240966797,213.56475830078125,0.08299227058887482,3
