xmin,ymin,xmax,ymax,score,label
237.75222778320312,200.1046905517578,247.6178436279297,212.24473571777344,0.07458996027708054,3
