xmin,ymin,xmax,ymax,score,label
235.798828125,198.6941375732422,247.310791015625,211.16275024414062,0.05067775771021843,3
