xmin,ymin,xmax,ymax,score,label
296.7520446777344,238.60865783691406,319.165283203125,256.0511474609375,0.05051717162132263,3
