xmin,ymin,xmax,ymax,score,label
233.10073852539062,197.9794158935547,247.48394775390625,211.6947784423828,0.16817691922187805,3
237.62403869628906,200.13906860351562,247.0576629638672,210.2694091796875,0.09660305082798004,3
