xmin,ymin,xmax,ymax,score,label
235.33843994140625,198.95127868652344,247.75222778320312,212.52279663085938,0.11914456635713577,3
