xmin,ymin,xmax,ymax,score,label
236.482666015625,198.90667724609375,247.00833129882812,211.29010009765625,0.06435312330722809,3
