xmin,ymin,xmax,ymax,score,label
235.80442810058594,198.6006622314453,247.56935119628906,211.84915161132812,0.05578272417187691,3
