xmin,ymin,xmax,ymax,score,label
236.6885986328125,199.0889129638672,247.55848693847656,211.5779266357422,0.1387498527765274,3
