xmin,ymin,xmax,ymax,score,label
236.88693237304688,199.66024780273438,247.54054260253906,212.11383056640625,0.10924352705478668,3
