xmin,ymin,xmax,ymax,score,label
237.4374542236328,198.54469299316406,247.3839874267578,210.83663940429688,0.2495541125535965,3
