xmin,ymin,xmax,ymax,score,label
236.75482177734375,199.0684356689453,247.1273193359375,210.88418579101562,0.05824250727891922,3
