xmin,ymin,xmax,ymax,score,label
236.93344116210938,198.8380126953125,247.59645080566406,211.0921630859375,0.07368018478155136,3
