xmin,ymin,xmax,ymax,score,label
238.27577209472656,199.63638305664062,246.88970947265625,211.40750122070312,0.17708851397037506,3
238.00811767578125,196.7685089111328,244.95193481445312,206.63394165039062,0.055861569941043854,3
