xmin,ymin,xmax,ymax,score,label
237.3365478515625,198.90721130371094,247.2049560546875,211.3046875,0.260057270526886,3
236.48721313476562,196.2948455810547,245.6742706298828,206.1356201171875,0.10011739283800125,3
