xmin,ymin,xmax,ymax,score,label
237.18031311035156,197.8342742919922,247.04949951171875,211.24298095703125,0.19005846977233887,3
236.671142578125,195.67457580566406,244.61985778808594,205.66458129882812,0.08303164690732956,3
