xmin,ymin,xmax,ymax,score,label
237.61972045898438,198.77174377441406,247.18643188476562,211.01187133789062,0.14152926206588745,3
237.1094970703125,195.72523498535156,244.90625,205.78468322753906,0.05753893405199051,3
