xmin,ymin,xmax,ymax,score,label
236.35501098632812,197.47195434570312,248.3186492919922,212.33616638183594,0.05360369011759758,3
