xmin,ymin,xmax,ymax,score,label
583.0721435546875,361.89361572265625,639.821044921875,478.1672668457031,0.08430349081754684,8
235.2303466796875,197.5985565185547,248.00132751464844,212.62351989746094,0.06936252862215042,3
