xmin,ymin,xmax,ymax,score,label
506.1878662109375,292.6683349609375,639.3858032226562,475.95660400390625,0.7688421607017517,8
522.5448608398438,293.8064270019531,638.4597778320312,471.8471984863281,0.3989788591861725,3
566.2318115234375,314.8145751953125,639.1651000976562,446.7010498046875,0.09725690633058548,3
544.8999633789062,300.66583251953125,632.7940063476562,432.0456237792969,0.0678112730383873,8
