xmin,ymin,xmax,ymax,score,label
467.4651184082031,250.45997619628906,637.9255981445312,463.03680419921875,0.9709826111793518,8
518.7097778320312,270.1204528808594,639.1878662109375,408.1302795410156,0.0779089704155922,8
472.02984619140625,246.2906036376953,639.7028198242188,478.1106262207031,0.07403438538312912,3
