xmin,ymin,xmax,ymax,score,label
448.4617004394531,233.41061401367188,620.739013671875,408.41552734375,0.9753184914588928,8
522.42041015625,232.87388610839844,637.4810180664062,390.1682434082031,0.19188492000102997,8
