xmin,ymin,xmax,ymax,score,label
417.83306884765625,220.9073028564453,640.0,423.2652282714844,0.595257580280304,8
238.52764892578125,198.8752899169922,247.5022735595703,210.95274353027344,0.23332954943180084,3
425.4360046386719,227.95437622070312,534.8543701171875,367.5563659667969,0.12979471683502197,8
238.6548614501953,196.29029846191406,246.18736267089844,204.16848754882812,0.09470205754041672,3
