xmin,ymin,xmax,ymax,score,label
393.76806640625,212.4794464111328,637.5482177734375,406.7192687988281,0.21972578763961792,8
238.59913635253906,198.92745971679688,248.3895263671875,209.8190460205078,0.14130082726478577,3
