xmin,ymin,xmax,ymax,score,label
397.7756652832031,246.96310424804688,449.17987060546875,333.37359619140625,0.5972099304199219,8
369.2576599121094,209.32687377929688,640.0,426.65087890625,0.13362155854701996,8
397.44610595703125,255.406982421875,447.7478942871094,334.10101318359375,0.09159078449010849,3
402.78900146484375,245.01759338378906,434.00213623046875,293.6174011230469,0.0692475438117981,8
