xmin,ymin,xmax,ymax,score,label
351.95465087890625,197.94325256347656,640.0,417.5798645019531,0.3035929501056671,8
