xmin,ymin,xmax,ymax,score,label
374.64697265625,210.52374267578125,640.0,462.480712890625,0.16676388680934906,8
372.10791015625,219.79444885253906,415.8363037109375,299.0069274902344,0.06703656166791916,8
