xmin,ymin,xmax,ymax,score,label
362.5435791015625,218.34080505371094,399.360595703125,287.5066223144531,0.44229793548583984,8
334.754638671875,219.51307678222656,640.0,454.21575927734375,0.10555478930473328,8
232.33856201171875,197.26210021972656,240.2657928466797,208.87062072753906,0.07077158987522125,1
240.56390380859375,200.18910217285156,246.8342742919922,213.03311157226562,0.06870818138122559,1
363.3472900390625,248.42901611328125,391.5555419921875,281.92352294921875,0.060713641345500946,8
