xmin,ymin,xmax,ymax,score,label
347.996826171875,202.82887268066406,640.0,455.7112121582031,0.1061762273311615,8
355.0544128417969,211.54698181152344,398.188720703125,284.1977233886719,0.05516481772065163,8
