xmin,ymin,xmax,ymax,score,label
343.83135986328125,203.53274536132812,640.0,459.8910217285156,0.10704047232866287,8
