xmin,ymin,xmax,ymax,score,label
342.09161376953125,201.32424926757812,626.5487060546875,402.6168212890625,0.2837608754634857,8
333.7852783203125,197.00201416015625,630.2381591796875,402.1976623535156,0.17624151706695557,6
340.8666076660156,216.3785400390625,367.96746826171875,269.9914855957031,0.1592225581407547,8
