xmin,ymin,xmax,ymax,score,label
338.84234619140625,200.85427856445312,596.063232421875,374.2540283203125,0.32444262504577637,8
326.7461853027344,195.9936981201172,603.3244018554688,372.33319091796875,0.21763882040977478,6
336.281982421875,235.30101013183594,354.88623046875,265.2778015136719,0.1624145209789276,3
