xmin,ymin,xmax,ymax,score,label
335.36102294921875,199.18202209472656,537.9181518554688,354.038330078125,0.9072616100311279,8
333.28106689453125,201.28433227539062,539.4474487304688,348.74395751953125,0.2845003604888916,6
