xmin,ymin,xmax,ymax,score,label
328.3125305175781,197.2035675048828,512.0838623046875,340.184326171875,0.8732010722160339,8
324.3182067871094,199.00411987304688,513.0029296875,340.5427551269531,0.09573902189731598,6
