xmin,ymin,xmax,ymax,score,label
321.2185363769531,198.4692840576172,478.7470397949219,318.9654541015625,0.9260364770889282,8
322.45654296875,196.1776580810547,479.0364074707031,319.090087890625,0.12541349232196808,6
