xmin,ymin,xmax,ymax,score,label
311.58929443359375,197.96986389160156,458.25799560546875,304.83721923828125,0.9082567095756531,8
304.4990539550781,197.50672912597656,460.7827453613281,304.6961669921875,0.17153877019882202,6
