xmin,ymin,xmax,ymax,score,label
306.7333068847656,199.51295471191406,446.97265625,295.0433044433594,0.7919501662254333,8
