xmin,ymin,xmax,ymax,score,label
305.6692810058594,200.9596710205078,422.5411071777344,285.2848815917969,0.21923992037773132,8
295.538818359375,239.02037048339844,319.0763244628906,249.59439086914062,0.20793479681015015,3
302.0863952636719,201.99330139160156,423.2619323730469,281.0078125,0.1880945861339569,3
304.0688171386719,200.36131286621094,422.25543212890625,287.8197326660156,0.0646694153547287,6
