xmin,ymin,xmax,ymax,score,label
293.2721862792969,199.5985565185547,384.5105895996094,267.88702392578125,0.05387237295508385,8
