xmin,ymin,xmax,ymax,score,label
287.0107727050781,200.47079467773438,372.3953857421875,257.11614990234375,0.07791458070278168,8
