xmin,ymin,xmax,ymax,score,label
286.6336975097656,201.56153869628906,361.42791748046875,253.9027862548828,0.3432700037956238,8
