xmin,ymin,xmax,ymax,score,label
287.93231201171875,201.3806915283203,355.374267578125,252.1375274658203,0.21047528088092804,8
