xmin,ymin,xmax,ymax,score,label
291.05072021484375,200.82261657714844,349.9842529296875,250.4169921875,0.4790651500225067,8
