xmin,ymin,xmax,ymax,score,label
286.2594299316406,199.84521484375,345.034912109375,250.38818359375,0.958464503288269,8
279.0715026855469,207.47413635253906,328.0737609863281,245.31405639648438,0.1752394735813141,8
282.2984619140625,220.27915954589844,320.0216979980469,254.26983642578125,0.13561786711215973,8
307.00030517578125,211.82443237304688,342.33294677734375,248.6400604248047,0.0910930186510086,8
294.1545104980469,241.1924285888672,319.13763427734375,256.0678405761719,0.07497574388980865,3
