xmin,ymin,xmax,ymax,score,label
287.4063415527344,198.1108856201172,341.5221252441406,243.04214477539062,0.9329583048820496,8
311.85400390625,216.0794219970703,338.2003173828125,244.34054565429688,0.3367668390274048,8
287.4101257324219,204.38510131835938,321.8905334472656,239.22659301757812,0.13318832218647003,8
286.2210388183594,201.46873474121094,329.3014831542969,241.37628173828125,0.0548887625336647,3
