xmin,ymin,xmax,ymax,score,label
285.13165283203125,200.51405334472656,336.0444030761719,239.80247497558594,0.9246962666511536,8
275.4383850097656,223.43516540527344,290.7213134765625,236.2539520263672,0.12408360093832016,3
285.64532470703125,199.42530822753906,340.8992004394531,235.89987182617188,0.092060387134552,3
278.961669921875,207.56741333007812,318.61236572265625,237.837646484375,0.08975551277399063,8
305.3565979003906,217.60952758789062,333.73333740234375,241.1524200439453,0.07421679049730301,8
275.4480895996094,223.2140350341797,291.16180419921875,236.36203002929688,0.07003980875015259,8
306.51116943359375,218.25830078125,333.83087158203125,241.39781188964844,0.0699942335486412,3
281.07232666015625,208.45384216308594,323.7576599121094,238.9349365234375,0.06052490696310997,3
