xmin,ymin,xmax,ymax,score,label
279.05096435546875,201.5322265625,331.8414306640625,237.7306365966797,0.5347586870193481,8
277.0741271972656,212.17198181152344,328.43646240234375,238.0564422607422,0.13903887569904327,3
278.9053955078125,211.7055206298828,316.60919189453125,236.45175170898438,0.06326839327812195,8
