xmin,ymin,xmax,ymax,score,label
278.9293518066406,199.3723907470703,329.6396789550781,236.72897338867188,0.8770098686218262,8
279.19024658203125,209.5011749267578,315.0702209472656,235.20654296875,0.11490711569786072,8
