xmin,ymin,xmax,ymax,score,label
279.9493713378906,197.88211059570312,324.40618896484375,235.7951202392578,0.9423516392707825,8
279.2861328125,207.6123504638672,308.9884338378906,232.56478881835938,0.06332851201295853,8
