xmin,ymin,xmax,ymax,score,label
280.4588317871094,195.44436645507812,319.2356872558594,232.71292114257812,0.5675511360168457,8
279.5750427246094,201.63104248046875,302.7372741699219,231.1028594970703,0.22536662220954895,8
278.9693298339844,210.06094360351562,300.6775207519531,231.361572265625,0.1904221922159195,3
281.69281005859375,196.91661071777344,322.75567626953125,233.05665588378906,0.08433925360441208,3
