xmin,ymin,xmax,ymax,score,label
279.2464294433594,196.68606567382812,318.5456237792969,231.28013610839844,0.7946387529373169,8
280.7180480957031,198.36471557617188,300.97918701171875,228.9250946044922,0.36102572083473206,8
278.4748229980469,206.62611389160156,299.23638916015625,229.02975463867188,0.266233891248703,3
279.9918212890625,198.7907257080078,315.1770935058594,230.92288208007812,0.105802983045578,3
283.3923645019531,198.72100830078125,318.08673095703125,231.92959594726562,0.05360083281993866,6
