xmin,ymin,xmax,ymax,score,label
276.83270263671875,208.5181884765625,297.9959716796875,227.98292541503906,0.46983909606933594,3
280.06134033203125,196.99417114257812,315.52001953125,229.8658905029297,0.4518990218639374,8
276.8201904296875,205.11021423339844,299.1748046875,227.82327270507812,0.3121611773967743,8
283.8009948730469,196.2724609375,314.69110107421875,230.36541748046875,0.08947455137968063,6
284.51373291015625,197.44284057617188,314.67132568359375,230.7574920654297,0.07385104894638062,3
