xmin,ymin,xmax,ymax,score,label
274.35955810546875,196.7975311279297,314.451904296875,228.91551208496094,0.44711676239967346,8
274.0368347167969,200.9557342529297,296.181884765625,227.0451202392578,0.38804155588150024,8
281.5577392578125,196.9707489013672,314.0690612792969,229.4688262939453,0.08476285636425018,6
