xmin,ymin,xmax,ymax,score,label
272.25946044921875,196.81491088867188,310.89752197265625,228.17794799804688,0.21998681128025055,8
