xmin,ymin,xmax,ymax,score,label
272.8730773925781,198.01205444335938,310.0780944824219,226.66036987304688,0.10249485820531845,8
