xmin,ymin,xmax,ymax,score,label
263.79669189453125,200.16729736328125,282.4022216796875,219.40769958496094,0.19811995327472687,8
263.6548767089844,195.86026000976562,295.1988220214844,221.2469482421875,0.09826179593801498,8
261.2649841308594,202.5056915283203,268.5271301269531,210.4312286376953,0.05119463801383972,3
