xmin,ymin,xmax,ymax,score,label
264.4118347167969,196.2001953125,291.6156921386719,219.69189453125,0.34829145669937134,8
263.8087158203125,199.8673858642578,281.96966552734375,218.12916564941406,0.08244035392999649,8
