xmin,ymin,xmax,ymax,score,label
262.5441589355469,196.22056579589844,290.21014404296875,217.95687866210938,0.1545257270336151,8
