xmin,ymin,xmax,ymax,score,label
235.99745178222656,198.93309020996094,259.544921875,212.4824981689453,0.14789484441280365,3
235.81109619140625,198.758544921875,259.4255065917969,212.38433837890625,0.12448105216026306,8
246.6357879638672,203.53671264648438,260.1318359375,212.17698669433594,0.10161210596561432,3
266.151611328125,204.21078491210938,282.716796875,214.92483520507812,0.07432304322719574,3
