xmin,ymin,xmax,ymax,score,label
275.1327209472656,206.36532592773438,282.2250671386719,213.65713500976562,0.737766683101654,3
274.8791809082031,206.17481994628906,282.5540771484375,213.6925811767578,0.1909743696451187,8
236.86569213867188,199.0068359375,259.4947814941406,212.23239135742188,0.13164357841014862,8
237.02439880371094,199.0310516357422,259.04620361328125,212.55072021484375,0.1293022781610489,3
245.1482391357422,203.88941955566406,260.2839050292969,211.7924346923828,0.11738044768571854,3
267.4693908691406,204.38514709472656,282.6640625,214.19839477539062,0.0679003894329071,8
249.02099609375,206.05335998535156,258.8588562011719,212.0032958984375,0.0615263395011425,3
