xmin,ymin,xmax,ymax,score,label
275.6301574707031,206.50209045410156,285.4632568359375,213.71278381347656,0.8338466286659241,3
274.1287536621094,205.4704132080078,286.0107421875,214.28460693359375,0.07261931151151657,8
