xmin,ymin,xmax,ymax,score,label
275.7244567871094,207.25901794433594,287.9170227050781,214.8525848388672,0.9017378091812134,3
235.9976806640625,198.73861694335938,256.821533203125,211.56285095214844,0.1779707968235016,3
235.77523803710938,198.53121948242188,256.8963623046875,211.3882598876953,0.11680416762828827,8
275.2590637207031,206.76239013671875,288.3287048339844,214.9419403076172,0.07575729489326477,8
248.11485290527344,204.90191650390625,256.7247009277344,210.75282287597656,0.07344862818717957,3
