xmin,ymin,xmax,ymax,score,label
279.43414306640625,208.94418334960938,291.33074951171875,216.97149658203125,0.9288522005081177,3
236.24172973632812,198.72203063964844,254.85113525390625,211.9995880126953,0.4542740285396576,8
235.8265838623047,198.24822998046875,254.506591796875,211.9340362548828,0.3946763873100281,3
278.2467956542969,207.86033630371094,291.43048095703125,217.03494262695312,0.12891684472560883,8
269.2153015136719,208.70628356933594,277.3586730957031,213.94888305664062,0.0890679880976677,3
240.5357208251953,202.20187377929688,254.87356567382812,210.63845825195312,0.08365926146507263,3
246.93507385253906,205.0135955810547,255.11090087890625,210.9748077392578,0.06474301218986511,3
