xmin,ymin,xmax,ymax,score,label
280.8479309082031,209.02133178710938,292.26849365234375,217.51834106445312,0.9066472053527832,3
236.05630493164062,198.89793395996094,254.57559204101562,211.5892791748047,0.4701722264289856,8
235.75880432128906,198.2570037841797,254.31158447265625,211.46717834472656,0.3805696666240692,3
279.4200134277344,208.10977172851562,291.7969055175781,217.84629821777344,0.17002557218074799,8
241.021484375,201.5973663330078,254.16839599609375,209.99151611328125,0.07672332972288132,3
