xmin,ymin,xmax,ymax,score,label
281.380859375,208.79061889648438,294.5990905761719,218.4264373779297,0.87796950340271,3
235.6395263671875,198.9984588623047,253.67515563964844,211.99510192871094,0.3110765218734741,3
235.46926879882812,198.86868286132812,253.81646728515625,211.9203643798828,0.28563034534454346,8
281.2682800292969,207.8928985595703,294.4098205566406,217.86387634277344,0.17734648287296295,8
267.3880920410156,207.64161682128906,277.22125244140625,212.8445587158203,0.05662636086344719,3
279.4676818847656,193.6958770751953,296.76361083984375,217.3194122314453,0.05140925943851471,8
