xmin,ymin,xmax,ymax,score,label
283.8375549316406,210.15634155273438,296.42767333984375,219.11354064941406,0.911656379699707,3
235.04904174804688,198.77713012695312,253.7678985595703,211.91329956054688,0.34080010652542114,3
234.8251190185547,198.68359375,253.83389282226562,211.8203887939453,0.2909710109233856,8
282.4957580566406,209.3999481201172,296.5701904296875,219.1639404296875,0.10426433384418488,8
266.76361083984375,208.38536071777344,281.9914245605469,217.8529510498047,0.09146808832883835,3
