xmin,ymin,xmax,ymax,score,label
284.3939208984375,210.31471252441406,298.87091064453125,220.21768188476562,0.9176686406135559,3
234.7904510498047,198.9119415283203,253.64422607421875,212.4332275390625,0.3057299852371216,8
235.2917938232422,198.78016662597656,253.29916381835938,212.4307861328125,0.24286781251430511,3
285.5389099121094,214.34524536132812,298.0894470214844,220.8737335205078,0.14908093214035034,3
283.49481201171875,209.54464721679688,298.5439453125,220.10499572753906,0.11569422483444214,8
285.01904296875,191.62054443359375,295.0130920410156,197.34957885742188,0.05966251716017723,3
