xmin,ymin,xmax,ymax,score,label
285.6275939941406,210.29876708984375,301.92041015625,221.0205841064453,0.8568653464317322,3
234.91026306152344,198.24803161621094,252.2773895263672,211.25579833984375,0.31234338879585266,8
284.3119812011719,209.90933227539062,295.5343017578125,218.79177856445312,0.21916428208351135,3
285.6173400878906,209.977783203125,301.8488464355469,221.14845275878906,0.19262243807315826,8
234.4619140625,198.07000732421875,251.95521545410156,210.8550262451172,0.17065966129302979,3
283.44549560546875,210.6328887939453,290.03350830078125,218.20042419433594,0.07873479276895523,3
