xmin,ymin,xmax,ymax,score,label
288.4759826660156,211.04171752929688,303.7317199707031,222.01998901367188,0.8786188960075378,3
286.183837890625,210.9024200439453,294.12188720703125,219.1730499267578,0.3731721341609955,3
285.4141540527344,209.87051391601562,303.7028503417969,221.34735107421875,0.17802996933460236,8
235.15631103515625,198.6832733154297,252.49415588378906,211.12657165527344,0.1285545825958252,3
234.8202362060547,198.56326293945312,252.4508819580078,211.2731170654297,0.10283621400594711,8
