xmin,ymin,xmax,ymax,score,label
290.8944091796875,212.0556182861328,305.375,222.9519805908203,0.8539328575134277,3
289.27056884765625,211.17355346679688,304.7949523925781,223.12246704101562,0.26932889223098755,8
287.6338195800781,214.0112762451172,293.68878173828125,220.74571228027344,0.24814599752426147,3
286.819580078125,210.8981170654297,294.9327697753906,219.94195556640625,0.16031309962272644,3
288.0406188964844,213.40843200683594,298.2960205078125,221.4436798095703,0.11344138532876968,3
286.9526062011719,210.6798858642578,295.1129150390625,220.12423706054688,0.05798911303281784,8
285.8580322265625,210.09959411621094,300.6827087402344,221.30899047851562,0.052471671253442764,3
