xmin,ymin,xmax,ymax,score,label
293.43096923828125,213.08628845214844,307.8004455566406,223.82557678222656,0.8741835951805115,3
291.0093688964844,211.81446838378906,307.57293701171875,223.60023498535156,0.26395678520202637,8
290.1151123046875,213.6597900390625,296.7354736328125,221.43235778808594,0.24143584072589874,3
289.9338684082031,211.4379425048828,302.4978942871094,221.6114959716797,0.14798161387443542,3
234.3687744140625,198.26393127441406,250.7170867919922,211.00833129882812,0.12800085544586182,3
288.293701171875,215.4523468017578,294.60968017578125,221.9055633544922,0.0747981145977974,3
