xmin,ymin,xmax,ymax,score,label
299.0749816894531,214.5954132080078,313.33001708984375,226.2997283935547,0.9250366687774658,3
294.12030029296875,218.7181396484375,300.19580078125,224.09681701660156,0.21190732717514038,3
297.12677001953125,212.68746948242188,313.36651611328125,226.13539123535156,0.12944771349430084,8
293.6536560058594,215.9561767578125,299.607421875,223.00001525878906,0.08046025037765503,3
294.25958251953125,216.2406463623047,304.7519836425781,224.62669372558594,0.07809797674417496,3
233.83047485351562,198.28341674804688,249.5645294189453,211.72654724121094,0.0566905178129673,3
