xmin,ymin,xmax,ymax,score,label
298.4413757324219,215.01034545898438,316.63226318359375,227.461181640625,0.9323819875717163,3
296.23095703125,216.0147705078125,303.5187683105469,224.21290588378906,0.18953421711921692,3
296.6690673828125,215.84986877441406,308.49591064453125,225.26071166992188,0.12440946698188782,3
298.46337890625,214.38742065429688,316.81695556640625,227.71676635742188,0.07766872644424438,8
