xmin,ymin,xmax,ymax,score,label
300.16754150390625,214.7888946533203,319.5025329589844,228.7462921142578,0.9484769701957703,3
298.0792236328125,216.0841827392578,305.90850830078125,225.36045837402344,0.13054843246936798,3
233.7112274169922,197.86109924316406,248.7661590576172,211.40216064453125,0.11227549612522125,3
299.3091735839844,214.4306182861328,320.0279846191406,228.53016662597656,0.10059087723493576,8
298.7705078125,215.53890991210938,311.4111328125,226.5623321533203,0.0760856494307518,3
