xmin,ymin,xmax,ymax,score,label
303.84552001953125,216.4113311767578,322.3963928222656,230.86993408203125,0.8048770427703857,3
303.1063232421875,216.0452880859375,322.1720275878906,230.68321228027344,0.25670039653778076,8
234.08981323242188,197.9173583984375,248.6602783203125,211.58401489257812,0.19824346899986267,3
301.7576599121094,216.04307556152344,313.7024230957031,226.99659729003906,0.09513305872678757,3
233.88221740722656,197.7041473388672,248.60031127929688,211.82003784179688,0.07052673399448395,8
304.1904296875,221.91278076171875,321.15570068359375,229.70538330078125,0.054387498646974564,3
299.6849670410156,215.2473907470703,309.02996826171875,224.93458557128906,0.053647808730602264,3
