xmin,ymin,xmax,ymax,score,label
306.0995788574219,216.3511199951172,326.7279357910156,231.9267578125,0.9074428677558899,3
234.19229125976562,197.8975372314453,248.07681274414062,211.35865783691406,0.20270240306854248,3
302.59112548828125,214.99130249023438,326.65216064453125,231.0306854248047,0.11254826188087463,8
234.19564819335938,197.6444854736328,248.4778594970703,211.7062530517578,0.05183276906609535,8
