xmin,ymin,xmax,ymax,score,label
309.30401611328125,218.35157775878906,329.5634460449219,234.22789001464844,0.8674706816673279,3
306.5377197265625,216.34934997558594,330.0321350097656,233.6772918701172,0.2079365998506546,8
304.7196044921875,216.45689392089844,315.4709167480469,229.46144104003906,0.18335680663585663,3
305.39654541015625,223.96395874023438,312.822021484375,230.6515655517578,0.15820786356925964,3
304.3961181640625,214.2725067138672,321.1120300292969,230.0070037841797,0.05740923434495926,8
