xmin,ymin,xmax,ymax,score,label
311.5367431640625,219.4349822998047,333.4779052734375,236.09446716308594,0.9392030835151672,3
311.3246154785156,218.9186248779297,333.28521728515625,234.55465698242188,0.08849731087684631,8
