xmin,ymin,xmax,ymax,score,label
316.1983337402344,221.34280395507812,337.3501281738281,237.62835693359375,0.8126213550567627,3
314.6153259277344,220.54940795898438,337.3257141113281,236.85675048828125,0.3186708688735962,8
312.0945129394531,220.02505493164062,328.4708557128906,233.4517364501953,0.1667812317609787,3
310.5879821777344,223.74440002441406,319.659423828125,232.92431640625,0.1660916805267334,3
312.19720458984375,219.3987579345703,328.7027587890625,233.5050506591797,0.05779910460114479,8
