xmin,ymin,xmax,ymax,score,label
316.6368103027344,222.32119750976562,342.231689453125,239.96929931640625,0.884289562702179,3
315.6484069824219,221.53195190429688,342.0451354980469,239.50526428222656,0.22583365440368652,8
314.3468933105469,221.90097045898438,329.5583190917969,234.7117919921875,0.09588214010000229,3
313.9896240234375,225.83663940429688,323.61004638671875,234.60430908203125,0.06008207052946091,3
232.73397827148438,197.56964111328125,247.92825317382812,212.69473266601562,0.05187404528260231,3
