xmin,ymin,xmax,ymax,score,label
320.5567626953125,224.37351989746094,347.2198791503906,242.16371154785156,0.9456020593643188,3
318.920166015625,222.90464782714844,347.9729919433594,241.5153045654297,0.13178637623786926,8
316.8341369628906,221.83663940429688,334.841796875,236.5060577392578,0.08707956969738007,3
