xmin,ymin,xmax,ymax,score,label
325.4403381347656,224.8856201171875,351.55792236328125,244.19639587402344,0.8659219145774841,3
320.4100341796875,223.80142211914062,345.8670654296875,239.45639038085938,0.3284459114074707,3
320.04083251953125,227.4006805419922,333.1412658691406,237.8256072998047,0.22511540353298187,3
321.05450439453125,224.56747436523438,352.3619689941406,243.55438232421875,0.20852245390415192,8
232.4244384765625,197.1802520751953,247.39373779296875,211.13211059570312,0.12425167858600616,3
237.42108154296875,200.6983184814453,248.087890625,212.0955047607422,0.056562114506959915,3
