xmin,ymin,xmax,ymax,score,label
324.838134765625,225.11648559570312,358.53045654296875,247.05372619628906,0.956573486328125,3
236.4849090576172,198.9464569091797,248.44033813476562,212.4066162109375,0.1244860589504242,3
236.55419921875,197.9723663330078,246.51657104492188,206.936767578125,0.10443641245365143,3
324.974609375,224.44662475585938,357.9801330566406,246.7950897216797,0.09523407369852066,8
