xmin,ymin,xmax,ymax,score,label
328.595458984375,227.4951629638672,364.0332336425781,249.47239685058594,0.9574235081672668,3
327.7038269042969,226.1104736328125,352.6477355957031,244.00485229492188,0.2974030375480652,3
327.7281188964844,231.56382751464844,344.726806640625,245.07949829101562,0.1872192621231079,3
327.9377136230469,226.65182495117188,366.1044006347656,247.10748291015625,0.11272118985652924,8
236.944091796875,199.9114990234375,247.4213409423828,212.07681274414062,0.0783279687166214,3
