xmin,ymin,xmax,ymax,score,label
333.8065185546875,230.34423828125,371.1759033203125,252.89425659179688,0.9337682723999023,3
332.6396179199219,231.4380645751953,353.8812561035156,247.2259063720703,0.27631187438964844,3
344.6250305175781,229.7320556640625,368.38262939453125,242.338134765625,0.14041651785373688,3
332.715576171875,229.81497192382812,371.06036376953125,253.08152770996094,0.11440209299325943,8
347.5934753417969,232.6458740234375,370.4539794921875,249.3321990966797,0.08318796753883362,3
332.6987609863281,233.53675842285156,346.7767333984375,244.91954040527344,0.07304878532886505,3
