xmin,ymin,xmax,ymax,score,label
338.6737365722656,231.71974182128906,377.8329772949219,256.8671569824219,0.805930495262146,3
337.1388244628906,230.43565368652344,378.3139343261719,256.4735107421875,0.3974190056324005,8
337.1327209472656,234.0552215576172,352.1305236816406,249.54019165039062,0.3948095738887787,3
337.0889892578125,231.32835388183594,362.4393310546875,250.64205932617188,0.35192298889160156,3
337.6993408203125,228.91883850097656,352.87274169921875,246.85232543945312,0.1872319132089615,1
343.456298828125,228.95469665527344,352.7821960449219,237.8583221435547,0.07309208065271378,1
336.5881652832031,240.6387939453125,350.1607971191406,250.46829223632812,0.05378277227282524,3
355.3578796386719,232.8018341064453,378.4037780761719,254.5633087158203,0.05190972238779068,3
