xmin,ymin,xmax,ymax,score,label
342.6548156738281,232.4541015625,385.63983154296875,260.0782470703125,0.742223858833313,8
350.472900390625,233.37171936035156,386.1266784667969,260.3858337402344,0.5956898927688599,3
352.36505126953125,230.4449920654297,359.2063293457031,240.6327667236328,0.2848917841911316,1
340.8097229003906,237.5801239013672,357.3079528808594,251.0856475830078,0.26287057995796204,3
296.0013732910156,240.51528930664062,317.0373229980469,255.54747009277344,0.14953182637691498,3
341.919189453125,234.72853088378906,367.8818359375,253.4252471923828,0.13702014088630676,3
342.1817932128906,232.25604248046875,357.6061096191406,247.67535400390625,0.07952001690864563,1
351.5445556640625,230.5151824951172,360.9002685546875,245.44886779785156,0.07137715071439743,1
341.6977233886719,233.66758728027344,369.4755554199219,253.78347778320312,0.05177019536495209,8
