xmin,ymin,xmax,ymax,score,label
347.7011413574219,235.33787536621094,394.58660888671875,265.6202697753906,0.8847833275794983,8
345.75970458984375,235.9667510986328,396.2103576660156,265.9976806640625,0.294821172952652,3
295.965576171875,240.56838989257812,317.14117431640625,255.43948364257812,0.10936954617500305,3
358.1358947753906,231.4708251953125,365.60223388671875,243.2602996826172,0.08996191620826721,1
