xmin,ymin,xmax,ymax,score,label
365.6703796386719,244.98529052734375,432.15240478515625,283.9211120605469,0.910995602607727,8
382.16552734375,241.59458923339844,388.14874267578125,253.19834899902344,0.7919133901596069,1
366.551513671875,245.4730682373047,432.77081298828125,284.4656982421875,0.48859304189682007,3
380.1092834472656,240.8702850341797,389.9260559082031,255.95152282714844,0.08007243275642395,1
