xmin,ymin,xmax,ymax,score,label
376.6767578125,246.96859741210938,449.2891845703125,292.79278564453125,0.9711945056915283,8
390.954833984375,244.2828826904297,399.7159118652344,257.5537109375,0.20067693293094635,1
380.98345947265625,247.78558349609375,449.5712585449219,294.6034851074219,0.17103572189807892,3
375.0843505859375,252.6143798828125,399.2090148925781,269.81292724609375,0.10872502624988556,8
375.15191650390625,252.54234313964844,398.4493713378906,269.7187805175781,0.08464010804891586,3
374.90350341796875,247.5963897705078,407.5140380859375,273.48834228515625,0.06282824277877808,8
