xmin,ymin,xmax,ymax,score,label
383.0212097167969,253.5904998779297,469.8690490722656,303.37860107421875,0.9854779243469238,8
402.03118896484375,248.31854248046875,411.088623046875,261.7964172363281,0.5369338989257812,1
397.6481018066406,246.21292114257812,409.65179443359375,261.4954833984375,0.12927338480949402,1
382.8852844238281,255.1104736328125,469.6643371582031,304.6954650878906,0.07956284284591675,3
