xmin,ymin,xmax,ymax,score,label
397.4408264160156,259.4962158203125,490.3858947753906,313.04052734375,0.9707260727882385,8
395.9664001464844,264.0395202636719,425.4222412109375,284.76629638671875,0.18917886912822723,8
409.08660888671875,254.07928466796875,427.9225769042969,269.6705017089844,0.1418594866991043,8
403.1336975097656,259.081298828125,491.22528076171875,313.38427734375,0.05436224862933159,3
402.01068115234375,259.1766052246094,491.6429443359375,313.7861022949219,0.051749248057603836,6
