xmin,ymin,xmax,ymax,score,label
410.1400451660156,265.4150390625,518.3978271484375,330.86102294921875,0.9359576106071472,8
427.5703125,258.823974609375,437.5711364746094,273.0527038574219,0.6263415813446045,1
426.7162170410156,269.1640625,519.7973022460938,331.5579528808594,0.1833840012550354,3
