xmin,ymin,xmax,ymax,score,label
423.7942810058594,275.4864807128906,558.6226196289062,352.638916015625,0.7243192195892334,8
443.01507568359375,265.4203186035156,457.0931701660156,282.2680358886719,0.5613758563995361,1
496.0623779296875,294.1856689453125,511.6214294433594,309.5075378417969,0.10844339430332184,1
