xmin,ymin,xmax,ymax,score,label
445.2176208496094,285.0860595703125,604.7040405273438,375.7687683105469,0.8849119544029236,8
463.504150390625,274.80682373046875,477.4762878417969,293.08355712890625,0.7110471129417419,1
444.91925048828125,284.8662109375,499.3162841796875,318.0667724609375,0.24594539403915405,8
