xmin,ymin,xmax,ymax,score,label
489.0282897949219,301.2887878417969,635.5460205078125,404.8804931640625,0.9264808893203735,8
488.5669250488281,283.87261962890625,504.8778991699219,304.911865234375,0.8080627918243408,1
516.009521484375,308.71356201171875,638.3604125976562,405.5493469238281,0.11995364725589752,3
456.53363037109375,295.6337585449219,601.4979248046875,372.0180969238281,0.0514749139547348,8
596.8558959960938,329.7926940917969,638.20947265625,356.70166015625,0.0511750727891922,3
