xmin,ymin,xmax,ymax,score,label
520.4555053710938,297.4469909667969,537.6013793945312,320.1209716796875,0.9433737993240356,1
571.2506103515625,327.15728759765625,638.4441528320312,410.9402770996094,0.9262804388999939,8
498.0276794433594,312.6589050292969,578.3145141601562,361.79949951171875,0.2700589597225189,3
494.92138671875,310.6780700683594,580.4186401367188,365.32867431640625,0.21255233883857727,8
527.9169921875,315.3232421875,634.4624633789062,408.6251525878906,0.1308148205280304,8
