xmin,ymin,xmax,ymax,score,label
560.4205322265625,314.5810546875,580.8820190429688,346.1885070800781,0.9828521609306335,1
537.2262573242188,326.1426696777344,634.5885009765625,396.859619140625,0.3741506040096283,3
534.1065673828125,327.0889892578125,639.6329956054688,396.1056213378906,0.2658582925796509,8
557.8704833984375,312.9924011230469,573.2169189453125,342.6278076171875,0.1342775970697403,1
561.7421875,324.85797119140625,576.9606323242188,347.0673522949219,0.08376885205507278,1
555.4067993164062,312.0391845703125,572.0579833984375,326.84283447265625,0.06944330781698227,3
236.7319793701172,202.3685760498047,247.4686279296875,212.3157501220703,0.05658596009016037,3
