xmin,ymin,xmax,ymax,score,label
608.2261962890625,335.35357666015625,636.8327026367188,372.69866943359375,0.9300174713134766,1
605.955322265625,331.7784423828125,622.3096923828125,362.7606201171875,0.6599044799804688,1
576.0638427734375,344.9437561035156,638.8204345703125,418.3006591796875,0.5342327952384949,8
608.7561645507812,332.56982421875,621.1599731445312,348.1372375488281,0.1188935786485672,1
591.0307006835938,338.6395263671875,640.0,390.6651306152344,0.0907287672162056,8
582.33837890625,341.8775634765625,638.8544311523438,410.7781677246094,0.058986008167266846,3
