xmin,ymin,xmax,ymax,score,label
237.441162109375,200.97103881835938,247.25149536132812,212.50833129882812,0.08976400643587112,3
