xmin,ymin,xmax,ymax,score,label
294.7677307128906,239.66339111328125,318.20123291015625,255.97544860839844,0.05537116527557373,3
