xmin,ymin,xmax,ymax,score,label
234.63409423828125,198.72113037109375,247.85382080078125,212.52549743652344,0.053032975643873215,3
