xmin,ymin,xmax,ymax,score,label
236.6768035888672,198.42843627929688,248.45262145996094,211.69000244140625,0.08707696199417114,3
