xmin,ymin,xmax,ymax,score,label
237.76922607421875,199.1002655029297,247.45053100585938,211.80474853515625,0.07173427939414978,3
