xmin,ymin,xmax,ymax,score,label
235.04632568359375,198.22251892089844,247.90814208984375,211.93829345703125,0.061547987163066864,3
