xmin,ymin,xmax,ymax,score,label
238.40853881835938,199.50637817382812,247.58326721191406,211.56680297851562,0.14514011144638062,3
