xmin,ymin,xmax,ymax,score,label
238.2531280517578,199.1769561767578,247.360595703125,210.68905639648438,0.16692964732646942,3
