xmin,ymin,xmax,ymax,score,label
235.73692321777344,198.6129608154297,247.67425537109375,212.07102966308594,0.24577541649341583,3
238.51039123535156,201.8534698486328,246.63330078125,211.7005157470703,0.08559277653694153,3
