xmin,ymin,xmax,ymax,score,label
234.5479278564453,199.44046020507812,247.76214599609375,212.73135375976562,0.30315980315208435,3
237.388916015625,198.0282745361328,245.95840454101562,207.0725860595703,0.052795249968767166,3
