xmin,ymin,xmax,ymax,score,label
236.68382263183594,199.16001892089844,247.1125946044922,211.1492156982422,0.05154005438089371,3
