xmin,ymin,xmax,ymax,score,label
237.37452697753906,199.35385131835938,247.155517578125,211.23703002929688,0.09520664811134338,3
230.51087951660156,197.47914123535156,246.7311248779297,212.22218322753906,0.06327775865793228,3
