xmin,ymin,xmax,ymax,score,label
237.42095947265625,199.35321044921875,247.14759826660156,211.21485900878906,0.09206567704677582,3
230.5043487548828,197.47052001953125,246.72052001953125,212.1986846923828,0.05878530070185661,3
