xmin,ymin,xmax,ymax,score,label
235.5255889892578,199.20750427246094,247.51568603515625,211.80577087402344,0.14686331152915955,3
