xmin,ymin,xmax,ymax,score,label
234.95025634765625,198.59950256347656,247.77243041992188,212.8865203857422,0.12414956837892532,3
239.385498046875,199.8305206298828,247.09561157226562,210.22877502441406,0.051144104450941086,3
