xmin,ymin,xmax,ymax,score,label
238.46949768066406,199.27772521972656,247.05323791503906,211.1946258544922,0.06006722152233124,3
