xmin,ymin,xmax,ymax,score,label
235.93292236328125,198.3636932373047,247.74998474121094,211.92385864257812,0.06296878308057785,3
