xmin,ymin,xmax,ymax,score,label
233.28182983398438,198.2095947265625,247.53927612304688,212.5411834716797,0.09478683024644852,3
