xmin,ymin,xmax,ymax,score,label
234.97183227539062,198.09774780273438,247.77716064453125,211.94140625,0.12051185965538025,3
