xmin,ymin,xmax,ymax,score,label
235.24652099609375,198.68539428710938,248.03604125976562,212.13218688964844,0.07179207354784012,3
