xmin,ymin,xmax,ymax,score,label
233.44224548339844,198.52200317382812,247.55406188964844,212.4661407470703,0.05827442556619644,3
