xmin,ymin,xmax,ymax,score,label
234.1381378173828,198.41065979003906,247.69923400878906,212.43638610839844,0.07100366801023483,3
