xmin,ymin,xmax,ymax,score,label
235.33529663085938,198.1678924560547,247.5926055908203,211.70484924316406,0.08888700604438782,3
