xmin,ymin,xmax,ymax,score,label
233.36805725097656,197.8331756591797,247.42425537109375,212.15719604492188,0.058139145374298096,3
