xmin,ymin,xmax,ymax,score,label
233.62353515625,198.53488159179688,247.53492736816406,212.3388671875,0.1670980006456375,3
