xmin,ymin,xmax,ymax,score,label
234.09176635742188,199.1162567138672,247.2592315673828,212.44728088378906,0.055689044296741486,3
