xmin,ymin,xmax,ymax,score,label
238.35848999023438,199.00628662109375,247.0333709716797,211.45753479003906,0.056427303701639175,3
