xmin,ymin,xmax,ymax,score,label
237.51654052734375,198.90122985839844,247.0971221923828,211.0681915283203,0.05532901734113693,3
