xmin,ymin,xmax,ymax,score,label
238.33424377441406,199.0386962890625,247.2117156982422,211.36326599121094,0.05547109618782997,3
