xmin,ymin,xmax,ymax,score,label
238.23971557617188,199.15707397460938,247.1527099609375,211.75546264648438,0.13351640105247498,3
