xmin,ymin,xmax,ymax,score,label
238.27113342285156,199.1748504638672,247.1562042236328,211.8010711669922,0.14710499346256256,3
