xmin,ymin,xmax,ymax,score,label
234.38246154785156,198.38551330566406,247.6988067626953,212.67529296875,0.050506897270679474,3
