xmin,ymin,xmax,ymax,score,label
234.3349609375,198.58982849121094,247.4764862060547,212.4647216796875,0.07304505258798599,3
