xmin,ymin,xmax,ymax,score,label
235.16845703125,198.4457244873047,247.37530517578125,212.2940673828125,0.09239663183689117,3
