xmin,ymin,xmax,ymax,score,label
235.87286376953125,198.06861877441406,247.56442260742188,211.99826049804688,0.05323924869298935,3
