xmin,ymin,xmax,ymax,score,label
232.5294647216797,198.91549682617188,246.94290161132812,212.52169799804688,0.09551776200532913,3
