xmin,ymin,xmax,ymax,score,label
233.02488708496094,198.74526977539062,247.09768676757812,212.24948120117188,0.06546425074338913,3
