xmin,ymin,xmax,ymax,score,label
234.40203857421875,198.202392578125,247.50572204589844,211.72496032714844,0.05298687517642975,3
