xmin,ymin,xmax,ymax,score,label
234.4112548828125,198.1536407470703,247.50485229492188,212.13278198242188,0.0887274444103241,3
