xmin,ymin,xmax,ymax,score,label
234.33152770996094,198.28277587890625,247.4300994873047,212.18869018554688,0.0970420092344284,3
