xmin,ymin,xmax,ymax,score,label
235.5506134033203,198.5370635986328,247.5770263671875,212.4328155517578,0.08357449620962143,3
