xmin,ymin,xmax,ymax,score,label
235.3779296875,198.67041015625,247.61489868164062,212.46884155273438,0.11562357097864151,3
