xmin,ymin,xmax,ymax,score,label
233.4592742919922,198.0498809814453,247.58798217773438,212.0238800048828,0.08063870668411255,3
