xmin,ymin,xmax,ymax,score,label
234.46783447265625,198.38096618652344,247.38436889648438,212.26431274414062,0.07403881102800369,3
