xmin,ymin,xmax,ymax,score,label
235.5094757080078,198.05233764648438,247.68092346191406,212.37814331054688,0.07707751542329788,3
