xmin,ymin,xmax,ymax,score,label
235.73606872558594,198.11866760253906,247.61575317382812,212.19760131835938,0.07070738822221756,3
