xmin,ymin,xmax,ymax,score,label
235.04217529296875,198.00111389160156,247.61297607421875,212.46791076660156,0.06261583417654037,3
