xmin,ymin,xmax,ymax,score,label
234.969482421875,198.0497589111328,247.6028594970703,212.48388671875,0.08938215672969818,3
