xmin,ymin,xmax,ymax,score,label
235.27386474609375,198.12701416015625,247.541015625,212.5899200439453,0.106375552713871,3
