xmin,ymin,xmax,ymax,score,label
235.74917602539062,200.00059509277344,247.70944213867188,212.8613739013672,0.05512760952115059,3
