xmin,ymin,xmax,ymax,score,label
234.9552459716797,199.52310180664062,247.42156982421875,213.14578247070312,0.10324517637491226,3
