xmin,ymin,xmax,ymax,score,label
235.08396911621094,199.7083282470703,247.47012329101562,213.1083221435547,0.14940674602985382,3
