xmin,ymin,xmax,ymax,score,label
235.28683471679688,198.83619689941406,247.4850616455078,212.52183532714844,0.05555440112948418,3
