xmin,ymin,xmax,ymax,score,label
234.28958129882812,198.1106719970703,247.5513458251953,212.94935607910156,0.06178664043545723,3
