xmin,ymin,xmax,ymax,score,label
234.45306396484375,198.09471130371094,247.5425567626953,212.6349639892578,0.07860690355300903,3
