xmin,ymin,xmax,ymax,score,label
233.6292266845703,199.0738067626953,247.30076599121094,212.8605194091797,0.05332086235284805,3
