xmin,ymin,xmax,ymax,score,label
237.0919952392578,199.27931213378906,247.25765991210938,211.6843719482422,0.055770762264728546,3
