xmin,ymin,xmax,ymax,score,label
236.1732635498047,199.00547790527344,247.2349853515625,211.5337677001953,0.07078079879283905,3
