xmin,ymin,xmax,ymax,score,label
232.7908935546875,198.20440673828125,247.14376831054688,212.606201171875,0.06237692013382912,3
