xmin,ymin,xmax,ymax,score,label
233.20465087890625,198.32594299316406,247.03309631347656,212.6750030517578,0.054982900619506836,3
