xmin,ymin,xmax,ymax,score,label
233.3479461669922,198.3297882080078,247.2434539794922,212.7921905517578,0.09611500799655914,3
