xmin,ymin,xmax,ymax,score,label
233.37872314453125,198.36888122558594,247.23641967773438,212.7790985107422,0.0808018296957016,3
