xmin,ymin,xmax,ymax,score,label
234.93675231933594,198.94078063964844,247.3356475830078,213.15428161621094,0.050092391669750214,3
