xmin,ymin,xmax,ymax,score,label
234.83900451660156,199.0354461669922,247.3416748046875,213.18199157714844,0.055558670312166214,3
