xmin,ymin,xmax,ymax,score,label
234.77566528320312,198.9850311279297,247.29930114746094,213.19078063964844,0.06424418836832047,3
