xmin,ymin,xmax,ymax,score,label
238.08238220214844,199.2300567626953,246.8811492919922,211.60498046875,0.05910419300198555,3
