xmin,ymin,xmax,ymax,score,label
235.47799682617188,198.95896911621094,247.4054718017578,211.34759521484375,0.06639203429222107,3
