xmin,ymin,xmax,ymax,score,label
235.54739379882812,199.06500244140625,247.3470916748047,211.23570251464844,0.10059355199337006,3
