xmin,ymin,xmax,ymax,score,label
234.27737426757812,198.40049743652344,247.6532745361328,212.14413452148438,0.061124518513679504,3
