xmin,ymin,xmax,ymax,score,label
233.6271514892578,198.13717651367188,247.4629364013672,211.9496307373047,0.08845961093902588,3
