xmin,ymin,xmax,ymax,score,label
235.2596435546875,198.38099670410156,247.85076904296875,212.6663055419922,0.05266252160072327,3
