xmin,ymin,xmax,ymax,score,label
236.41835021972656,199.2504119873047,247.62591552734375,211.63121032714844,0.1059856191277504,3
