xmin,ymin,xmax,ymax,score,label
235.08377075195312,198.81295776367188,247.7733612060547,212.6964569091797,0.09979671239852905,3
