xmin,ymin,xmax,ymax,score,label
233.4672393798828,198.30592346191406,247.9183807373047,212.3849334716797,0.11221630871295929,3
