xmin,ymin,xmax,ymax,score,label
236.72003173828125,200.0179901123047,247.2718963623047,211.9705352783203,0.06756256520748138,3
