xmin,ymin,xmax,ymax,score,label
237.05262756347656,199.1346893310547,247.78115844726562,211.76197814941406,0.06070759892463684,3
