xmin,ymin,xmax,ymax,score,label
235.34803771972656,198.0207061767578,247.69696044921875,212.39234924316406,0.11721142381429672,3
