xmin,ymin,xmax,ymax,score,label
237.75082397460938,199.4464569091797,247.14569091796875,211.72056579589844,0.16808024048805237,3
