xmin,ymin,xmax,ymax,score,label
237.94027709960938,199.55801391601562,247.350341796875,211.8396759033203,0.24763911962509155,3
