xmin,ymin,xmax,ymax,score,label
237.63104248046875,199.2675018310547,247.38409423828125,211.9513702392578,0.08935463428497314,3
