xmin,ymin,xmax,ymax,score,label
235.75814819335938,198.19155883789062,248.0003204345703,211.94248962402344,0.054684385657310486,3
