xmin,ymin,xmax,ymax,score,label
237.17596435546875,199.2046661376953,247.38291931152344,211.933349609375,0.05670403689146042,3
