xmin,ymin,xmax,ymax,score,label
233.8287353515625,198.33816528320312,247.33544921875,212.8370819091797,0.07574149966239929,3
