xmin,ymin,xmax,ymax,score,label
235.00848388671875,199.04190063476562,247.36695861816406,212.9449462890625,0.08975324034690857,3
