xmin,ymin,xmax,ymax,score,label
233.53329467773438,198.27102661132812,247.22946166992188,212.60345458984375,0.09644032269716263,3
