xmin,ymin,xmax,ymax,score,label
233.57748413085938,198.35633850097656,247.1845245361328,212.61178588867188,0.12052696198225021,3
