xmin,ymin,xmax,ymax,score,label
235.47515869140625,198.39776611328125,247.3787078857422,212.27574157714844,0.2051791101694107,3
