xmin,ymin,xmax,ymax,score,label
236.26048278808594,199.3946075439453,247.32212829589844,212.09140014648438,0.0967998132109642,3
