xmin,ymin,xmax,ymax,score,label
232.97061157226562,198.4755401611328,247.50450134277344,213.30506896972656,0.05232587084174156,3
