xmin,ymin,xmax,ymax,score,label
234.62008666992188,198.90853881835938,247.68675231933594,213.0357208251953,0.060912150889635086,3
