xmin,ymin,xmax,ymax,score,label
234.224609375,198.8004608154297,247.62583923339844,213.18638610839844,0.06093988195061684,3
