xmin,ymin,xmax,ymax,score,label
234.17591857910156,199.0785675048828,247.9348602294922,213.29696655273438,0.08675583451986313,3
