xmin,ymin,xmax,ymax,score,label
234.0149688720703,199.46221923828125,247.74412536621094,213.1129150390625,0.36208561062812805,3
238.06744384765625,198.01658630371094,246.63841247558594,210.27220153808594,0.05337321385741234,3
