xmin,ymin,xmax,ymax,score,label
234.16334533691406,199.8622589111328,247.5321044921875,213.1465301513672,0.30334869027137756,3
