xmin,ymin,xmax,ymax,score,label
234.28738403320312,199.88768005371094,247.7737274169922,213.10943603515625,0.2543087899684906,3
