xmin,ymin,xmax,ymax,score,label
234.32826232910156,198.95140075683594,248.13821411132812,213.37814331054688,0.11313866823911667,3
