xmin,ymin,xmax,ymax,score,label
235.42750549316406,198.83961486816406,247.7061767578125,211.87716674804688,0.07584921270608902,3
