xmin,ymin,xmax,ymax,score,label
235.37445068359375,198.79896545410156,247.72010803222656,212.46043395996094,0.10852524638175964,3
