xmin,ymin,xmax,ymax,score,label
235.6711883544922,198.17210388183594,247.802001953125,212.05641174316406,0.1617477983236313,3
