xmin,ymin,xmax,ymax,score,label
235.35012817382812,198.3003387451172,247.61183166503906,211.97604370117188,0.09688178449869156,3
