xmin,ymin,xmax,ymax,score,label
237.38845825195312,198.99452209472656,247.78956604003906,210.79161071777344,0.127139613032341,3
