xmin,ymin,xmax,ymax,score,label
236.14288330078125,199.21800231933594,247.47955322265625,211.59579467773438,0.12781305611133575,3
