xmin,ymin,xmax,ymax,score,label
237.29261779785156,199.36863708496094,247.5627899169922,211.7967987060547,0.1403072476387024,3
