xmin,ymin,xmax,ymax,score,label
237.77462768554688,199.13816833496094,247.8042755126953,211.51292419433594,0.11560134589672089,3
