xmin,ymin,xmax,ymax,score,label
237.09959411621094,199.40757751464844,247.75877380371094,211.98695373535156,0.13741903007030487,3
