xmin,ymin,xmax,ymax,score,label
236.08763122558594,199.23785400390625,247.96006774902344,212.40988159179688,0.13006126880645752,3
