xmin,ymin,xmax,ymax,score,label
233.35409545898438,198.25730895996094,247.6845703125,212.3046112060547,0.10174393653869629,3
