xmin,ymin,xmax,ymax,score,label
235.08689880371094,200.7115478515625,247.09176635742188,212.1070098876953,0.11508342623710632,3
