xmin,ymin,xmax,ymax,score,label
238.08863830566406,199.71978759765625,247.48126220703125,211.72286987304688,0.06346526741981506,3
