xmin,ymin,xmax,ymax,score,label
236.18145751953125,198.16622924804688,247.60862731933594,211.46771240234375,0.05684671923518181,3
