xmin,ymin,xmax,ymax,score,label
236.95545959472656,198.78004455566406,247.74366760253906,212.07496643066406,0.053762152791023254,3
