xmin,ymin,xmax,ymax,score,label
237.07107543945312,199.4481658935547,247.1893310546875,211.92648315429688,0.10014975070953369,3
