xmin,ymin,xmax,ymax,score,label
236.88328552246094,199.4319305419922,247.1001434326172,211.8656005859375,0.07707025855779648,3
