xmin,ymin,xmax,ymax,score,label
237.2247314453125,199.07640075683594,247.0330810546875,211.5808563232422,0.06799300760030746,3
