xmin,ymin,xmax,ymax,score,label
236.1040496826172,198.5519561767578,248.09056091308594,212.50782775878906,0.05112829431891441,3
