xmin,ymin,xmax,ymax,score,label
235.08531188964844,198.72535705566406,247.79550170898438,212.4492950439453,0.1636330932378769,3
