xmin,ymin,xmax,ymax,score,label
235.09912109375,198.67724609375,247.811767578125,212.39085388183594,0.13084782660007477,3
