xmin,ymin,xmax,ymax,score,label
236.94354248046875,199.63771057128906,247.42698669433594,211.53512573242188,0.08635055273771286,3
