xmin,ymin,xmax,ymax,score,label
237.7274627685547,199.4808349609375,247.8671875,210.85641479492188,0.05623350664973259,3
