xmin,ymin,xmax,ymax,score,label
235.19642639160156,198.3332977294922,248.23252868652344,212.35365295410156,0.07200133055448532,3
