xmin,ymin,xmax,ymax,score,label
235.2082061767578,198.31552124023438,248.26234436035156,212.36703491210938,0.06561985611915588,3
