xmin,ymin,xmax,ymax,score,label
235.4414520263672,197.7550811767578,247.9016571044922,212.2365264892578,0.053458865731954575,3
