xmin,ymin,xmax,ymax,score,label
237.9345245361328,197.9395294189453,247.06796264648438,211.00070190429688,0.060024432837963104,3
