xmin,ymin,xmax,ymax,score,label
236.64703369140625,197.47982788085938,247.94361877441406,212.02879333496094,0.1036287397146225,3
