xmin,ymin,xmax,ymax,score,label
236.09056091308594,197.87698364257812,248.1269073486328,212.64622497558594,0.05744154378771782,3
