xmin,ymin,xmax,ymax,score,label
236.95689392089844,197.1616668701172,248.70423889160156,212.11485290527344,0.06581183522939682,3
