xmin,ymin,xmax,ymax,score,label
235.0101318359375,197.32656860351562,247.39378356933594,212.04966735839844,0.23105069994926453,3
237.95191955566406,196.1932830810547,244.87759399414062,203.15965270996094,0.13234412670135498,3
239.67626953125,199.4892120361328,246.97410583496094,211.0679931640625,0.10361149907112122,3
