xmin,ymin,xmax,ymax,score,label
238.99932861328125,195.53492736816406,245.53497314453125,203.88735961914062,0.13765592873096466,3
238.14537048339844,196.9829864501953,246.91806030273438,210.7327117919922,0.13416056334972382,3
