xmin,ymin,xmax,ymax,score,label
238.0625457763672,197.7032012939453,247.40606689453125,211.58016967773438,0.10969441384077072,3
238.0977783203125,195.78109741210938,245.54347229003906,202.8614959716797,0.10540889948606491,3
