xmin,ymin,xmax,ymax,score,label
235.0501708984375,197.47006225585938,247.5799560546875,212.12025451660156,0.20301659405231476,3
238.41441345214844,196.00411987304688,245.47000122070312,202.6634063720703,0.2019273042678833,3
236.78546142578125,197.8048858642578,246.91067504882812,212.7136688232422,0.09941919147968292,1
238.04380798339844,197.2258758544922,245.98684692382812,206.0292205810547,0.08598756790161133,3
238.84349060058594,200.5756072998047,246.58497619628906,211.6422119140625,0.08129154145717621,3
240.2033233642578,194.46182250976562,246.93695068359375,200.8676300048828,0.06334654241800308,3
238.34104919433594,197.3086700439453,245.6291046142578,206.1761474609375,0.058947257697582245,1
