xmin,ymin,xmax,ymax,score,label
236.94744873046875,197.30470275878906,247.39047241210938,212.17210388183594,0.12555043399333954,3
238.64849853515625,196.2242889404297,246.42724609375,204.44334411621094,0.07179347425699234,3
