xmin,ymin,xmax,ymax,score,label
236.9047393798828,198.7617950439453,247.37608337402344,212.07342529296875,0.056120797991752625,3
