xmin,ymin,xmax,ymax,score,label
234.45001220703125,198.3580322265625,248.05589294433594,212.33103942871094,0.05421615391969681,3
