xmin,ymin,xmax,ymax,score,label
234.97178649902344,198.06947326660156,248.7036895751953,212.46090698242188,0.06724625825881958,3
