xmin,ymin,xmax,ymax,score,label
253.48207092285156,199.0316619873047,260.36309814453125,205.16517639160156,0.25244590640068054,3
