xmin,ymin,xmax,ymax,score,label
254.2919464111328,199.5379638671875,261.17327880859375,205.72909545898438,0.05115171894431114,3
