xmin,ymin,xmax,ymax,score,label
254.76272583007812,199.92933654785156,261.7852478027344,205.84751892089844,0.060675881803035736,3
