xmin,ymin,xmax,ymax,score,label
256.3107604980469,200.0440673828125,263.257568359375,206.1935577392578,0.18560174107551575,3
