xmin,ymin,xmax,ymax,score,label
257.0491638183594,200.0037841796875,263.7623291015625,206.41746520996094,0.25061190128326416,3
256.9782409667969,199.80426025390625,263.760986328125,206.48313903808594,0.055153656750917435,8
