xmin,ymin,xmax,ymax,score,label
257.6954040527344,200.1808624267578,264.7030944824219,206.4951934814453,0.21154043078422546,3
