xmin,ymin,xmax,ymax,score,label
258.5500183105469,200.7083740234375,265.5743103027344,207.3807830810547,0.35981130599975586,3
