xmin,ymin,xmax,ymax,score,label
259.0294494628906,201.00990295410156,266.6330261230469,207.71214294433594,0.5944764018058777,3
258.8855285644531,200.8567657470703,266.72833251953125,207.7550048828125,0.0778362825512886,8
