xmin,ymin,xmax,ymax,score,label
259.3664245605469,200.88351440429688,267.3143615722656,207.78363037109375,0.6106865406036377,3
259.2261962890625,200.73648071289062,267.4285888671875,207.82826232910156,0.08076633512973785,8
