xmin,ymin,xmax,ymax,score,label
259.89715576171875,201.41065979003906,268.7521667480469,208.2388458251953,0.47752144932746887,3
259.69610595703125,201.19485473632812,268.85552978515625,208.22764587402344,0.05153593420982361,8
