xmin,ymin,xmax,ymax,score,label
260.8946228027344,201.13919067382812,269.40789794921875,208.3834228515625,0.6295884847640991,3
