xmin,ymin,xmax,ymax,score,label
261.8508605957031,201.28379821777344,270.7791748046875,208.93197631835938,0.7100598216056824,3
