xmin,ymin,xmax,ymax,score,label
261.6944580078125,201.90643310546875,271.70037841796875,209.4249267578125,0.7442618608474731,3
261.45184326171875,201.67333984375,271.72540283203125,209.39512634277344,0.07644221186637878,8
