xmin,ymin,xmax,ymax,score,label
262.38763427734375,201.6875457763672,272.0093994140625,209.6182098388672,0.37334954738616943,3
