xmin,ymin,xmax,ymax,score,label
264.7474060058594,202.64898681640625,272.7411804199219,210.39463806152344,0.6465145945549011,3
264.4324035644531,202.58172607421875,272.7911071777344,210.1339111328125,0.1349366456270218,8
