xmin,ymin,xmax,ymax,score,label
265.3971862792969,203.8475341796875,273.7651672363281,210.36898803710938,0.7505500912666321,3
265.3194580078125,202.6635284423828,273.77056884765625,210.389404296875,0.1698230803012848,8
