xmin,ymin,xmax,ymax,score,label
265.7366638183594,203.5286102294922,275.330810546875,211.1410675048828,0.8601509928703308,3
264.8208312988281,202.3800506591797,275.676025390625,211.22723388671875,0.09930022805929184,8
