xmin,ymin,xmax,ymax,score,label
267.6805725097656,204.43948364257812,276.585693359375,211.61135864257812,0.7715550661087036,3
267.48089599609375,204.16793823242188,276.6316833496094,211.25547790527344,0.17309899628162384,8
