xmin,ymin,xmax,ymax,score,label
268.3370666503906,204.45790100097656,277.0543212890625,212.039306640625,0.8699033856391907,3
267.7048034667969,203.62367248535156,277.539794921875,212.19656372070312,0.10049659013748169,8
