xmin,ymin,xmax,ymax,score,label
269.359130859375,205.274169921875,278.26129150390625,212.6394805908203,0.7953745126724243,3
268.4115295410156,203.9641876220703,278.8587951660156,212.75318908691406,0.23171621561050415,8
235.54859924316406,198.21701049804688,247.45925903320312,212.00843811035156,0.06209114193916321,3
266.0746154785156,202.56109619140625,278.4800720214844,213.1477813720703,0.0529332160949707,3
