xmin,ymin,xmax,ymax,score,label
270.2624206542969,205.47731018066406,279.3580017089844,212.66053771972656,0.9146884679794312,3
269.234619140625,203.9840545654297,280.10369873046875,212.6757049560547,0.15271799266338348,8
235.40768432617188,198.17274475097656,247.5631561279297,212.45135498046875,0.14708100259304047,3
