xmin,ymin,xmax,ymax,score,label
271.23583984375,205.68846130371094,280.96405029296875,213.30667114257812,0.867870032787323,3
269.88201904296875,204.37677001953125,281.0473327636719,213.16183471679688,0.2998431622982025,8
235.41358947753906,198.1553497314453,247.64517211914062,212.40048217773438,0.1519336849451065,3
