xmin,ymin,xmax,ymax,score,label
272.56396484375,205.27818298339844,282.7284240722656,213.62863159179688,0.8248811960220337,3
271.313232421875,204.8192596435547,282.8436279296875,213.5267333984375,0.3020745813846588,8
235.53860473632812,198.1105194091797,247.6331024169922,212.6289825439453,0.16443410515785217,3
