xmin,ymin,xmax,ymax,score,label
273.9415283203125,205.83729553222656,283.9127502441406,214.4141387939453,0.8528807759284973,3
272.6704406738281,205.4116668701172,284.36236572265625,214.3864288330078,0.2589350640773773,8
235.5546112060547,198.15171813964844,247.66307067871094,212.58335876464844,0.22033946216106415,3
274.0789794921875,209.8348846435547,283.86431884765625,215.3123779296875,0.054131124168634415,3
