xmin,ymin,xmax,ymax,score,label
275.7320251464844,206.89761352539062,285.601318359375,215.0509033203125,0.8783673048019409,3
274.51507568359375,205.5680389404297,285.8027038574219,215.22142028808594,0.25148600339889526,8
