xmin,ymin,xmax,ymax,score,label
276.9471130371094,206.9429473876953,287.1920471191406,215.3289337158203,0.9081593751907349,3
275.0809631347656,206.11756896972656,286.9990234375,215.52252197265625,0.1779232621192932,8
284.8650207519531,191.611083984375,294.7595520019531,197.43373107910156,0.053298890590667725,3
