xmin,ymin,xmax,ymax,score,label
278.3022766113281,207.36558532714844,288.47576904296875,216.11962890625,0.8850845098495483,3
276.98626708984375,206.84039306640625,288.5727233886719,216.21031188964844,0.22401733696460724,8
236.1398468017578,199.09036254882812,248.5443572998047,212.73959350585938,0.07436871528625488,3
284.67230224609375,191.61021423339844,294.6734924316406,197.3749237060547,0.0698218047618866,3
