xmin,ymin,xmax,ymax,score,label
279.8616943359375,207.9735565185547,290.175537109375,217.6301727294922,0.8244721293449402,3
279.3934020996094,207.8461456298828,290.4078063964844,217.6728973388672,0.29907819628715515,8
284.3206787109375,191.5497283935547,294.8537292480469,197.2717742919922,0.07482128590345383,3
235.5658721923828,198.34848022460938,248.0470733642578,212.2110595703125,0.0520586222410202,3
