xmin,ymin,xmax,ymax,score,label
281.779052734375,209.2246551513672,292.1425476074219,217.9396209716797,0.654696524143219,3
281.33709716796875,208.5634765625,292.4293212890625,218.26502990722656,0.5894849300384521,8
280.9146728515625,212.1357879638672,290.7380065917969,218.96591186523438,0.11083190888166428,3
