xmin,ymin,xmax,ymax,score,label
282.20294189453125,210.11219787597656,293.7118835449219,218.5579071044922,0.7863982915878296,3
282.1457214355469,208.96531677246094,294.0908508300781,218.731689453125,0.3564203679561615,8
283.7781677246094,209.21046447753906,293.46563720703125,215.36932373046875,0.16459211707115173,3
281.32904052734375,213.3102569580078,291.6505126953125,219.51564025878906,0.0685308650135994,3
