xmin,ymin,xmax,ymax,score,label
285.25,210.44546508789062,296.2953186035156,219.48475646972656,0.676846981048584,3
284.4590759277344,209.33494567871094,296.8155517578125,219.8644256591797,0.49252068996429443,8
284.02276611328125,215.2061309814453,295.16748046875,220.7853240966797,0.0926738753914833,3
285.4715881347656,209.1758575439453,295.63543701171875,215.33126831054688,0.061775173991918564,3
