xmin,ymin,xmax,ymax,score,label
287.3878173828125,210.81666564941406,297.8396301269531,220.4839630126953,0.6386335492134094,3
286.5484924316406,210.1026153564453,298.0237121582031,220.67098999023438,0.5702789425849915,8
286.57073974609375,215.02554321289062,297.2868347167969,221.52476501464844,0.14056864380836487,3
