xmin,ymin,xmax,ymax,score,label
288.7884521484375,211.43814086914062,300.62188720703125,221.76979064941406,0.8006718158721924,3
287.59405517578125,210.78904724121094,300.93719482421875,221.74838256835938,0.3703712224960327,8
