xmin,ymin,xmax,ymax,score,label
289.5849304199219,211.35317993164062,303.33514404296875,222.4104766845703,0.8070809245109558,3
289.3006286621094,211.1245880126953,303.3199157714844,222.58450317382812,0.36094364523887634,8
