xmin,ymin,xmax,ymax,score,label
290.906494140625,211.4534149169922,305.5674743652344,223.58099365234375,0.8506476283073425,3
289.28314208984375,210.55020141601562,305.1292724609375,223.6542510986328,0.34648245573043823,8
284.1983642578125,191.5162353515625,295.30169677734375,197.6380157470703,0.14891092479228973,3
