xmin,ymin,xmax,ymax,score,label
293.8587951660156,212.7709197998047,308.0303039550781,224.5446014404297,0.9240456223487854,3
284.9952087402344,191.3929443359375,295.2696838378906,197.61131286621094,0.22864359617233276,3
290.8745422363281,211.32179260253906,307.4316711425781,224.4885711669922,0.18329977989196777,8
286.0682067871094,210.24295043945312,304.591796875,223.1653289794922,0.06077009066939354,3
