xmin,ymin,xmax,ymax,score,label
296.1191101074219,213.34156799316406,310.1794128417969,225.70228576660156,0.9137020707130432,3
287.7369079589844,216.0528106689453,294.83221435546875,223.47254943847656,0.3291422724723816,3
283.4076232910156,191.23281860351562,295.4064636230469,197.41184997558594,0.23301103711128235,3
294.82928466796875,212.9687042236328,309.7691345214844,225.7753143310547,0.12002702802419662,8
284.1903381347656,211.47494506835938,296.4554138183594,223.58982849121094,0.09916812926530838,3
