xmin,ymin,xmax,ymax,score,label
298.7676086425781,214.22879028320312,312.9674987792969,226.96319580078125,0.8952021598815918,3
298.3518981933594,214.1088104248047,313.0306091308594,227.1085662841797,0.15650887787342072,8
283.9522705078125,190.94894409179688,295.294921875,197.64419555664062,0.13444218039512634,3
284.63824462890625,213.0111083984375,297.8667297363281,224.55604553222656,0.06211162731051445,3
288.1276550292969,217.58229064941406,295.9124755859375,223.85830688476562,0.06032686308026314,3
