xmin,ymin,xmax,ymax,score,label
300.11517333984375,214.3968963623047,316.0616760253906,228.26292419433594,0.8973811864852905,3
299.4311828613281,214.30511474609375,315.7532043457031,228.35780334472656,0.1338195949792862,8
282.63751220703125,191.1444091796875,295.80657958984375,197.6637420654297,0.05865483731031418,3
