xmin,ymin,xmax,ymax,score,label
304.65228271484375,215.7985076904297,319.42523193359375,229.7877960205078,0.9274974465370178,3
302.4596252441406,215.9145965576172,319.09423828125,230.18809509277344,0.1779944896697998,8
284.602294921875,191.33311462402344,295.70294189453125,197.5802764892578,0.05146951973438263,3
