xmin,ymin,xmax,ymax,score,label
306.5790710449219,216.65292358398438,322.0276184082031,231.29766845703125,0.7105290293693542,3
305.013671875,215.9740753173828,321.5728759765625,231.6339569091797,0.3955845832824707,8
235.0330047607422,197.9842071533203,247.68128967285156,212.42759704589844,0.1262376457452774,3
