xmin,ymin,xmax,ymax,score,label
309.70977783203125,218.09007263183594,325.6397399902344,232.6726531982422,0.5818594098091125,3
307.39263916015625,216.71913146972656,325.4130554199219,232.65963745117188,0.5721661448478699,8
234.9593963623047,197.97898864746094,247.65138244628906,211.97161865234375,0.05032091215252876,3
