xmin,ymin,xmax,ymax,score,label
310.4111328125,217.95806884765625,329.15234375,234.90414428710938,0.8363132476806641,3
307.3371276855469,217.2256622314453,330.2154235839844,234.76698303222656,0.3520599901676178,8
234.8755645751953,198.02967834472656,247.62466430664062,212.1509552001953,0.07290790975093842,3
