xmin,ymin,xmax,ymax,score,label
315.4012451171875,220.2225799560547,333.4892272949219,236.8328094482422,0.7261325120925903,3
311.4163513183594,219.13844299316406,333.4525146484375,237.025390625,0.4572926163673401,8
235.220703125,198.0740509033203,247.62168884277344,212.0883331298828,0.05274312198162079,3
