xmin,ymin,xmax,ymax,score,label
318.39837646484375,222.33047485351562,337.43243408203125,239.122314453125,0.7676203846931458,3
317.0760192871094,220.8999481201172,337.2767639160156,238.419189453125,0.4119713604450226,8
