xmin,ymin,xmax,ymax,score,label
322.6463928222656,223.32015991210938,342.212158203125,240.9203643798828,0.630115807056427,8
324.49237060546875,222.67161560058594,341.9422302246094,240.49826049804688,0.5832564234733582,3
