xmin,ymin,xmax,ymax,score,label
325.96038818359375,225.15452575683594,346.90032958984375,243.98304748535156,0.7966418266296387,3
322.03436279296875,224.43809509277344,346.95550537109375,243.9621124267578,0.3257075548171997,8
