xmin,ymin,xmax,ymax,score,label
328.2735595703125,226.13272094726562,352.5265197753906,246.26260375976562,0.8264541625976562,3
328.1258544921875,225.38348388671875,352.4649353027344,246.2696990966797,0.2660081088542938,8
