xmin,ymin,xmax,ymax,score,label
327.2343444824219,226.15426635742188,358.77520751953125,248.99366760253906,0.9505923986434937,3
327.318359375,224.1522979736328,358.1668701171875,248.1870574951172,0.13116168975830078,8
