xmin,ymin,xmax,ymax,score,label
339.06585693359375,228.4505615234375,365.2994689941406,252.08753967285156,0.9246136546134949,3
332.98724365234375,227.80831909179688,365.248046875,252.91683959960938,0.14642252027988434,8
346.6502380371094,229.53065490722656,364.09246826171875,242.30526733398438,0.09601926058530807,3
