xmin,ymin,xmax,ymax,score,label
337.54840087890625,232.32501220703125,372.71295166015625,255.14588928222656,0.946317195892334,3
340.5828857421875,230.2288055419922,350.8272399902344,248.14784240722656,0.31099751591682434,1
335.4553527832031,231.39520263671875,373.442626953125,254.44859313964844,0.0950712338089943,8
347.6893005371094,232.0845947265625,371.3833923339844,248.51231384277344,0.07443118840456009,3
339.05853271484375,230.94595336914062,353.4457092285156,247.8322296142578,0.06183481961488724,3
339.1468505859375,234.2538299560547,347.25830078125,246.9812774658203,0.056019484996795654,1
