xmin,ymin,xmax,ymax,score,label
344.61663818359375,233.03477478027344,380.0334167480469,259.10687255859375,0.8952861428260803,3
345.9796447753906,234.82020568847656,353.7281494140625,251.23304748535156,0.2558620572090149,1
342.2023010253906,232.6435089111328,381.1331787109375,258.97540283203125,0.25380200147628784,8
357.96929931640625,233.0373992919922,380.0160217285156,247.90904235839844,0.11473287642002106,3
