xmin,ymin,xmax,ymax,score,label
346.4349060058594,235.78305053710938,390.0205078125,263.9215393066406,0.7839464545249939,3
345.3182067871094,235.17724609375,389.87884521484375,263.73602294921875,0.4030230939388275,8
353.2510070800781,233.1486358642578,365.61822509765625,254.2666778564453,0.3818703591823578,1
235.45712280273438,197.90646362304688,247.52670288085938,212.07347106933594,0.1973351538181305,3
352.9372253417969,237.54881286621094,361.9419860839844,252.415771484375,0.1675439029932022,1
