xmin,ymin,xmax,ymax,score,label
362.03179931640625,245.2576446533203,399.1581726074219,270.2742919921875,0.7879265546798706,3
360.5159606933594,239.96826171875,371.47198486328125,260.3699951171875,0.48706039786338806,1
361.2231750488281,236.87290954589844,379.01861572265625,260.4799499511719,0.1852022409439087,1
358.8139953613281,239.003662109375,398.55731201171875,260.731689453125,0.147650808095932,3
236.76473999023438,198.21824645996094,248.37619018554688,212.09347534179688,0.14054329693317413,3
363.1861572265625,238.0746612548828,391.4871826171875,263.46478271484375,0.12486763298511505,1
357.5538024902344,239.81060791015625,398.84271240234375,268.1769104003906,0.06128281354904175,8
