xmin,ymin,xmax,ymax,score,label
362.61810302734375,240.8336181640625,411.436767578125,275.83026123046875,0.7557039260864258,8
367.71881103515625,241.4818878173828,379.955322265625,261.6601867675781,0.4062274396419525,1
366.6255187988281,241.50828552246094,411.1790466308594,276.5205078125,0.3771234154701233,3
387.13641357421875,244.6415252685547,407.871337890625,256.1530456542969,0.11271708458662033,3
367.0765075683594,244.97267150878906,376.046142578125,258.8873291015625,0.09909092634916306,1
369.8512268066406,239.34295654296875,388.72589111328125,263.0340270996094,0.09007205814123154,1
