xmin,ymin,xmax,ymax,score,label
382.9961853027344,246.05258178710938,442.77655029296875,291.4298095703125,0.9567286372184753,8
381.5320129394531,246.408203125,442.4329528808594,292.3101806640625,0.11083606630563736,3
233.1696319580078,198.15501403808594,247.39013671875,212.2334442138672,0.06005539000034332,3
