xmin,ymin,xmax,ymax,score,label
395.60955810546875,252.3220672607422,459.4178466796875,302.4283752441406,0.9438742399215698,8
396.96630859375,254.3351287841797,461.0248718261719,302.7472229003906,0.22410623729228973,3
