xmin,ymin,xmax,ymax,score,label
410.44195556640625,256.80419921875,484.3583984375,312.2394714355469,0.9664084315299988,8
408.51922607421875,258.7445373535156,483.0623474121094,312.8665466308594,0.22062134742736816,3
