xmin,ymin,xmax,ymax,score,label
425.8928527832031,261.98907470703125,511.6121826171875,326.02777099609375,0.9880362749099731,8
428.14984130859375,264.60699462890625,511.4899597167969,327.955078125,0.055268190801143646,3
