xmin,ymin,xmax,ymax,score,label
440.12518310546875,271.68170166015625,545.972412109375,347.5205383300781,0.9936835765838623,8
