xmin,ymin,xmax,ymax,score,label
458.3047790527344,281.7890625,588.5282592773438,366.8331298828125,0.9958034157752991,8
