xmin,ymin,xmax,ymax,score,label
496.6586608886719,298.2459716796875,640.0,391.89007568359375,0.9968282580375671,8
