xmin,ymin,xmax,ymax,score,label
539.1304931640625,313.2725524902344,638.31640625,409.67510986328125,0.9966863989830017,8
