xmin,ymin,xmax,ymax,score,label
590.5593872070312,347.0023193359375,640.0,423.6607971191406,0.9691397547721863,8
591.2738647460938,351.8374938964844,639.8168334960938,421.83917236328125,0.2437114715576172,3
