xmin,ymin,xmax,ymax,score,label
235.38539123535156,198.50599670410156,247.16854858398438,212.4342803955078,0.0725538581609726,3
