xmin,ymin,xmax,ymax,score,label
236.84481811523438,199.24710083007812,246.96194458007812,211.30503845214844,0.061460625380277634,3
