xmin,ymin,xmax,ymax,score,label
235.3224639892578,198.08372497558594,247.56039428710938,211.8963165283203,0.0742981880903244,3
