xmin,ymin,xmax,ymax,score,label
238.42227172851562,200.3332977294922,247.06655883789062,211.48428344726562,0.13120417296886444,3
233.9061737060547,198.27549743652344,247.7222442626953,212.3041534423828,0.060674406588077545,3
