xmin,ymin,xmax,ymax,score,label
237.88153076171875,200.0339813232422,247.18130493164062,211.4002227783203,0.16053377091884613,3
237.04132080078125,197.79637145996094,245.82064819335938,206.36083984375,0.052768319845199585,3
