xmin,ymin,xmax,ymax,score,label
235.6656951904297,198.1029815673828,247.46994018554688,211.51022338867188,0.14492937922477722,3
239.01531982421875,201.7584686279297,246.71543884277344,211.19491577148438,0.06678171455860138,3
