xmin,ymin,xmax,ymax,score,label
238.1277618408203,198.99708557128906,247.7766876220703,211.3404083251953,0.0715392604470253,3
