xmin,ymin,xmax,ymax,score,label
238.15145874023438,198.99337768554688,247.7564697265625,211.3446044921875,0.07621024549007416,3
