xmin,ymin,xmax,ymax,score,label
237.41761779785156,198.8604736328125,247.21681213378906,211.2435302734375,0.05425318703055382,3
