xmin,ymin,xmax,ymax,score,label
237.3395233154297,198.89019775390625,247.2459716796875,211.282958984375,0.07697795331478119,3
