xmin,ymin,xmax,ymax,score,label
236.74981689453125,198.37835693359375,247.59616088867188,212.0151824951172,0.06005135178565979,3
