xmin,ymin,xmax,ymax,score,label
607.0681762695312,414.47796630859375,639.4569091796875,455.0745544433594,0.14983168244361877,3
