xmin,ymin,xmax,ymax,score,label
529.4631958007812,369.6201171875,640.0,480.0000305175781,0.914659857749939,3
539.6842651367188,369.5987243652344,639.2333984375,428.8573913574219,0.16599680483341217,3
