xmin,ymin,xmax,ymax,score,label
473.6812438964844,336.6975402832031,640.0,440.5249938964844,0.9932876229286194,3
