xmin,ymin,xmax,ymax,score,label
442.7208251953125,311.77655029296875,577.5626831054688,397.3187561035156,0.9430584907531738,3
442.1748352050781,309.1775207519531,571.4777221679688,392.19293212890625,0.1521204262971878,8
