xmin,ymin,xmax,ymax,score,label
416.23211669921875,291.95343017578125,523.407958984375,366.87567138671875,0.9835630655288696,3
414.8042907714844,292.2961120605469,525.7044067382812,364.6312561035156,0.06267629563808441,8
