xmin,ymin,xmax,ymax,score,label
402.117919921875,278.5863342285156,486.8695373535156,337.4400329589844,0.9605364799499512,3
399.0209045410156,279.853271484375,489.55987548828125,339.9053649902344,0.1542898714542389,8
