xmin,ymin,xmax,ymax,score,label
384.2859191894531,267.14697265625,460.2200622558594,318.439208984375,0.9156375527381897,8
388.3076477050781,266.4103088378906,459.5960998535156,316.0195007324219,0.3374168872833252,3
