xmin,ymin,xmax,ymax,score,label
375.0599365234375,259.2624206542969,435.9586181640625,303.4815673828125,0.6566946506500244,3
368.8921203613281,260.0265808105469,437.225830078125,307.64923095703125,0.560853898525238,8
