xmin,ymin,xmax,ymax,score,label
359.90045166015625,252.39968872070312,417.4769592285156,295.7804870605469,0.928582489490509,3
357.93084716796875,253.01190185546875,419.88238525390625,293.5935974121094,0.10521923750638962,8
