xmin,ymin,xmax,ymax,score,label
356.0021667480469,247.75621032714844,401.16802978515625,280.9465026855469,0.6874620318412781,3
351.9855651855469,245.8408203125,402.1371154785156,285.80364990234375,0.6644517183303833,8
345.8600769042969,257.1811218261719,397.79522705078125,286.3880920410156,0.17339378595352173,3
