xmin,ymin,xmax,ymax,score,label
346.8977966308594,245.26998901367188,389.33880615234375,273.8863830566406,0.9118995070457458,3
355.1306457519531,244.8855743408203,387.2318115234375,256.7958068847656,0.32975897192955017,3
336.2951965332031,257.59674072265625,386.95806884765625,279.10040283203125,0.2752077281475067,3
342.45343017578125,244.4394073486328,390.2267761230469,278.1920166015625,0.23276138305664062,8
