xmin,ymin,xmax,ymax,score,label
338.47198486328125,240.64064025878906,379.35943603515625,270.0930480957031,0.971673846244812,3
332.1758728027344,255.41477966308594,375.9743347167969,271.2455749511719,0.08902574330568314,3
336.57745361328125,240.41188049316406,379.2715148925781,270.78948974609375,0.06174091249704361,8
