xmin,ymin,xmax,ymax,score,label
332.5904846191406,237.3163299560547,369.4030456542969,264.5418395996094,0.9814833998680115,3
326.3522644042969,250.80970764160156,367.40380859375,265.73895263671875,0.05829540640115738,3
