xmin,ymin,xmax,ymax,score,label
326.15997314453125,234.12722778320312,362.3934631347656,260.1509094238281,0.9857871532440186,3
