xmin,ymin,xmax,ymax,score,label
322.8936767578125,231.9717254638672,353.7346496582031,255.4470977783203,0.9527665376663208,3
323.2452697753906,231.8694610595703,354.7727966308594,255.2897491455078,0.11523211002349854,8
288.1060791015625,229.72862243652344,361.8625793457031,257.2721862792969,0.062414538115262985,3
