xmin,ymin,xmax,ymax,score,label
318.6031799316406,229.97921752929688,348.0941162109375,251.4498291015625,0.9897165894508362,3
