xmin,ymin,xmax,ymax,score,label
314.85968017578125,227.6006622314453,342.365478515625,248.32350158691406,0.9643926024436951,3
307.104248046875,226.17587280273438,342.0738220214844,248.25550842285156,0.07036733627319336,8
316.71917724609375,237.64772033691406,340.457763671875,249.24598693847656,0.06129823252558708,3
