xmin,ymin,xmax,ymax,score,label
312.6510925292969,225.52902221679688,336.2422790527344,245.49685668945312,0.9534364938735962,3
307.7929992675781,224.7801513671875,335.7970886230469,245.17872619628906,0.11504576355218887,8
