xmin,ymin,xmax,ymax,score,label
308.0711364746094,224.10256958007812,332.3453674316406,242.9912872314453,0.9292203187942505,3
304.5794982910156,223.5404510498047,332.168701171875,243.0702362060547,0.1280435174703598,8
