xmin,ymin,xmax,ymax,score,label
304.39447021484375,222.34906005859375,327.5653991699219,240.75076293945312,0.9271963834762573,3
302.8730773925781,222.28311157226562,327.77642822265625,240.27926635742188,0.12868255376815796,8
