xmin,ymin,xmax,ymax,score,label
302.3329772949219,221.3087158203125,323.3887023925781,238.4220733642578,0.9440577030181885,3
300.1473693847656,221.25454711914062,323.47772216796875,238.7626495361328,0.08799806982278824,8
