xmin,ymin,xmax,ymax,score,label
298.2839660644531,220.20933532714844,320.35809326171875,235.9668426513672,0.9582656025886536,3
296.0093994140625,219.16061401367188,321.48486328125,235.84793090820312,0.07909524440765381,8
305.3482971191406,218.8321990966797,320.1856689453125,228.97862243652344,0.059644751250743866,3
