xmin,ymin,xmax,ymax,score,label
296.6092529296875,219.45249938964844,315.7748107910156,233.77735900878906,0.8351997137069702,3
295.1853942871094,219.08934020996094,316.44940185546875,233.87950134277344,0.2675030529499054,8
302.68304443359375,218.65789794921875,315.4066467285156,225.93875122070312,0.24025462567806244,3
