xmin,ymin,xmax,ymax,score,label
294.1077880859375,218.6000518798828,313.1230163574219,231.68414306640625,0.8592442274093628,3
293.8350830078125,217.8862762451172,312.9344482421875,232.0936737060547,0.2261887639760971,8
299.0174865722656,217.91741943359375,312.90631103515625,227.2351837158203,0.20409657061100006,3
295.809326171875,223.44091796875,311.43896484375,232.31040954589844,0.053423598408699036,3
