xmin,ymin,xmax,ymax,score,label
293.4016418457031,216.63934326171875,309.55712890625,230.05796813964844,0.7322807908058167,3
292.0741882324219,216.35292053222656,309.8152770996094,230.75267028808594,0.3240698575973511,8
