xmin,ymin,xmax,ymax,score,label
290.6777038574219,215.91061401367188,306.789794921875,228.79867553710938,0.8529180884361267,3
290.0517272949219,215.66534423828125,306.938720703125,229.0145721435547,0.16259047389030457,8
291.640380859375,221.42068481445312,305.9712829589844,229.10195922851562,0.1311829388141632,3
286.5741271972656,216.30226135253906,293.339111328125,226.23777770996094,0.06107751280069351,3
294.8224182128906,214.6783905029297,306.9685363769531,223.7037353515625,0.06051415950059891,3
