xmin,ymin,xmax,ymax,score,label
289.1864318847656,214.701171875,304.2054443359375,228.1282501220703,0.816424548625946,3
288.44659423828125,214.4444580078125,303.7397155761719,228.69906616210938,0.2984132766723633,8
285.016845703125,215.4457550048828,292.88446044921875,226.23487854003906,0.06261998414993286,3
290.38494873046875,221.2996063232422,302.63720703125,228.13995361328125,0.05365760624408722,3
