xmin,ymin,xmax,ymax,score,label
286.8641662597656,213.64476013183594,301.6555480957031,226.42816162109375,0.8689215779304504,3
286.5178527832031,213.62350463867188,301.7091979980469,227.00437927246094,0.2094452828168869,8
288.5734558105469,218.31735229492188,300.7259216308594,227.2260284423828,0.1070496067404747,3
283.3573303222656,214.04898071289062,292.6845703125,224.6920928955078,0.06925596296787262,3
