xmin,ymin,xmax,ymax,score,label
284.6476745605469,212.4115447998047,299.70782470703125,224.8599395751953,0.905187726020813,3
285.5622863769531,221.3028564453125,297.6932067871094,226.5930633544922,0.28128382563591003,3
283.66131591796875,211.55223083496094,299.93359375,225.29173278808594,0.1595400720834732,8
288.1628723144531,212.7684326171875,299.3194885253906,220.44651794433594,0.0871725007891655,3
287.0737609863281,217.66925048828125,297.9301452636719,225.92471313476562,0.08499903231859207,3
