xmin,ymin,xmax,ymax,score,label
282.28253173828125,212.32408142089844,296.4134826660156,224.22293090820312,0.7211399674415588,3
282.26422119140625,211.38119506835938,296.5412292480469,224.3267822265625,0.43821385502815247,8
284.1325988769531,218.3714141845703,295.6936340332031,225.11854553222656,0.376924991607666,3
286.2446594238281,211.55812072753906,296.05157470703125,216.50567626953125,0.35335487127304077,3
283.30517578125,221.02484130859375,294.213623046875,225.63851928710938,0.09726861119270325,3
240.17652893066406,201.69198608398438,289.99224853515625,224.48260498046875,0.08466607332229614,8
286.1148986816406,211.4171600341797,296.102783203125,216.65206909179688,0.07282647490501404,8
287.4940490722656,210.23167419433594,294.8932800292969,215.4936065673828,0.0632912814617157,3
