xmin,ymin,xmax,ymax,score,label
281.9627380371094,212.9086456298828,294.036376953125,223.1946258544922,0.7298111915588379,3
280.3754577636719,211.46359252929688,294.4916076660156,223.2299041748047,0.48941075801849365,8
282.016357421875,217.83795166015625,293.3438415527344,224.0970458984375,0.3475198447704315,3
284.2355651855469,211.27976989746094,294.34234619140625,216.95509338378906,0.22335213422775269,3
238.93182373046875,201.83187866210938,291.0619201660156,223.69158935546875,0.21882569789886475,8
284.0635681152344,211.18975830078125,294.340087890625,217.14785766601562,0.077257439494133,8
282.56036376953125,220.5469207763672,292.5905456542969,224.98341369628906,0.07667329162359238,3
