xmin,ymin,xmax,ymax,score,label
280.2128601074219,212.47518920898438,291.9674072265625,222.05406188964844,0.7611274123191833,3
281.2457275390625,211.18724060058594,291.9889221191406,217.3705291748047,0.4773631989955902,3
279.3925476074219,210.3282012939453,292.7857360839844,221.9638671875,0.4480232894420624,8
281.1316223144531,211.05740356445312,292.0355529785156,217.52272033691406,0.1652204394340515,8
284.93212890625,191.81822204589844,294.431884765625,197.36532592773438,0.1029684841632843,3
280.59246826171875,218.4981231689453,291.16064453125,223.6959686279297,0.10071127116680145,3
275.4892578125,212.2359619140625,281.3355407714844,220.79457092285156,0.05053709074854851,3
