xmin,ymin,xmax,ymax,score,label
277.9423522949219,210.0720672607422,290.323486328125,221.31414794921875,0.6836917400360107,3
277.27911376953125,209.82960510253906,290.3663024902344,221.3545684814453,0.5428606867790222,8
284.9204406738281,191.54869079589844,294.6022033691406,197.13333129882812,0.18174973130226135,3
278.6108703613281,215.25656127929688,289.2560729980469,222.0668487548828,0.1272387057542801,3
235.96632385253906,199.25953674316406,248.03208923339844,212.6516876220703,0.12686069309711456,3
281.75238037109375,210.94058227539062,290.7734680175781,218.15281677246094,0.11464419215917587,3
237.04205322265625,199.9758758544922,289.3136901855469,221.22410583496094,0.08839035034179688,8
