xmin,ymin,xmax,ymax,score,label
274.9154052734375,209.53590393066406,288.43426513671875,220.48052978515625,0.8097937107086182,8
275.648193359375,210.13153076171875,287.97161865234375,220.7584991455078,0.37033066153526306,3
236.3375244140625,199.1324920654297,248.2806854248047,212.64901733398438,0.09190068393945694,3
237.3304443359375,199.55624389648438,287.419677734375,220.75559997558594,0.08944176882505417,8
285.6468505859375,191.71969604492188,294.31158447265625,197.17367553710938,0.06591153144836426,3
