xmin,ymin,xmax,ymax,score,label
273.25836181640625,208.9823455810547,286.65283203125,219.65182495117188,0.6193534731864929,8
274.83270263671875,210.20057678222656,286.1006164550781,219.8727569580078,0.5557641386985779,3
236.4019012451172,199.0796356201172,248.26089477539062,212.68099975585938,0.15679693222045898,3
236.8794403076172,199.36439514160156,285.8769226074219,220.16250610351562,0.11889862269163132,8
275.0137634277344,215.04421997070312,286.074462890625,221.2975311279297,0.05645056813955307,3
