xmin,ymin,xmax,ymax,score,label
273.83258056640625,208.5969696044922,285.2251892089844,219.02584838867188,0.777040958404541,3
272.09625244140625,208.47653198242188,285.1878967285156,218.7664031982422,0.3615712523460388,8
236.49105834960938,199.11862182617188,248.2386474609375,212.86053466796875,0.16186915338039398,3
237.03697204589844,198.84707641601562,284.04949951171875,219.13336181640625,0.07135894149541855,8
