xmin,ymin,xmax,ymax,score,label
272.5306091308594,210.09910583496094,283.0306091308594,217.8462677001953,0.6738561987876892,3
271.25164794921875,207.92942810058594,283.7266845703125,217.80288696289062,0.5431735515594482,8
276.9493408203125,209.42620849609375,283.760498046875,216.60691833496094,0.141187384724617,3
276.8987121582031,209.24684143066406,283.715576171875,216.6715545654297,0.07663898915052414,8
273.7633972167969,208.429443359375,282.769287109375,215.0801544189453,0.06157799810171127,3
272.1669616699219,214.17633056640625,281.5988464355469,219.37026977539062,0.060148853808641434,3
