xmin,ymin,xmax,ymax,score,label
272.15350341796875,208.02362060546875,281.83563232421875,216.9000244140625,0.7813055515289307,3
270.1548767089844,207.44363403320312,282.0886535644531,217.4187469482422,0.37030550837516785,8
272.3029479980469,213.59910583496094,280.8921813964844,218.56797790527344,0.2771880626678467,3
235.3055877685547,198.13479614257812,247.46717834472656,212.4685821533203,0.08100495487451553,3
267.18182373046875,209.20750427246094,272.1365661621094,215.62762451171875,0.051961541175842285,3
