xmin,ymin,xmax,ymax,score,label
270.62030029296875,208.02276611328125,280.0936584472656,216.33094787597656,0.8162491321563721,3
270.9172058105469,211.1886749267578,279.1339416503906,217.23635864257812,0.3805048167705536,3
268.4919128417969,206.95645141601562,280.4665832519531,216.39810180664062,0.3392486870288849,8
235.2202911376953,198.1767578125,247.73223876953125,212.49253845214844,0.13117189705371857,3
271.8962097167969,214.1487579345703,278.7152404785156,218.57745361328125,0.07499059289693832,3
