xmin,ymin,xmax,ymax,score,label
268.6725158691406,207.31423950195312,278.5440368652344,216.0376434326172,0.8317533135414124,3
269.4837341308594,211.0291748046875,278.047119140625,216.87393188476562,0.46840155124664307,3
266.4154968261719,206.65390014648438,278.529296875,216.3231964111328,0.3091873824596405,8
235.38597106933594,198.27024841308594,247.67523193359375,212.39581298828125,0.17608462274074554,3
270.72222900390625,213.64402770996094,277.9472351074219,217.97792053222656,0.13081997632980347,3
235.75941467285156,198.6078338623047,279.5625305175781,216.87742614746094,0.06428001821041107,8
265.8614807128906,207.5424346923828,274.3744812011719,214.9993438720703,0.051615066826343536,3
