xmin,ymin,xmax,ymax,score,label
267.6046447753906,207.43309020996094,277.03082275390625,215.018310546875,0.782401978969574,3
268.3763732910156,211.50711059570312,276.06182861328125,216.18856811523438,0.345919132232666,3
265.99151611328125,207.8256072998047,272.1963806152344,214.05152893066406,0.2567124664783478,3
266.07958984375,206.29428100585938,277.58319091796875,215.44691467285156,0.2479163408279419,8
264.31463623046875,208.50331115722656,269.8851623535156,214.17738342285156,0.14624983072280884,3
271.3441162109375,207.96949768066406,277.4762878417969,214.11862182617188,0.13568487763404846,3
235.30865478515625,198.3087615966797,247.57383728027344,212.19302368164062,0.11749053001403809,3
266.64532470703125,209.95626831054688,274.02032470703125,215.51885986328125,0.09026744216680527,3
