xmin,ymin,xmax,ymax,score,label
265.8266296386719,206.92095947265625,275.6882019042969,213.9268341064453,0.7979101538658142,3
264.8446350097656,205.53736877441406,276.21246337890625,214.5121612548828,0.25613120198249817,8
267.203125,211.2429656982422,275.2764892578125,215.40916442871094,0.1523096263408661,3
265.9952087402344,209.3737030029297,273.766357421875,214.7632598876953,0.14533936977386475,3
269.6982421875,208.25938415527344,276.04901123046875,214.2757568359375,0.13755841553211212,3
264.09246826171875,208.3091583251953,269.5035705566406,214.0113983154297,0.11114642024040222,3
