xmin,ymin,xmax,ymax,score,label
264.8440856933594,206.0851593017578,274.0613098144531,213.5491180419922,0.7512235641479492,3
264.37139892578125,205.1566162109375,274.7188415527344,213.9471435546875,0.2909446358680725,8
265.7868347167969,209.1722869873047,273.0135192871094,213.9659881591797,0.16535338759422302,3
