xmin,ymin,xmax,ymax,score,label
264.5128479003906,205.85377502441406,273.32763671875,213.3450164794922,0.6085856556892395,3
264.425537109375,204.98806762695312,273.7314147949219,213.09799194335938,0.3279990255832672,8
