xmin,ymin,xmax,ymax,score,label
263.0814514160156,204.94444274902344,272.1828308105469,212.8596649169922,0.6129217147827148,3
262.9725036621094,204.6537322998047,272.41778564453125,212.80841064453125,0.3198721408843994,8
