xmin,ymin,xmax,ymax,score,label
263.5277099609375,205.1006622314453,271.39508056640625,212.22584533691406,0.6005568504333496,3
263.2069091796875,204.60313415527344,271.537109375,212.05447387695312,0.30543655157089233,8
235.4717559814453,198.5574493408203,247.8837432861328,211.81634521484375,0.055152151733636856,3
