xmin,ymin,xmax,ymax,score,label
261.01348876953125,204.5888214111328,270.7388610839844,212.0033416748047,0.7548239827156067,3
263.1098327636719,206.13587951660156,269.3633728027344,212.3033905029297,0.1483035683631897,3
260.83343505859375,204.42527770996094,270.7017517089844,211.90289306640625,0.06873179227113724,8
