xmin,ymin,xmax,ymax,score,label
260.7401428222656,204.12733459472656,269.6902770996094,211.81019592285156,0.45346376299858093,3
260.5375061035156,203.88314819335938,269.62994384765625,211.7437286376953,0.07140598446130753,8
263.0934753417969,205.523681640625,268.4679260253906,211.49951171875,0.05947132036089897,3
