xmin,ymin,xmax,ymax,score,label
259.6538391113281,204.64404296875,268.2490539550781,211.3073272705078,0.21584586799144745,3
