xmin,ymin,xmax,ymax,score,label
259.53594970703125,202.8477020263672,267.2435607910156,211.00523376464844,0.23873382806777954,3
257.9530029296875,202.63551330566406,267.5307312011719,211.1495819091797,0.16188567876815796,8
259.0032653808594,202.7548065185547,266.2063903808594,211.7731475830078,0.15745514631271362,1
