xmin,ymin,xmax,ymax,score,label
258.8409118652344,203.1531219482422,266.3516845703125,210.31060791015625,0.31546542048454285,3
260.0188293457031,203.57955932617188,265.6501159667969,211.2335205078125,0.253460556268692,1
257.6014709472656,202.901123046875,263.40533447265625,210.47509765625,0.11212407797574997,1
258.7566833496094,202.97439575195312,266.3609313964844,210.38087463378906,0.0954362228512764,8
257.52978515625,202.2051544189453,266.47015380859375,212.50677490234375,0.0867048129439354,1
239.0221405029297,198.8341827392578,261.7475280761719,211.54371643066406,0.056757524609565735,3
