xmin,ymin,xmax,ymax,score,label
257.4863586425781,202.79998779296875,265.8129577636719,209.7782440185547,0.49948686361312866,3
256.1815490722656,202.57228088378906,266.09613037109375,209.66970825195312,0.25063952803611755,8
242.7855987548828,197.54733276367188,264.91961669921875,210.20127868652344,0.07958825677633286,8
