xmin,ymin,xmax,ymax,score,label
255.7584991455078,202.28016662597656,265.54669189453125,209.45948791503906,0.3691479563713074,8
256.7344055175781,202.90199279785156,265.20794677734375,209.6268768310547,0.36238154768943787,3
243.41156005859375,196.6599884033203,264.8353576660156,209.8197479248047,0.0722607895731926,8
