xmin,ymin,xmax,ymax,score,label
255.18287658691406,201.81918334960938,263.84539794921875,209.289306640625,0.48943936824798584,3
254.32205200195312,201.69052124023438,263.9270324707031,209.42581176757812,0.35953420400619507,8
239.9363555908203,198.21987915039062,263.14996337890625,210.7193603515625,0.13950514793395996,8
237.97018432617188,198.8939666748047,259.5990295410156,211.83985900878906,0.09743039309978485,3
