xmin,ymin,xmax,ymax,score,label
254.7028045654297,201.7356719970703,263.4049377441406,208.59909057617188,0.4314830005168915,3
254.2628173828125,201.70501708984375,263.59515380859375,208.85968017578125,0.33241674304008484,8
240.05885314941406,198.08639526367188,263.4624938964844,210.36285400390625,0.05886315926909447,8
