xmin,ymin,xmax,ymax,score,label
254.76841735839844,201.47869873046875,262.34747314453125,208.4552001953125,0.29455530643463135,3
254.57997131347656,201.27084350585938,262.33465576171875,208.44732666015625,0.10773906111717224,8
255.77293395996094,201.6160888671875,261.9588928222656,209.67422485351562,0.06498341262340546,1
