xmin,ymin,xmax,ymax,score,label
253.26255798339844,201.4845428466797,261.8394775390625,207.97134399414062,0.2029578536748886,3
252.99649047851562,201.32745361328125,261.815673828125,207.9841766357422,0.12613025307655334,8
