xmin,ymin,xmax,ymax,score,label
253.06468200683594,200.45445251464844,260.7332458496094,207.50511169433594,0.3848213851451874,3
252.92616271972656,200.2619171142578,260.6587219238281,207.52603149414062,0.1678912192583084,8
