xmin,ymin,xmax,ymax,score,label
252.72845458984375,200.48475646972656,259.43292236328125,207.0842742919922,0.3831697404384613,3
252.58705139160156,200.3699493408203,259.3566589355469,207.12879943847656,0.25571948289871216,8
