xmin,ymin,xmax,ymax,score,label
252.02696228027344,200.5356903076172,258.51873779296875,207.16275024414062,0.22828006744384766,3
251.94161987304688,200.43765258789062,258.415771484375,207.18161010742188,0.1229708194732666,8
254.3389129638672,200.30661010742188,258.80108642578125,207.84524536132812,0.05173574760556221,1
