xmin,ymin,xmax,ymax,score,label
251.86480712890625,200.0935516357422,257.7550354003906,206.51380920410156,0.16916289925575256,3
253.07742309570312,199.19497680664062,258.1002502441406,206.8665008544922,0.16204847395420074,1
235.27655029296875,198.98123168945312,252.43319702148438,212.43516540527344,0.05317520350217819,3
