xmin,ymin,xmax,ymax,score,label
237.82546997070312,199.03184509277344,247.89381408691406,210.607666015625,0.054852887988090515,3
