xmin,ymin,xmax,ymax,score,label
238.212158203125,197.99801635742188,249.69300842285156,205.43850708007812,0.0783499926328659,3
237.64688110351562,199.39341735839844,248.46530151367188,210.52392578125,0.055600766092538834,3
