xmin,ymin,xmax,ymax,score,label
237.852783203125,197.79119873046875,246.43502807617188,204.48941040039062,0.052004214376211166,3
