xmin,ymin,xmax,ymax,score,label
238.2222137451172,197.89378356933594,246.546630859375,204.27212524414062,0.096154123544693,3
