xmin,ymin,xmax,ymax,score,label
233.7155303955078,197.6985321044922,247.30606079101562,212.01829528808594,0.11962371319532394,3
237.85081481933594,196.64651489257812,246.08584594726562,203.69309997558594,0.07297328859567642,3
