xmin,ymin,xmax,ymax,score,label
233.82308959960938,197.1698455810547,247.06028747558594,211.9556427001953,0.08836553990840912,3
