xmin,ymin,xmax,ymax,score,label
235.3607940673828,196.10125732421875,247.4299774169922,211.5772247314453,0.07611954212188721,3
