xmin,ymin,xmax,ymax,score,label
237.50828552246094,199.45663452148438,246.9833221435547,211.1392059326172,0.06580772250890732,3
