xmin,ymin,xmax,ymax,score,label
237.88475036621094,199.0609588623047,247.45150756835938,211.48455810546875,0.15408770740032196,3
