xmin,ymin,xmax,ymax,score,label
237.75135803222656,199.05343627929688,247.4817352294922,211.63409423828125,0.26258552074432373,3
