xmin,ymin,xmax,ymax,score,label
237.80148315429688,199.61703491210938,247.0531463623047,211.35064697265625,0.30481386184692383,3
237.16815185546875,197.8260040283203,245.61843872070312,207.1573486328125,0.0603904090821743,3
