xmin,ymin,xmax,ymax,score,label
237.7489013671875,199.5377655029297,247.05380249023438,211.6276397705078,0.34943798184394836,3
237.13307189941406,197.74761962890625,245.4265899658203,206.92984008789062,0.0756046399474144,3
