xmin,ymin,xmax,ymax,score,label
233.37078857421875,197.937255859375,247.49371337890625,212.69859313964844,0.06545501947402954,3
