xmin,ymin,xmax,ymax,score,label
235.2658233642578,197.9512176513672,247.5836181640625,212.10098266601562,0.16333815455436707,3
