xmin,ymin,xmax,ymax,score,label
234.4685516357422,198.59722900390625,247.68992614746094,212.97283935546875,0.13351763784885406,3
