xmin,ymin,xmax,ymax,score,label
234.46153259277344,198.6114501953125,247.68118286132812,213.02354431152344,0.17265167832374573,3
