xmin,ymin,xmax,ymax,score,label
234.78704833984375,198.00360107421875,247.60438537597656,212.74607849121094,0.06529701501131058,3
