xmin,ymin,xmax,ymax,score,label
235.3321075439453,198.10882568359375,247.63031005859375,212.12753295898438,0.06830637902021408,3
