xmin,ymin,xmax,ymax,score,label
234.967529296875,198.477783203125,248.26995849609375,212.3966522216797,0.05109995976090431,3
