xmin,ymin,xmax,ymax,score,label
235.3334197998047,198.32550048828125,247.60528564453125,212.38400268554688,0.05906796082854271,3
