xmin,ymin,xmax,ymax,score,label
234.60418701171875,198.58279418945312,247.63197326660156,212.66796875,0.05586155876517296,3
