xmin,ymin,xmax,ymax,score,label
236.53843688964844,198.97254943847656,247.40650939941406,211.6238555908203,0.07982322573661804,3
