xmin,ymin,xmax,ymax,score,label
236.5675811767578,199.11781311035156,247.45846557617188,211.7839813232422,0.06468942761421204,3
