xmin,ymin,xmax,ymax,score,label
235.02442932128906,198.76393127441406,247.51470947265625,212.79962158203125,0.06574827432632446,3
