xmin,ymin,xmax,ymax,score,label
294.8959655761719,238.82215881347656,318.6150817871094,255.07313537597656,0.055529139935970306,3
