xmin,ymin,xmax,ymax,score,label
294.9926452636719,238.8860321044922,318.5166931152344,255.0941925048828,0.07516327500343323,3
