xmin,ymin,xmax,ymax,score,label
294.0058898925781,238.9575653076172,318.8176574707031,254.9255828857422,0.09020460397005081,3
