xmin,ymin,xmax,ymax,score,label
234.890380859375,197.69618225097656,247.33255004882812,212.0833282470703,0.06705106794834137,3
