xmin,ymin,xmax,ymax,score,label
235.77069091796875,199.37266540527344,247.6348876953125,213.1009979248047,0.051003169268369675,3
