xmin,ymin,xmax,ymax,score,label
233.6682891845703,197.7388153076172,247.33590698242188,212.2367706298828,0.09495075792074203,3
