xmin,ymin,xmax,ymax,score,label
235.19601440429688,197.75306701660156,247.4620361328125,212.0252685546875,0.15174037218093872,3
