xmin,ymin,xmax,ymax,score,label
235.33018493652344,197.8372802734375,247.53526306152344,212.04641723632812,0.17828933894634247,3
