xmin,ymin,xmax,ymax,score,label
234.59132385253906,198.4156036376953,247.6015167236328,212.6021728515625,0.10565558075904846,3
