xmin,ymin,xmax,ymax,score,label
234.94253540039062,198.48062133789062,247.73126220703125,212.5482940673828,0.06018621847033501,3
