xmin,ymin,xmax,ymax,score,label
251.8056640625,199.27296447753906,257.7812805175781,205.26119995117188,0.05536974221467972,3
