xmin,ymin,xmax,ymax,score,label
252.35943603515625,198.56178283691406,258.99163818359375,205.27577209472656,0.14031340181827545,3
