xmin,ymin,xmax,ymax,score,label
252.82814025878906,198.60874938964844,259.1682434082031,205.40447998046875,0.14792390167713165,3
