xmin,ymin,xmax,ymax,score,label
254.35960388183594,199.3380126953125,260.7707824707031,205.7397918701172,0.26176851987838745,3
