xmin,ymin,xmax,ymax,score,label
254.33961486816406,199.8087615966797,261.11590576171875,206.13516235351562,0.38378679752349854,3
235.28065490722656,197.7301788330078,248.06747436523438,212.11190795898438,0.06917966902256012,3
