xmin,ymin,xmax,ymax,score,label
254.7906951904297,199.50323486328125,261.7386169433594,206.14468383789062,0.209980770945549,3
235.80130004882812,197.36244201660156,247.59475708007812,211.8330078125,0.1137903481721878,3
