xmin,ymin,xmax,ymax,score,label
253.99256896972656,199.8330078125,262.3260803222656,206.86703491210938,0.1309085488319397,3
235.67701721191406,197.6620635986328,247.93519592285156,212.718505859375,0.08566571027040482,3
