xmin,ymin,xmax,ymax,score,label
255.13478088378906,199.81849670410156,262.1181335449219,206.5321807861328,0.06030566990375519,3
