xmin,ymin,xmax,ymax,score,label
258.0271911621094,200.71165466308594,264.80828857421875,207.3194580078125,0.11595115810632706,3
