xmin,ymin,xmax,ymax,score,label
258.8078308105469,200.45477294921875,265.5434265136719,207.19898986816406,0.2803569436073303,3
258.2101745605469,200.18431091308594,265.86529541015625,207.5727996826172,0.08498794585466385,8
