xmin,ymin,xmax,ymax,score,label
259.1446838378906,201.1411895751953,266.3095397949219,207.5930938720703,0.3619529604911804,3
258.4894714355469,200.78663635253906,266.5359802246094,207.93865966796875,0.07822771370410919,8
