xmin,ymin,xmax,ymax,score,label
259.4146423339844,201.30645751953125,267.25408935546875,208.25120544433594,0.2737833857536316,3
