xmin,ymin,xmax,ymax,score,label
260.879638671875,201.65626525878906,269.33984375,208.6151885986328,0.06402087211608887,3
