xmin,ymin,xmax,ymax,score,label
261.7489318847656,202.0127410888672,270.9137268066406,209.3532257080078,0.24947434663772583,3
