xmin,ymin,xmax,ymax,score,label
264.8880920410156,203.08059692382812,273.3583068847656,210.24342346191406,0.7886796593666077,3
234.86520385742188,198.21383666992188,248.24502563476562,212.24473571777344,0.09499632567167282,3
264.4971618652344,202.87718200683594,273.4698791503906,210.06275939941406,0.07225870341062546,8
