xmin,ymin,xmax,ymax,score,label
265.92718505859375,203.7210235595703,274.3183898925781,210.65750122070312,0.6561711430549622,3
235.42706298828125,200.9656219482422,247.4780731201172,212.33438110351562,0.15692953765392303,3
265.3465576171875,202.94981384277344,274.4675598144531,210.30984497070312,0.06810545921325684,8
