xmin,ymin,xmax,ymax,score,label
267.6564025878906,204.9638214111328,275.7268371582031,211.24705505371094,0.8480938076972961,3
235.49267578125,201.07284545898438,247.60675048828125,212.217529296875,0.13818423449993134,3
266.7331237792969,203.95465087890625,275.86328125,210.8788604736328,0.09305990487337112,8
