xmin,ymin,xmax,ymax,score,label
267.8253173828125,204.57626342773438,276.3912048339844,211.72093200683594,0.8487733006477356,3
267.5804138183594,204.43539428710938,276.2559814453125,211.15386962890625,0.08010227233171463,8
234.26776123046875,198.8262481689453,247.86895751953125,212.8319854736328,0.07159679383039474,3
236.97377014160156,197.10585021972656,277.35821533203125,212.3323211669922,0.06771799921989441,8
