xmin,ymin,xmax,ymax,score,label
269.5070495605469,205.00885009765625,277.8258056640625,212.00164794921875,0.8648220896720886,3
269.29425048828125,204.8463592529297,277.8586730957031,211.6063232421875,0.12227240204811096,8
