xmin,ymin,xmax,ymax,score,label
270.40911865234375,205.5233612060547,278.9829406738281,212.71368408203125,0.9183570742607117,3
269.7939453125,204.7841033935547,279.60003662109375,212.78482055664062,0.12224451452493668,8
236.3817596435547,199.43661499023438,248.79241943359375,213.20761108398438,0.0593285858631134,3
