xmin,ymin,xmax,ymax,score,label
271.2823486328125,205.29238891601562,280.6778869628906,212.83633422851562,0.922547459602356,3
270.2591857910156,204.4643096923828,281.2281188964844,213.01734924316406,0.10498915612697601,8
236.32757568359375,199.12982177734375,249.10430908203125,213.11915588378906,0.08656124025583267,3
