xmin,ymin,xmax,ymax,score,label
272.6162109375,205.84036254882812,281.24615478515625,213.067138671875,0.9227473139762878,3
270.8718566894531,204.66281127929688,281.9918212890625,213.07577514648438,0.1438678652048111,8
236.44337463378906,199.38099670410156,249.25477600097656,213.13748168945312,0.06423302739858627,3
