xmin,ymin,xmax,ymax,score,label
273.62078857421875,205.42086791992188,283.2197570800781,213.8650360107422,0.894286036491394,3
271.73455810546875,204.3826141357422,282.9889221191406,213.55776977539062,0.141634002327919,8
236.42636108398438,199.64503479003906,248.99635314941406,213.05189514160156,0.10453195124864578,3
