xmin,ymin,xmax,ymax,score,label
275.1606750488281,206.08871459960938,284.44622802734375,213.92291259765625,0.8930100798606873,3
273.3910827636719,204.94886779785156,284.68365478515625,213.95944213867188,0.2230900377035141,8
236.24842834472656,199.1975860595703,249.04373168945312,213.0789337158203,0.05643107369542122,3
