xmin,ymin,xmax,ymax,score,label
276.6036376953125,207.19192504882812,285.61248779296875,214.8324432373047,0.9196227192878723,3
275.7663879394531,206.4722442626953,286.0724182128906,215.09494018554688,0.13684473931789398,8
248.97964477539062,198.9573211669922,254.97471618652344,203.91786193847656,0.1309298574924469,3
