xmin,ymin,xmax,ymax,score,label
277.94927978515625,207.1232452392578,287.6304016113281,215.4199981689453,0.9316674470901489,3
276.99090576171875,206.71165466308594,288.0378112792969,215.26425170898438,0.106659434735775,8
249.10487365722656,198.15577697753906,255.36964416503906,203.0620880126953,0.10113447159528732,3
235.804443359375,199.12945556640625,248.8119659423828,212.40713500976562,0.09113474190235138,3
287.62152099609375,209.58070373535156,297.7740783691406,216.5977325439453,0.06037833169102669,3
