xmin,ymin,xmax,ymax,score,label
279.3326721191406,208.46481323242188,289.53192138671875,216.00038146972656,0.9074339270591736,3
278.2377624511719,207.52127075195312,289.5216064453125,216.12152099609375,0.16607025265693665,8
235.70315551757812,199.2582244873047,249.04586791992188,212.3722686767578,0.12059798836708069,3
250.48135375976562,199.61761474609375,256.1125183105469,204.23751831054688,0.10070272535085678,3
239.14361572265625,200.7174530029297,247.7574462890625,210.66697692871094,0.05266337841749191,3
