xmin,ymin,xmax,ymax,score,label
280.1750183105469,208.60133361816406,290.6179504394531,216.6134796142578,0.9324946403503418,3
279.08807373046875,207.72877502441406,290.84796142578125,216.51229858398438,0.16186141967773438,8
250.32113647460938,199.6349334716797,256.3089294433594,204.3975830078125,0.12833549082279205,3
234.63766479492188,199.2008514404297,249.30003356933594,212.6819610595703,0.05697396397590637,3
