xmin,ymin,xmax,ymax,score,label
281.52294921875,209.1779022216797,292.0276184082031,216.95794677734375,0.9297671914100647,3
280.83660888671875,208.26475524902344,292.3949890136719,217.11819458007812,0.16681446135044098,8
249.69020080566406,199.08981323242188,256.59564208984375,204.73382568359375,0.10257797688245773,3
281.2203369140625,212.3175506591797,291.4503479003906,218.28738403320312,0.07172982394695282,3
