xmin,ymin,xmax,ymax,score,label
283.9772644042969,209.70608520507812,294.0896301269531,218.2879180908203,0.7529442310333252,3
283.99188232421875,208.46351623535156,294.8131103515625,218.27796936035156,0.4131980836391449,8
250.5243682861328,198.8262176513672,258.3166198730469,205.1847686767578,0.07413952797651291,3
