xmin,ymin,xmax,ymax,score,label
285.44415283203125,210.10943603515625,295.89044189453125,218.9466552734375,0.7646124362945557,3
284.72833251953125,209.1928253173828,296.21563720703125,219.4748992919922,0.31973758339881897,8
251.89178466796875,199.22816467285156,258.4389343261719,205.16690063476562,0.15219004452228546,3
