xmin,ymin,xmax,ymax,score,label
286.2078552246094,209.83505249023438,298.7523193359375,220.0806427001953,0.8028210401535034,3
285.8868103027344,209.58395385742188,298.418212890625,220.22091674804688,0.24583515524864197,8
252.3192138671875,199.08877563476562,259.5317077636719,205.2039794921875,0.11217237263917923,3
288.59197998046875,210.372314453125,297.5804443359375,217.48753356933594,0.05417465791106224,3
