xmin,ymin,xmax,ymax,score,label
288.97802734375,210.77230834960938,299.95166015625,220.82440185546875,0.8366897702217102,3
286.5293273925781,209.5287628173828,300.0638427734375,220.62759399414062,0.22013047337532043,8
252.783447265625,198.81832885742188,259.97113037109375,204.9502716064453,0.11439879238605499,3
289.2590026855469,213.74595642089844,299.841796875,220.82745361328125,0.06250544637441635,8
