xmin,ymin,xmax,ymax,score,label
290.603515625,211.25466918945312,302.703369140625,221.53355407714844,0.8532571196556091,3
287.9330139160156,210.35289001464844,302.22296142578125,221.45779418945312,0.16571477055549622,8
252.3160400390625,198.6785430908203,260.01318359375,204.9969940185547,0.08524416387081146,3
