xmin,ymin,xmax,ymax,score,label
291.5892333984375,211.9979248046875,304.6091003417969,222.94415283203125,0.8493119478225708,3
289.99212646484375,211.04310607910156,304.3992919921875,222.95220947265625,0.2736178934574127,8
253.9526824951172,199.69496154785156,260.8108825683594,206.06922912597656,0.2712429463863373,3
