xmin,ymin,xmax,ymax,score,label
294.2241516113281,212.8580780029297,307.2098388671875,223.6431121826172,0.8897832632064819,3
254.45120239257812,199.61708068847656,261.35595703125,206.20086669921875,0.2965332865715027,3
292.775390625,211.57472229003906,306.7403564453125,223.55918884277344,0.16929301619529724,8
295.69622802734375,219.32470703125,306.5395812988281,224.090576171875,0.10411607474088669,3
