xmin,ymin,xmax,ymax,score,label
295.8922424316406,214.01882934570312,309.13800048828125,224.96153259277344,0.9424030780792236,3
254.97938537597656,200.6906280517578,261.9147644042969,206.23052978515625,0.5931923985481262,3
235.083251953125,198.8000030517578,247.7547149658203,212.81361389160156,0.17658422887325287,3
254.90895080566406,200.68582153320312,261.9349670410156,206.30682373046875,0.08441611379384995,8
295.9396667480469,213.79290771484375,309.19012451171875,225.06759643554688,0.06344454735517502,8
253.9290771484375,199.107666015625,263.67388916015625,208.04742431640625,0.062487922608852386,3
