xmin,ymin,xmax,ymax,score,label
298.5835876464844,214.83863830566406,312.15570068359375,226.3338165283203,0.9270784258842468,3
255.8945770263672,200.3144073486328,261.9268798828125,206.09478759765625,0.2513704299926758,3
298.1159362792969,214.14332580566406,312.24456787109375,226.36721801757812,0.081366628408432,8
235.0334014892578,198.72900390625,247.76312255859375,212.74818420410156,0.07702229917049408,3
255.15682983398438,200.43495178222656,262.3817443847656,206.64910888671875,0.07480686902999878,8
