xmin,ymin,xmax,ymax,score,label
300.8892822265625,214.8177490234375,314.8795166015625,227.55712890625,0.8605413436889648,3
256.6317443847656,199.7864532470703,262.8692932128906,206.13461303710938,0.38319119811058044,3
300.52838134765625,214.0590362548828,314.9896545410156,227.3458251953125,0.20604147017002106,8
302.1137390136719,220.5305938720703,314.07330322265625,227.50814819335938,0.19620171189308167,3
256.5278015136719,199.55093383789062,262.6907043457031,205.95408630371094,0.07208658009767532,8
