xmin,ymin,xmax,ymax,score,label
303.2391662597656,215.4775848388672,317.6617431640625,228.5063934326172,0.904038667678833,3
256.6659240722656,199.98895263671875,264.1993408203125,206.94081115722656,0.32283949851989746,3
303.1232604980469,215.0896453857422,317.319580078125,228.13026428222656,0.12369263917207718,8
303.8871765136719,220.96897888183594,316.76141357421875,227.62698364257812,0.07606599479913712,3
284.9045715332031,190.92153930664062,295.5397033691406,197.80612182617188,0.070034459233284,3
