xmin,ymin,xmax,ymax,score,label
305.46954345703125,215.66258239746094,320.58953857421875,230.21023559570312,0.8678379058837891,3
304.724853515625,215.667724609375,320.6341247558594,229.83946228027344,0.18309640884399414,8
257.821044921875,201.17388916015625,265.82708740234375,207.30429077148438,0.16368885338306427,3
