xmin,ymin,xmax,ymax,score,label
309.1713562011719,217.44715881347656,323.4145202636719,231.23779296875,0.7542428970336914,3
308.10076904296875,216.67156982421875,323.63037109375,230.98272705078125,0.4181489646434784,8
258.4399719238281,201.48997497558594,266.6539306640625,207.96319580078125,0.4066692292690277,3
301.76690673828125,221.08863830566406,308.7497863769531,228.6677703857422,0.12325647473335266,3
234.94955444335938,198.4146728515625,247.71856689453125,212.63841247558594,0.06808579713106155,3
