xmin,ymin,xmax,ymax,score,label
310.5575256347656,218.0456085205078,327.1031188964844,232.4893035888672,0.8687182068824768,3
258.6133117675781,201.22862243652344,267.0798645019531,208.1654510498047,0.5041090846061707,3
309.7937316894531,217.923095703125,327.16510009765625,232.40420532226562,0.1741177886724472,8
258.4349060058594,201.1513671875,267.16033935546875,208.19276428222656,0.10248866677284241,8
234.95169067382812,198.4315185546875,247.6770782470703,212.96510314941406,0.08778349310159683,3
305.57000732421875,222.7217254638672,311.36822509765625,229.71389770507812,0.05440356954932213,3
