xmin,ymin,xmax,ymax,score,label
313.35174560546875,219.03866577148438,331.0877380371094,234.4033660888672,0.8467302918434143,3
259.6288757324219,201.76646423339844,267.786376953125,208.04336547851562,0.39781564474105835,3
312.3020935058594,218.59877014160156,330.8699645996094,234.17068481445312,0.22266700863838196,8
235.73220825195312,198.72027587890625,248.81814575195312,213.2483673095703,0.07625798135995865,3
259.4393615722656,201.48443603515625,267.873779296875,207.94021606445312,0.05439763888716698,8
