xmin,ymin,xmax,ymax,score,label
316.8110046386719,221.1107635498047,334.39105224609375,236.0902862548828,0.8856825232505798,3
260.4077453613281,202.01821899414062,268.8800048828125,208.29481506347656,0.6104406118392944,3
316.76495361328125,220.59005737304688,334.57305908203125,236.0687713623047,0.17105720937252045,8
261.0863952636719,204.53488159179688,268.4565124511719,209.15953063964844,0.061408136039972305,3
