xmin,ymin,xmax,ymax,score,label
319.1787414550781,221.77520751953125,338.21331787109375,238.01699829101562,0.8483889698982239,3
261.5985412597656,201.9858856201172,269.6421203613281,208.37506103515625,0.7632019519805908,3
319.21551513671875,221.36009216308594,337.8970642089844,237.55665588378906,0.25369372963905334,8
260.8499450683594,200.29209899902344,272.49365234375,209.51292419433594,0.09418788552284241,3
261.08868408203125,201.84005737304688,270.079833984375,208.33836364746094,0.06457586586475372,8
