xmin,ymin,xmax,ymax,score,label
322.6695861816406,223.33505249023438,342.5337219238281,240.33665466308594,0.9208545088768005,3
262.3354797363281,201.9505615234375,270.94287109375,209.1128387451172,0.690639853477478,3
321.1253662109375,222.2139892578125,343.0326843261719,239.47976684570312,0.22597135603427887,8
262.0982360839844,201.90797424316406,270.9449462890625,208.96946716308594,0.11476897448301315,8
