xmin,ymin,xmax,ymax,score,label
325.5079650878906,224.91700744628906,347.89862060546875,242.17532348632812,0.9399144053459167,3
263.06597900390625,202.74769592285156,271.8849792480469,209.50564575195312,0.6296467185020447,3
324.1667785644531,223.55284118652344,347.92816162109375,241.74256896972656,0.16334497928619385,8
