xmin,ymin,xmax,ymax,score,label
331.43841552734375,225.9794158935547,351.57275390625,244.35289001464844,0.9433695673942566,3
263.9792785644531,202.99020385742188,272.1726379394531,209.21080017089844,0.5319159626960754,3
327.6087951660156,224.44175720214844,352.0054016113281,242.96266174316406,0.11179976910352707,8
