xmin,ymin,xmax,ymax,score,label
332.60455322265625,227.7360382080078,357.6737976074219,245.81712341308594,0.9732158780097961,3
265.5879821777344,202.8083038330078,272.7671813964844,209.5292205810547,0.5188760757446289,3
265.1824035644531,202.56837463378906,272.8527526855469,209.2201690673828,0.06385961920022964,8
