xmin,ymin,xmax,ymax,score,label
338.939697265625,228.89471435546875,363.8134460449219,249.67616271972656,0.961458683013916,3
265.3492126464844,203.2174835205078,273.78253173828125,210.2494354248047,0.7832419276237488,3
265.2244567871094,203.00933837890625,273.7618713378906,210.15963745117188,0.0908171534538269,8
337.2840881347656,228.5526885986328,364.10223388671875,248.7909393310547,0.05063742399215698,8
