xmin,ymin,xmax,ymax,score,label
342.0885925292969,231.10874938964844,370.1811218261719,252.8663330078125,0.9857731461524963,3
267.58148193359375,204.9128875732422,275.4125671386719,211.24496459960938,0.7662072777748108,3
267.18206787109375,204.2966766357422,275.47137451171875,211.1953582763672,0.15605272352695465,8
238.83335876464844,199.656982421875,247.1802520751953,211.3577880859375,0.09421653300523758,3
233.3044891357422,198.9268341064453,247.364013671875,212.95018005371094,0.05608290806412697,3
