xmin,ymin,xmax,ymax,score,label
346.7448425292969,232.6425018310547,376.6078796386719,256.22882080078125,0.9872466325759888,3
267.7159118652344,204.99928283691406,276.31365966796875,211.64247131347656,0.8422707915306091,3
267.37646484375,204.60595703125,276.7177734375,211.4642791748047,0.1335608959197998,8
236.42364501953125,199.12039184570312,248.25143432617188,212.8883514404297,0.08137121796607971,3
