xmin,ymin,xmax,ymax,score,label
353.3946228027344,234.65333557128906,384.4660339355469,259.92279052734375,0.9858042001724243,3
269.0332336425781,204.98434448242188,278.1604309082031,212.28684997558594,0.9111682772636414,3
268.3365173339844,204.43336486816406,278.56787109375,212.4208221435547,0.10955323278903961,8
236.4855499267578,199.09384155273438,248.0800323486328,212.7226104736328,0.07796335220336914,3
