xmin,ymin,xmax,ymax,score,label
358.00103759765625,237.6566925048828,394.33544921875,265.155517578125,0.9609906077384949,3
270.447998046875,204.8318634033203,279.5887145996094,212.77581787109375,0.8824014663696289,3
269.8092346191406,204.19825744628906,280.018798828125,212.9091033935547,0.10648719221353531,8
356.6802978515625,237.8753662109375,395.26593017578125,264.13671875,0.09842240810394287,8
