xmin,ymin,xmax,ymax,score,label
364.51318359375,241.62930297851562,404.78302001953125,268.79132080078125,0.9934644103050232,3
271.35345458984375,204.91290283203125,280.43035888671875,212.8888702392578,0.8837136030197144,3
270.61700439453125,204.37539672851562,280.80255126953125,213.126220703125,0.14034423232078552,8
