xmin,ymin,xmax,ymax,score,label
372.07073974609375,243.4624481201172,414.8935241699219,275.5761413574219,0.9885352253913879,3
272.3855285644531,205.5292205810547,281.68731689453125,213.28343200683594,0.8768025636672974,3
271.7008972167969,204.86170959472656,281.968017578125,213.2759552001953,0.1731029599905014,8
