xmin,ymin,xmax,ymax,score,label
383.7450256347656,247.78048706054688,427.9639892578125,281.8247375488281,0.9895870685577393,3
274.18572998046875,206.21913146972656,283.0780334472656,214.01821899414062,0.8350081443786621,3
273.409423828125,205.6199188232422,283.4710388183594,214.30264282226562,0.20342588424682617,8
238.1742706298828,199.6664276123047,247.08026123046875,211.435791015625,0.18321925401687622,3
