xmin,ymin,xmax,ymax,score,label
394.1031799316406,252.99217224121094,444.2303161621094,289.4062194824219,0.9840828776359558,3
275.2275085449219,206.8689727783203,284.8992919921875,214.68597412109375,0.9013654589653015,3
238.13584899902344,199.64431762695312,247.13319396972656,211.42333984375,0.1697060763835907,3
273.9814147949219,205.68069458007812,285.0072326660156,214.74082946777344,0.14790789783000946,8
