xmin,ymin,xmax,ymax,score,label
407.0423889160156,258.35748291015625,461.4308166503906,299.105224609375,0.9900321960449219,3
276.8634338378906,206.68959045410156,286.095458984375,215.2953643798828,0.8531537055969238,3
275.81097412109375,204.81773376464844,286.5272521972656,214.98291015625,0.20015780627727509,8
276.0671081542969,210.72154235839844,285.30731201171875,216.196533203125,0.07748562097549438,3
