xmin,ymin,xmax,ymax,score,label
424.9492492675781,263.8705139160156,481.2589111328125,309.8927917480469,0.9954829216003418,3
278.0038146972656,207.26719665527344,287.6943054199219,215.14991760253906,0.9139711260795593,3
277.06011962890625,206.9676971435547,288.135986328125,215.10643005371094,0.09515327960252762,8
276.3690185546875,208.18138122558594,284.685546875,214.21530151367188,0.08622796833515167,3
