xmin,ymin,xmax,ymax,score,label
280.3282775878906,208.67088317871094,289.10992431640625,216.59378051757812,0.9422181844711304,3
432.93353271484375,270.52862548828125,506.6299743652344,324.6880187988281,0.6877644658088684,8
433.7434387207031,271.45458984375,506.4398498535156,324.5855407714844,0.6512588858604431,3
461.796630859375,279.97125244140625,468.5147705078125,290.35858154296875,0.17085014283657074,1
279.2279968261719,207.68350219726562,289.6268615722656,216.346923828125,0.1300850212574005,8
234.3410186767578,198.7834014892578,247.79566955566406,213.09774780273438,0.05517960712313652,3
459.70379638671875,278.1390686035156,471.2040100097656,290.4714050292969,0.05261931195855141,1
