xmin,ymin,xmax,ymax,score,label
281.617431640625,208.75070190429688,291.6747741699219,217.2025146484375,0.8625245094299316,3
442.6060485839844,279.9664611816406,537.3197631835938,348.6801452636719,0.5783104300498962,8
281.16278076171875,208.180908203125,291.4273681640625,217.51658630371094,0.21641407907009125,8
449.78924560546875,278.67755126953125,538.3290405273438,344.62298583984375,0.20708025991916656,3
281.77813720703125,212.04486083984375,290.61846923828125,218.22462463378906,0.1609177440404892,3
494.8494567871094,308.13812255859375,519.1770629882812,358.11773681640625,0.08885489404201508,1
