xmin,ymin,xmax,ymax,score,label
282.30517578125,209.5601043701172,292.1475524902344,217.76370239257812,0.7949419021606445,3
473.4584655761719,287.1213684082031,575.9087524414062,363.54766845703125,0.6181125044822693,3
471.6822204589844,290.3808288574219,575.5536499023438,362.2229919433594,0.5645583868026733,8
281.2281188964844,208.2104034423828,292.70458984375,217.96099853515625,0.33213043212890625,8
281.95965576171875,213.0335693359375,291.4605407714844,218.95143127441406,0.1335681974887848,3
