xmin,ymin,xmax,ymax,score,label
495.7316589355469,303.99725341796875,618.3895263671875,380.4066467285156,0.8635757565498352,8
284.86651611328125,210.2498779296875,293.9263000488281,218.17518615722656,0.6650955677032471,3
503.3105773925781,301.4895324707031,621.7239990234375,386.58099365234375,0.4923623502254486,3
283.822265625,208.93035888671875,294.5899658203125,218.77696228027344,0.43659159541130066,8
285.4186096191406,208.8616943359375,293.79376220703125,214.8299102783203,0.10639198124408722,3
283.0400085449219,213.92401123046875,292.1949768066406,219.13626098632812,0.09803102910518646,3
285.31793212890625,212.81761169433594,293.85308837890625,219.02899169921875,0.06664015352725983,8
