xmin,ymin,xmax,ymax,score,label
537.480224609375,323.2850341796875,640.0,411.96417236328125,0.9233239889144897,8
286.3476257324219,211.1444549560547,296.18084716796875,219.0271453857422,0.8295423984527588,3
285.1097412109375,210.13735961914062,296.6018981933594,219.9501190185547,0.26610174775123596,8
541.6908569335938,325.7772216796875,639.2592163085938,411.4931640625,0.22245003283023834,3
580.8972778320312,323.49322509765625,639.4618530273438,370.8795166015625,0.06046786531805992,3
283.9518737792969,211.56826782226562,289.757080078125,217.68568420410156,0.05690988525748253,3
284.54339599609375,213.56906127929688,294.32501220703125,219.4967041015625,0.05672239512205124,3
