xmin,ymin,xmax,ymax,score,label
589.0931396484375,352.9169921875,638.4512329101562,426.7333068847656,0.9067493081092834,8
287.80059814453125,211.36314392089844,297.9088134765625,220.53456115722656,0.8045704364776611,3
286.0206298828125,210.1324920654297,298.12908935546875,220.8048553466797,0.33906054496765137,8
286.6640625,215.17173767089844,297.00677490234375,221.52944946289062,0.15401335060596466,3
590.9708251953125,357.6536865234375,638.37841796875,422.4549560546875,0.1128387600183487,3
285.10699462890625,214.04234313964844,294.6949768066406,220.09934997558594,0.08105690777301788,3
289.3613586425781,210.56390380859375,297.2227478027344,217.19744873046875,0.05683572217822075,3
285.314208984375,191.74819946289062,294.53448486328125,197.3507537841797,0.0511760376393795,3
