xmin,ymin,xmax,ymax,score,label
289.5831604003906,211.58233642578125,300.3485107421875,221.9443817138672,0.7869811654090881,3
288.18975830078125,211.02146911621094,300.87628173828125,221.7278289794922,0.34460583329200745,8
289.7173767089844,211.3330535888672,299.9386291503906,216.969482421875,0.10374859720468521,3
290.1858215332031,215.6422576904297,298.7042541503906,222.15367126464844,0.09645535051822662,3
286.9917297363281,212.6899871826172,298.0674133300781,220.44107055664062,0.09466838836669922,3
285.33233642578125,191.6728515625,294.54595947265625,197.3278045654297,0.057920582592487335,3
