xmin,ymin,xmax,ymax,score,label
292.25848388671875,212.2200927734375,303.0687561035156,222.84902954101562,0.78253573179245,3
290.87548828125,211.8093719482422,303.4606628417969,222.75314331054688,0.3359277844429016,8
293.20721435546875,211.47879028320312,302.7276611328125,217.57847595214844,0.12288960814476013,3
287.4269104003906,215.12020874023438,293.110595703125,220.7511444091797,0.07541053742170334,3
284.9310302734375,191.35186767578125,294.93267822265625,197.1569061279297,0.07344812154769897,3
291.8979797363281,217.17515563964844,302.2153015136719,223.5778045654297,0.05244695022702217,3
