xmin,ymin,xmax,ymax,score,label
292.8569030761719,212.36245727539062,305.304931640625,223.8217010498047,0.8149514198303223,3
290.7174377441406,211.19534301757812,304.7154846191406,223.79786682128906,0.3940430283546448,8
283.9455871582031,191.14041137695312,295.3933410644531,197.5395965576172,0.06681075692176819,3
