xmin,ymin,xmax,ymax,score,label
295.23822021484375,213.26539611816406,307.9988098144531,225.11788940429688,0.8900409936904907,3
294.3946838378906,212.67184448242188,307.6844177246094,224.7071533203125,0.1976945549249649,8
284.4964294433594,190.6627655029297,295.0133972167969,197.2862091064453,0.06110987812280655,3
