xmin,ymin,xmax,ymax,score,label
297.56842041015625,213.41990661621094,310.5393371582031,225.90296936035156,0.9204490184783936,3
296.02630615234375,213.10789489746094,309.897705078125,225.81497192382812,0.13081230223178864,8
283.2233581542969,190.61521911621094,294.9654235839844,197.0878143310547,0.05049028620123863,3
