xmin,ymin,xmax,ymax,score,label
299.6266784667969,214.53695678710938,313.044189453125,227.49342346191406,0.7883025407791138,3
299.14166259765625,214.34365844726562,313.1551513671875,227.23541259765625,0.2860706150531769,8
300.891845703125,222.03013610839844,311.608154296875,227.07801818847656,0.05258283391594887,3
