xmin,ymin,xmax,ymax,score,label
301.211181640625,215.13671875,316.10235595703125,228.10897827148438,0.874555230140686,3
299.9582214355469,214.68600463867188,316.0304260253906,228.2783966064453,0.18934491276741028,8
302.3507080078125,220.93325805664062,315.2698974609375,227.79110717773438,0.05794559791684151,3
