xmin,ymin,xmax,ymax,score,label
304.129150390625,215.49916076660156,319.2107849121094,229.26254272460938,0.9076575040817261,3
302.932861328125,215.71165466308594,319.2851257324219,228.91436767578125,0.1901267021894455,8
