xmin,ymin,xmax,ymax,score,label
307.0806884765625,217.7726287841797,321.7865905761719,231.28823852539062,0.7615867257118225,3
305.7097473144531,215.87086486816406,322.184326171875,231.04808044433594,0.32980144023895264,8
305.9297180175781,222.78639221191406,320.0018310546875,230.20399475097656,0.05455527827143669,3
