xmin,ymin,xmax,ymax,score,label
309.8419494628906,218.093505859375,325.40899658203125,232.63819885253906,0.8554178476333618,3
308.2369079589844,217.45928955078125,325.84735107421875,232.37142944335938,0.19583475589752197,8
