xmin,ymin,xmax,ymax,score,label
313.3041076660156,219.46815490722656,328.223876953125,234.1405487060547,0.7100892663002014,3
311.63909912109375,218.58612060546875,328.3623046875,234.1553955078125,0.49515119194984436,8
