xmin,ymin,xmax,ymax,score,label
316.05145263671875,220.24803161621094,332.4449462890625,236.38922119140625,0.7899479269981384,3
314.4205627441406,219.8574676513672,332.81378173828125,235.9557342529297,0.3383983373641968,8
