xmin,ymin,xmax,ymax,score,label
318.05621337890625,221.6117401123047,336.53240966796875,237.71131896972656,0.7486743927001953,3
316.8521423339844,221.16433715820312,336.4414978027344,237.5842742919922,0.3332239091396332,8
