xmin,ymin,xmax,ymax,score,label
321.1616516113281,222.9095458984375,340.6369934082031,239.02268981933594,0.7180013656616211,3
319.5298156738281,222.6994171142578,340.6370544433594,239.35594177246094,0.38207051157951355,8
