xmin,ymin,xmax,ymax,score,label
322.91009521484375,223.92930603027344,345.4362487792969,242.62660217285156,0.6504713296890259,3
319.2784423828125,222.89788818359375,345.67303466796875,242.1277618408203,0.5414535403251648,8
