xmin,ymin,xmax,ymax,score,label
327.4794921875,225.05625915527344,350.33447265625,245.03541564941406,0.9469336867332458,3
326.6439514160156,224.2391815185547,350.427734375,244.86509704589844,0.08775375783443451,8
