xmin,ymin,xmax,ymax,score,label
329.5283508300781,226.85545349121094,355.7037353515625,247.4015655517578,0.9842601418495178,3
