xmin,ymin,xmax,ymax,score,label
334.77325439453125,228.2921600341797,361.58514404296875,249.444091796875,0.9791752696037292,3
