xmin,ymin,xmax,ymax,score,label
338.947509765625,230.40048217773438,368.1788024902344,253.24746704101562,0.9738633036613464,3
348.48565673828125,229.68746948242188,367.5293273925781,244.14947509765625,0.06777387112379074,3
334.1909484863281,240.36402893066406,365.2711181640625,253.13394165039062,0.05872558802366257,3
