xmin,ymin,xmax,ymax,score,label
345.2349548339844,232.5201873779297,375.6957092285156,256.97930908203125,0.9831482172012329,3
233.4813232421875,198.40855407714844,246.98291015625,212.18650817871094,0.08163414895534515,3
