xmin,ymin,xmax,ymax,score,label
349.07672119140625,234.30252075195312,383.1151123046875,260.9629821777344,0.9864264726638794,3
