xmin,ymin,xmax,ymax,score,label
356.3260803222656,237.43214416503906,392.0686950683594,264.7112731933594,0.8964299559593201,3
352.5145568847656,237.22215270996094,392.9827880859375,264.8551940917969,0.2624496519565582,8
349.9556579589844,248.71835327148438,388.7464904785156,266.1737976074219,0.10430753976106644,3
