xmin,ymin,xmax,ymax,score,label
365.37677001953125,239.727783203125,402.7959289550781,270.3717956542969,0.9784915447235107,3
365.4577941894531,239.87156677246094,376.3824768066406,261.0987243652344,0.3628414571285248,1
365.2763366699219,240.0575714111328,383.65338134765625,261.1855773925781,0.13105186820030212,3
361.17919921875,239.95652770996094,403.21807861328125,269.07550048828125,0.11324247717857361,8
