xmin,ymin,xmax,ymax,score,label
369.977783203125,243.92160034179688,413.825927734375,277.765380859375,0.9815541505813599,3
360.0146484375,257.3114929199219,410.4094543457031,277.560302734375,0.20849622786045074,3
371.2830810546875,244.02536010742188,402.5883483886719,267.1874694824219,0.06870467215776443,3
373.4440612792969,243.89846801757812,384.1849365234375,264.7429504394531,0.050532691180706024,1
