xmin,ymin,xmax,ymax,score,label
382.09161376953125,247.0325469970703,427.1075134277344,284.4842529296875,0.9776244163513184,3
382.32928466796875,248.28709411621094,393.2406005859375,271.6243896484375,0.3049153983592987,1
381.3283386230469,247.35426330566406,410.0812072753906,271.5047607421875,0.1840817630290985,3
378.9888610839844,246.62937927246094,426.9836730957031,281.5286560058594,0.09353794902563095,8
