xmin,ymin,xmax,ymax,score,label
393.28411865234375,251.50047302246094,444.8162536621094,291.9745178222656,0.9603677988052368,3
393.1897277832031,252.83859252929688,405.2320251464844,277.21453857421875,0.21371178328990936,1
386.8071594238281,252.8311309814453,445.7973327636719,291.47930908203125,0.17359022796154022,8
