xmin,ymin,xmax,ymax,score,label
407.3135986328125,260.405517578125,463.08172607421875,304.2070007324219,0.9491249918937683,3
405.4241638183594,258.16180419921875,419.31280517578125,284.61566162109375,0.7282256484031677,1
399.8164978027344,257.8672180175781,463.43927001953125,303.6390380859375,0.249040886759758,8
402.9801330566406,258.33782958984375,441.5975646972656,288.24334716796875,0.2132558524608612,3
403.52197265625,259.05731201171875,426.0177001953125,283.2237548828125,0.15321330726146698,3
404.6703186035156,260.8929748535156,413.18939208984375,280.7716979980469,0.0819910392165184,1
403.4218444824219,257.8547668457031,431.0265197753906,284.65081787109375,0.06023953855037689,8
