xmin,ymin,xmax,ymax,score,label
420.656982421875,265.009765625,484.5284423828125,314.38983154296875,0.8850497007369995,3
417.4042053222656,263.6894226074219,485.1158752441406,313.02093505859375,0.5121974349021912,8
420.0295715332031,266.63360595703125,434.3363342285156,294.1860046386719,0.08603724837303162,1
