xmin,ymin,xmax,ymax,score,label
435.2930908203125,271.69818115234375,511.98895263671875,328.31597900390625,0.9091498851776123,3
436.0169677734375,271.650146484375,510.18267822265625,328.4689636230469,0.4757099151611328,8
