xmin,ymin,xmax,ymax,score,label
443.2751770019531,283.2723693847656,546.3975830078125,352.8719482421875,0.3710840940475464,3
442.8088684082031,284.18212890625,546.9502563476562,352.02496337890625,0.24934180080890656,8
