xmin,ymin,xmax,ymax,score,label
480.4173889160156,295.727294921875,588.2734985351562,371.701171875,0.8277721405029297,3
485.79608154296875,294.9892272949219,545.4208374023438,327.933349609375,0.26341885328292847,3
468.5235900878906,296.5469970703125,586.9563598632812,370.68780517578125,0.24027904868125916,8
484.4643859863281,294.1902770996094,548.6504516601562,327.6124267578125,0.18000993132591248,8
545.5427856445312,322.60791015625,588.717041015625,366.4998779296875,0.09114775061607361,3
523.3917236328125,310.0689392089844,587.932861328125,370.91534423828125,0.05112077295780182,3
