xmin,ymin,xmax,ymax,score,label
503.744140625,305.92681884765625,640.0,394.8573913574219,0.9710134863853455,8
508.41790771484375,304.4271240234375,639.7409057617188,398.5917053222656,0.17420843243598938,3
514.301513671875,306.0220947265625,560.657470703125,347.2828674316406,0.05475982651114464,8
