xmin,ymin,xmax,ymax,score,label
555.1026611328125,329.68536376953125,640.0,415.8822021484375,0.9405434131622314,8
560.693115234375,331.8282470703125,638.5830688476562,417.3108825683594,0.14691391587257385,3
