xmin,ymin,xmax,ymax,score,label
235.50314331054688,198.95533752441406,247.2797088623047,212.00787353515625,0.05680498480796814,3
