xmin,ymin,xmax,ymax,score,label
237.96160888671875,199.58644104003906,247.10874938964844,211.72303771972656,0.06879686564207077,3
