xmin,ymin,xmax,ymax,score,label
237.9848175048828,199.59002685546875,247.10671997070312,211.69667053222656,0.06819663196802139,3
