xmin,ymin,xmax,ymax,score,label
238.20834350585938,199.81898498535156,246.9292449951172,211.52432250976562,0.05830129235982895,3
