xmin,ymin,xmax,ymax,score,label
235.270263671875,198.84104919433594,247.52610778808594,212.28585815429688,0.06593769043684006,3
