xmin,ymin,xmax,ymax,score,label
234.570068359375,198.99917602539062,247.76715087890625,212.83700561523438,0.08558512479066849,3
