xmin,ymin,xmax,ymax,score,label
234.60598754882812,198.90203857421875,247.70559692382812,212.9017333984375,0.09591315686702728,3
