xmin,ymin,xmax,ymax,score,label
238.3951873779297,198.33741760253906,247.8336181640625,210.44354248046875,0.057070761919021606,3
