xmin,ymin,xmax,ymax,score,label
238.62823486328125,199.44407653808594,247.26654052734375,210.13475036621094,0.08433382213115692,3
