xmin,ymin,xmax,ymax,score,label
237.83592224121094,199.4262237548828,247.53880310058594,211.0888214111328,0.14450231194496155,3
238.3441162109375,197.8932342529297,246.13645935058594,207.3280487060547,0.06707145273685455,3
