xmin,ymin,xmax,ymax,score,label
235.73175048828125,198.30992126464844,247.56390380859375,211.8375244140625,0.05939985066652298,3
