xmin,ymin,xmax,ymax,score,label
235.8979949951172,198.4696044921875,247.3713836669922,211.88038635253906,0.07736418396234512,3
