xmin,ymin,xmax,ymax,score,label
238.1529998779297,200.16847229003906,247.1734619140625,211.7213592529297,0.14563429355621338,3
