xmin,ymin,xmax,ymax,score,label
237.59458923339844,199.3329620361328,246.83888244628906,211.4940185546875,0.08396057039499283,3
