xmin,ymin,xmax,ymax,score,label
237.56631469726562,199.34634399414062,247.32867431640625,211.5659637451172,0.20385703444480896,3
