xmin,ymin,xmax,ymax,score,label
232.75555419921875,198.7729034423828,247.301025390625,212.81507873535156,0.09575039148330688,3
