xmin,ymin,xmax,ymax,score,label
232.6538848876953,198.63128662109375,247.30474853515625,212.8345947265625,0.08975367993116379,3
