xmin,ymin,xmax,ymax,score,label
234.53302001953125,198.74928283691406,247.4102783203125,212.70660400390625,0.09773210436105728,3
