xmin,ymin,xmax,ymax,score,label
234.4228515625,198.9102783203125,247.76739501953125,212.73031616210938,0.051553867757320404,3
