xmin,ymin,xmax,ymax,score,label
234.5416259765625,199.3958740234375,247.56321716308594,213.26890563964844,0.05635574087500572,3
