xmin,ymin,xmax,ymax,score,label
236.24208068847656,199.37022399902344,248.2429962158203,212.5753936767578,0.07201017439365387,3
