xmin,ymin,xmax,ymax,score,label
235.33030700683594,197.99461364746094,247.7795867919922,211.90000915527344,0.07712215185165405,3
