xmin,ymin,xmax,ymax,score,label
235.35897827148438,198.0158233642578,247.74490356445312,211.92822265625,0.11504688113927841,3
