xmin,ymin,xmax,ymax,score,label
235.1574249267578,198.19406127929688,247.77618408203125,212.06045532226562,0.13481321930885315,3
