xmin,ymin,xmax,ymax,score,label
237.2493438720703,199.1742706298828,247.95213317871094,212.22056579589844,0.0734744444489479,3
