xmin,ymin,xmax,ymax,score,label
235.51736450195312,199.0713653564453,247.18557739257812,212.7012481689453,0.1037382036447525,3
