xmin,ymin,xmax,ymax,score,label
233.63351440429688,197.98878479003906,246.87319946289062,212.34410095214844,0.0655616745352745,3
