xmin,ymin,xmax,ymax,score,label
234.08961486816406,198.45152282714844,246.96298217773438,212.4764862060547,0.088770791888237,3
