xmin,ymin,xmax,ymax,score,label
236.36123657226562,198.98800659179688,247.99375915527344,212.42977905273438,0.08561960607767105,3
