xmin,ymin,xmax,ymax,score,label
236.68124389648438,199.02610778808594,247.90415954589844,212.1686248779297,0.0815713107585907,3
