xmin,ymin,xmax,ymax,score,label
237.15792846679688,199.33445739746094,247.3687744140625,211.6427764892578,0.08634818345308304,3
