xmin,ymin,xmax,ymax,score,label
237.19882202148438,199.39894104003906,247.30520629882812,211.6407470703125,0.07384760677814484,3
