xmin,ymin,xmax,ymax,score,label
236.81947326660156,199.4540557861328,247.53684997558594,212.16236877441406,0.09172582626342773,3
