xmin,ymin,xmax,ymax,score,label
237.84353637695312,199.81033325195312,247.2203369140625,212.06617736816406,0.26907840371131897,3
