xmin,ymin,xmax,ymax,score,label
235.47023010253906,198.23667907714844,247.90750122070312,212.2558135986328,0.07534317672252655,3
