xmin,ymin,xmax,ymax,score,label
237.8431396484375,200.0062255859375,247.03367614746094,211.31785583496094,0.07983346283435822,3
