xmin,ymin,xmax,ymax,score,label
237.874755859375,200.14447021484375,247.04330444335938,211.3416290283203,0.06947693973779678,3
