xmin,ymin,xmax,ymax,score,label
237.3043212890625,199.62855529785156,247.23858642578125,211.85853576660156,0.11454848200082779,3
