xmin,ymin,xmax,ymax,score,label
237.4322052001953,199.4478302001953,247.18826293945312,211.8937530517578,0.08241619914770126,3
