xmin,ymin,xmax,ymax,score,label
238.04725646972656,199.26998901367188,247.6442108154297,211.2464141845703,0.09370683133602142,3
