xmin,ymin,xmax,ymax,score,label
237.97164916992188,199.3120574951172,247.60369873046875,211.6444549560547,0.12129369378089905,3
