xmin,ymin,xmax,ymax,score,label
234.29766845703125,199.22242736816406,247.7349395751953,213.1518096923828,0.06177925691008568,3
