xmin,ymin,xmax,ymax,score,label
233.10525512695312,198.60630798339844,247.8051300048828,212.81068420410156,0.07051403075456619,3
