xmin,ymin,xmax,ymax,score,label
233.12612915039062,198.65928649902344,247.79710388183594,212.78077697753906,0.055900607258081436,3
