xmin,ymin,xmax,ymax,score,label
233.64761352539062,198.67857360839844,247.74595642089844,212.92095947265625,0.05146491527557373,3
