xmin,ymin,xmax,ymax,score,label
235.531982421875,198.05258178710938,247.6586151123047,212.1534881591797,0.09314365684986115,3
