xmin,ymin,xmax,ymax,score,label
237.6681671142578,199.21932983398438,247.22784423828125,211.70835876464844,0.09947985410690308,3
