xmin,ymin,xmax,ymax,score,label
237.42926025390625,199.47584533691406,247.2561492919922,212.0747833251953,0.16024310886859894,3
