xmin,ymin,xmax,ymax,score,label
234.85536193847656,199.2658233642578,247.02542114257812,211.5674285888672,0.053294725716114044,3
