xmin,ymin,xmax,ymax,score,label
234.54888916015625,198.0316925048828,247.93223571777344,212.74644470214844,0.06201358512043953,3
