xmin,ymin,xmax,ymax,score,label
234.52589416503906,198.0427703857422,247.92543029785156,212.74481201171875,0.05713285133242607,3
