xmin,ymin,xmax,ymax,score,label
237.6022186279297,199.15818786621094,247.2227020263672,211.10911560058594,0.05135016143321991,3
