xmin,ymin,xmax,ymax,score,label
237.403564453125,199.2794952392578,247.08546447753906,211.845947265625,0.15059590339660645,3
