xmin,ymin,xmax,ymax,score,label
235.9718780517578,197.98538208007812,247.80722045898438,212.36607360839844,0.07719623297452927,3
