xmin,ymin,xmax,ymax,score,label
236.91049194335938,199.813232421875,247.3453826904297,211.5831756591797,0.14603397250175476,3
