xmin,ymin,xmax,ymax,score,label
237.64283752441406,199.8822021484375,247.1138458251953,211.59890747070312,0.11461325734853745,3
