xmin,ymin,xmax,ymax,score,label
234.15670776367188,198.45079040527344,247.88882446289062,212.06967163085938,0.05029691010713577,3
