xmin,ymin,xmax,ymax,score,label
233.95143127441406,196.06443786621094,246.6763153076172,212.21005249023438,0.09434207528829575,3
236.1192169189453,196.04579162597656,247.2729949951172,213.42510986328125,0.08888115733861923,1
