xmin,ymin,xmax,ymax,score,label
234.21543884277344,196.2642822265625,246.5947723388672,212.15380859375,0.12768195569515228,3
235.94020080566406,197.09751892089844,247.3575897216797,214.8607635498047,0.06660403311252594,1
236.1068115234375,195.64479064941406,244.84120178222656,207.3345489501953,0.06396171450614929,3
