xmin,ymin,xmax,ymax,score,label
234.30917358398438,196.6126708984375,246.68252563476562,212.14247131347656,0.06835543364286423,3
