xmin,ymin,xmax,ymax,score,label
234.200439453125,196.40106201171875,246.64393615722656,212.21119689941406,0.1386113315820694,3
236.65829467773438,195.88758850097656,245.29025268554688,206.2662353515625,0.07174582779407501,3
