xmin,ymin,xmax,ymax,score,label
234.8263397216797,196.39431762695312,246.85426330566406,212.31716918945312,0.06370419263839722,3
