xmin,ymin,xmax,ymax,score,label
234.97076416015625,197.64511108398438,247.32278442382812,212.1760711669922,0.06515134125947952,3
