xmin,ymin,xmax,ymax,score,label
235.0673370361328,197.3242950439453,247.99269104003906,212.38929748535156,0.10145202279090881,3
