xmin,ymin,xmax,ymax,score,label
234.99880981445312,197.3512725830078,247.9799041748047,212.451904296875,0.1410641074180603,3
