xmin,ymin,xmax,ymax,score,label
235.41830444335938,197.24928283691406,248.23095703125,212.3585968017578,0.08457927405834198,3
