xmin,ymin,xmax,ymax,score,label
239.32579040527344,196.7097625732422,247.23118591308594,203.6516876220703,0.07206828147172928,3
235.22781372070312,197.64410400390625,248.16586303710938,212.21835327148438,0.06535856425762177,3
