xmin,ymin,xmax,ymax,score,label
250.06838989257812,198.80224609375,257.78900146484375,204.7938995361328,0.06164190545678139,3
