xmin,ymin,xmax,ymax,score,label
251.90682983398438,198.7280731201172,258.7939453125,205.23773193359375,0.1483890414237976,3
