xmin,ymin,xmax,ymax,score,label
252.2654266357422,198.7354278564453,258.9326171875,205.2408447265625,0.19369614124298096,3
252.16168212890625,198.65147399902344,258.9118347167969,205.3321990966797,0.05132113769650459,8
