xmin,ymin,xmax,ymax,score,label
252.6800079345703,198.60475158691406,259.3925476074219,205.36680603027344,0.09995249658823013,3
