xmin,ymin,xmax,ymax,score,label
253.31483459472656,199.2128143310547,260.1293640136719,205.8064422607422,0.49085959792137146,3
253.2044677734375,199.1516571044922,260.0856628417969,205.9012451171875,0.13262520730495453,8
236.89723205566406,198.43829345703125,250.00254821777344,211.3478546142578,0.10132976621389389,3
