xmin,ymin,xmax,ymax,score,label
253.86505126953125,199.62330627441406,261.074462890625,206.2007598876953,0.07874501496553421,3
