xmin,ymin,xmax,ymax,score,label
254.3361053466797,200.0371551513672,261.9342346191406,206.6365966796875,0.10215511918067932,3
