xmin,ymin,xmax,ymax,score,label
254.492919921875,199.80113220214844,261.9680480957031,206.23402404785156,0.23513148725032806,3
