xmin,ymin,xmax,ymax,score,label
254.89913940429688,199.9254608154297,261.93829345703125,206.32374572753906,0.1776038110256195,3
