xmin,ymin,xmax,ymax,score,label
255.51947021484375,200.43031311035156,263.4457092285156,207.31808471679688,0.2945950925350189,3
