xmin,ymin,xmax,ymax,score,label
255.8109130859375,200.5231475830078,264.6407470703125,207.59593200683594,0.05778183415532112,3
