xmin,ymin,xmax,ymax,score,label
257.5049133300781,200.8768768310547,265.31884765625,207.82115173339844,0.07496294379234314,3
