xmin,ymin,xmax,ymax,score,label
258.1170654296875,200.95849609375,266.11297607421875,207.8426055908203,0.21202455461025238,3
