xmin,ymin,xmax,ymax,score,label
258.7530822753906,201.4774169921875,266.69158935546875,207.90980529785156,0.526496410369873,3
258.5524597167969,201.32095336914062,266.7303771972656,207.93568420410156,0.10710346698760986,8
