xmin,ymin,xmax,ymax,score,label
259.1475830078125,201.54222106933594,267.13818359375,207.92787170410156,0.40448909997940063,3
258.5832824707031,201.21250915527344,267.3246765136719,208.2886505126953,0.057624701410532,8
