xmin,ymin,xmax,ymax,score,label
259.70263671875,201.5831298828125,268.6221923828125,208.58372497558594,0.21954379975795746,3
