xmin,ymin,xmax,ymax,score,label
260.62286376953125,201.7896728515625,269.4583435058594,208.8883819580078,0.38397106528282166,3
