xmin,ymin,xmax,ymax,score,label
261.9508361816406,202.09710693359375,269.9637145996094,209.1534423828125,0.4189077615737915,3
