xmin,ymin,xmax,ymax,score,label
262.2491149902344,202.21267700195312,271.2625732421875,209.605712890625,0.7078843116760254,3
