xmin,ymin,xmax,ymax,score,label
263.6556701660156,202.58782958984375,271.6673583984375,209.3236541748047,0.6563918590545654,3
263.19036865234375,202.33509826660156,271.72637939453125,209.27162170410156,0.06873263418674469,8
