xmin,ymin,xmax,ymax,score,label
264.391845703125,202.9499053955078,272.66632080078125,210.08456420898438,0.5142033100128174,3
