xmin,ymin,xmax,ymax,score,label
264.9012145996094,203.2702178955078,273.5268249511719,210.47915649414062,0.6461296081542969,3
264.7166442871094,203.0492401123047,273.5839538574219,210.43948364257812,0.08357716351747513,8
