xmin,ymin,xmax,ymax,score,label
265.6270446777344,203.64959716796875,274.9371032714844,210.9469451904297,0.7807773947715759,3
265.4809265136719,203.522705078125,274.96295166015625,210.91676330566406,0.12911774218082428,8
