xmin,ymin,xmax,ymax,score,label
267.4463806152344,204.6151580810547,275.8670349121094,211.09262084960938,0.7050326466560364,3
266.9840393066406,203.63156127929688,275.8843688964844,211.74639892578125,0.23472380638122559,8
