xmin,ymin,xmax,ymax,score,label
267.96881103515625,205.0933380126953,276.2800598144531,211.8924102783203,0.8299400806427002,3
266.9263000488281,203.89808654785156,277.04071044921875,212.22059631347656,0.14256587624549866,8
236.1287078857422,199.10325622558594,248.9769744873047,212.1753692626953,0.07844971120357513,3
