xmin,ymin,xmax,ymax,score,label
268.5718688964844,204.3647003173828,278.74359130859375,212.46133422851562,0.8629668354988098,3
267.98785400390625,203.8743438720703,278.9794616699219,212.59178161621094,0.1182718575000763,8
