xmin,ymin,xmax,ymax,score,label
269.4689636230469,204.8341522216797,279.1490478515625,212.6029052734375,0.8667545914649963,3
268.90509033203125,204.01779174804688,279.5559387207031,212.71109008789062,0.15630705654621124,8
