xmin,ymin,xmax,ymax,score,label
270.5942687988281,205.29457092285156,280.4309997558594,213.0987091064453,0.8515735268592834,3
269.8885192871094,204.72698974609375,280.89227294921875,213.19833374023438,0.16222479939460754,8
