xmin,ymin,xmax,ymax,score,label
271.789306640625,205.19480895996094,281.5938415527344,213.499267578125,0.8255295157432556,3
271.0494384765625,204.94085693359375,281.8973083496094,213.4507293701172,0.17129720747470856,8
