xmin,ymin,xmax,ymax,score,label
272.5035705566406,205.81753540039062,282.7220153808594,213.6957244873047,0.8171162605285645,3
271.4009094238281,205.13070678710938,283.2991027832031,213.98074340820312,0.18077592551708221,8
