xmin,ymin,xmax,ymax,score,label
274.03369140625,206.5563201904297,284.0453796386719,214.1346893310547,0.87131267786026,3
273.18328857421875,206.0498046875,284.5093994140625,214.6089630126953,0.18514785170555115,8
