xmin,ymin,xmax,ymax,score,label
275.4861755371094,206.2969970703125,285.5362243652344,215.27395629882812,0.8651267290115356,3
274.5851135253906,205.75498962402344,285.89013671875,215.01950073242188,0.24569351971149445,8
