xmin,ymin,xmax,ymax,score,label
276.95172119140625,207.23863220214844,287.2602844238281,214.9107208251953,0.9421274662017822,3
276.5814514160156,207.00730895996094,287.7807922363281,215.43936157226562,0.08862465620040894,8
