xmin,ymin,xmax,ymax,score,label
277.5200500488281,207.54847717285156,288.8418884277344,216.1425323486328,0.9251359105110168,3
277.60968017578125,207.1055145263672,289.3297424316406,216.64112854003906,0.1892762929201126,8
