xmin,ymin,xmax,ymax,score,label
279.5386962890625,208.37940979003906,290.4627685546875,216.8101806640625,0.8883436918258667,3
279.3398132324219,207.68089294433594,290.71649169921875,217.4812774658203,0.22043414413928986,8
