xmin,ymin,xmax,ymax,score,label
280.5294494628906,208.96131896972656,292.41424560546875,217.34945678710938,0.8833001852035522,3
280.6434631347656,208.43670654296875,292.38543701171875,217.6947784423828,0.17135801911354065,8
