xmin,ymin,xmax,ymax,score,label
281.4268493652344,209.21482849121094,293.93695068359375,218.60997009277344,0.8811960816383362,3
281.5239562988281,209.0605010986328,293.856201171875,218.6665802001953,0.19726882874965668,8
