xmin,ymin,xmax,ymax,score,label
283.8065185546875,210.3943634033203,295.1156921386719,218.74334716796875,0.7500048875808716,3
283.4660949707031,209.13047790527344,295.5655517578125,219.19677734375,0.3834741711616516,8
284.3689270019531,209.49615478515625,294.3381652832031,214.6219024658203,0.09805591404438019,3
283.4207763671875,213.5684051513672,293.21966552734375,219.40235900878906,0.05559640750288963,3
