xmin,ymin,xmax,ymax,score,label
286.02850341796875,210.68020629882812,297.4378967285156,219.88075256347656,0.8232138752937317,3
284.5445251464844,209.61659240722656,297.59161376953125,220.00233459472656,0.2654931843280792,8
285.7325744628906,214.62428283691406,296.8797607421875,220.92959594726562,0.07662521302700043,3
