xmin,ymin,xmax,ymax,score,label
287.1572265625,210.7151336669922,299.5898742675781,220.6006317138672,0.879462480545044,3
286.3887939453125,209.93386840820312,299.6786804199219,220.50308227539062,0.15248486399650574,8
