xmin,ymin,xmax,ymax,score,label
289.24957275390625,211.32736206054688,301.2882080078125,221.75843811035156,0.8121803402900696,3
287.1942138671875,210.13519287109375,301.6273498535156,221.75181579589844,0.3215881288051605,8
