xmin,ymin,xmax,ymax,score,label
290.1847229003906,211.44944763183594,303.9384460449219,222.12673950195312,0.8824750185012817,3
289.43603515625,210.83360290527344,303.5385437011719,222.59625244140625,0.242187961935997,8
