xmin,ymin,xmax,ymax,score,label
292.5466003417969,212.2301025390625,305.9845275878906,223.56210327148438,0.9137816429138184,3
291.4035339355469,211.35147094726562,305.71319580078125,223.61280822753906,0.16979335248470306,8
233.72232055664062,199.23634338378906,247.5289306640625,212.96917724609375,0.06539839506149292,3
