xmin,ymin,xmax,ymax,score,label
294.4205322265625,213.33502197265625,308.2734680175781,224.60113525390625,0.9264760613441467,3
296.54248046875,212.65440368652344,307.18280029296875,219.93162536621094,0.11279281973838806,3
293.6510314941406,212.6081085205078,307.8198547363281,224.9793701171875,0.10803966969251633,8
