xmin,ymin,xmax,ymax,score,label
296.10137939453125,213.70126342773438,310.7339172363281,225.45835876464844,0.9185115694999695,3
296.20489501953125,213.26547241210938,310.8074035644531,225.752685546875,0.12124726921319962,8
297.9435729980469,218.5347900390625,310.0025329589844,225.69857788085938,0.07748885452747345,3
298.2340087890625,213.03948974609375,309.73956298828125,221.02723693847656,0.07004228234291077,3
