xmin,ymin,xmax,ymax,score,label
298.26129150390625,214.3275909423828,313.0038146972656,227.11026000976562,0.9396628737449646,3
298.6974182128906,214.05316162109375,313.7498474121094,227.29644775390625,0.08999571949243546,8
