xmin,ymin,xmax,ymax,score,label
299.6152648925781,215.36354064941406,315.4351501464844,227.87689208984375,0.9144220352172852,3
299.46978759765625,214.76397705078125,315.9883728027344,228.04249572753906,0.1026756688952446,8
286.0540771484375,210.38597106933594,301.1773681640625,221.53395080566406,0.08235020190477371,3
