xmin,ymin,xmax,ymax,score,label
302.8160400390625,215.19842529296875,318.74212646484375,229.7533416748047,0.8827698826789856,3
302.49957275390625,215.2095184326172,318.4787902832031,229.25770568847656,0.16673268377780914,8
304.8247985839844,220.2895965576172,318.05377197265625,228.56483459472656,0.08910434693098068,3
285.8970031738281,210.2934112548828,301.8949279785156,221.005126953125,0.07314642518758774,3
