xmin,ymin,xmax,ymax,score,label
304.0921936035156,215.45848083496094,321.5738220214844,230.90191650390625,0.7988048791885376,3
304.31884765625,215.6846160888672,321.2337341308594,230.73753356933594,0.2860443592071533,8
