xmin,ymin,xmax,ymax,score,label
306.3912048339844,217.04454040527344,323.7934875488281,231.75050354003906,0.578866183757782,3
307.0198669433594,216.83255004882812,323.8923645019531,231.7141876220703,0.5544372797012329,8
235.15724182128906,197.88369750976562,247.6554412841797,212.42388916015625,0.06258609145879745,3
