xmin,ymin,xmax,ymax,score,label
309.5687255859375,217.80516052246094,327.6953430175781,234.0155487060547,0.8863579034805298,3
309.268798828125,217.67091369628906,327.923095703125,233.25282287597656,0.14080481231212616,8
