xmin,ymin,xmax,ymax,score,label
311.32843017578125,219.78810119628906,331.43328857421875,235.3092803955078,0.7680417895317078,3
310.9500732421875,218.78369140625,331.3121032714844,235.44569396972656,0.3079270124435425,8
236.8111114501953,198.64024353027344,246.75714111328125,211.22215270996094,0.05523303896188736,3
