xmin,ymin,xmax,ymax,score,label
314.61322021484375,220.75904846191406,335.0467224121094,237.04136657714844,0.8893182277679443,3
313.5611877441406,220.30970764160156,334.7757873535156,236.9168243408203,0.14268827438354492,8
