xmin,ymin,xmax,ymax,score,label
316.18011474609375,221.40512084960938,339.32183837890625,239.34556579589844,0.868098258972168,3
317.91033935546875,221.39710998535156,339.2159729003906,239.16885375976562,0.20158718526363373,8
