xmin,ymin,xmax,ymax,score,label
319.09625244140625,222.71856689453125,343.6477966308594,241.2328338623047,0.7333238124847412,3
319.55810546875,222.1903533935547,343.7254943847656,241.35057067871094,0.3741740584373474,8
