xmin,ymin,xmax,ymax,score,label
323.127685546875,223.51502990722656,348.0647277832031,243.13067626953125,0.9802125692367554,3
