xmin,ymin,xmax,ymax,score,label
326.83062744140625,225.4537811279297,352.0031433105469,245.79859924316406,0.9801129102706909,3
295.96173095703125,238.25494384765625,317.68109130859375,255.46531677246094,0.10077554732561111,3
