xmin,ymin,xmax,ymax,score,label
330.5709228515625,227.1552276611328,357.8210754394531,247.41749572753906,0.9803153276443481,3
296.21124267578125,238.75413513183594,318.415771484375,255.27362060546875,0.19033940136432648,3
