xmin,ymin,xmax,ymax,score,label
336.37957763671875,229.16275024414062,363.5614318847656,250.34237670898438,0.9821614027023315,3
296.6700134277344,238.88201904296875,318.2781677246094,255.02694702148438,0.11385779082775116,3
