xmin,ymin,xmax,ymax,score,label
345.2055969238281,232.14967346191406,375.9458923339844,256.75897216796875,0.9562745690345764,3
341.6793212890625,232.06607055664062,376.4750061035156,257.30169677734375,0.08056977391242981,8
