xmin,ymin,xmax,ymax,score,label
349.931396484375,234.28672790527344,383.89202880859375,260.4053039550781,0.9846921563148499,3
357.2888488769531,235.4667205810547,381.9584045410156,253.38929748535156,0.07774906605482101,3
353.31231689453125,235.06336975097656,367.32879638671875,254.1255340576172,0.06269507110118866,1
