xmin,ymin,xmax,ymax,score,label
356.3239440917969,238.6864776611328,392.3990783691406,265.5900573730469,0.9087730050086975,3
353.3733215332031,237.11886596679688,392.5323486328125,264.367919921875,0.17034435272216797,8
359.5699462890625,238.55845642089844,372.5188293457031,257.46746826171875,0.07533317804336548,1
349.63824462890625,249.7779541015625,389.543701171875,264.92144775390625,0.05388277769088745,3
