xmin,ymin,xmax,ymax,score,label
363.05108642578125,240.26144409179688,402.14642333984375,270.224365234375,0.9786983728408813,3
357.9041442871094,239.47097778320312,402.7647399902344,267.7583923339844,0.08400417119264603,8
