xmin,ymin,xmax,ymax,score,label
370.0949401855469,243.18479919433594,413.6203308105469,275.9374694824219,0.9904388785362244,3
364.0002746582031,257.54998779296875,408.9917907714844,275.8846435546875,0.06158176437020302,3
