xmin,ymin,xmax,ymax,score,label
380.2367858886719,245.9005126953125,425.0631103515625,282.8895263671875,0.9412735104560852,3
378.112548828125,246.37449645996094,426.114990234375,283.21209716796875,0.13455605506896973,8
