xmin,ymin,xmax,ymax,score,label
390.302978515625,250.69740295410156,439.5849609375,290.1356201171875,0.9848971366882324,3
