xmin,ymin,xmax,ymax,score,label
402.3811950683594,255.70533752441406,458.2836608886719,299.7353820800781,0.9754366874694824,3
396.77911376953125,256.4019470214844,459.5575866699219,299.64910888671875,0.07730358093976974,8
