xmin,ymin,xmax,ymax,score,label
414.2836608886719,263.3282775878906,477.24237060546875,308.5633850097656,0.9949217438697815,3
