xmin,ymin,xmax,ymax,score,label
429.3719482421875,270.17919921875,501.6880187988281,319.463134765625,0.9845095276832581,3
